MÃ SẢN PHẨM,TÊN SẢN PHẨM,HÃNG,DANH MỤC,GIÁ GỐC,TỒN KHO
06330K94305,BỘ ĐÈN PHA TRƯỚC,HONDA,Phụ tùng Honda tiêu chuẩn,4.282.000 ₫,1
06410KEV900,Cao su giảm chấn bánh xe,HONDA,Phụ tùng Honda tiêu chuẩn,102.000 ₫,1
06410KFL850,Cao su giảm chấn bánh xe,HONDA,Phụ tùng Honda tiêu chuẩn,37.000 ₫,1
06410KSP900,Cao su giảm chấn bánh xe,HONDA,Phụ tùng Honda tiêu chuẩn,93.000 ₫,1
06410KWB600,Cao su giảm chấn bánh xe,HONDA,Phụ tùng Honda tiêu chuẩn,39.000 ₫,2
06430GCE305,Bộ má phanh,HONDA,Má phanh,90.000 ₫,13
06430KPH900,Bộ má phanh,HONDA,Má phanh,90.000 ₫,18
06430KWN900,Bộ má phanh,HONDA,Má phanh,187.000 ₫,24
06431MA3405,Bộ gioăng piston ngàm phanh,HONDA,Phụ tùng Honda tiêu chuẩn,34.000 ₫,1
06435K01902,Bộ má phanh dầu sau,HONDA,Má phanh,446.000 ₫,1
06435K0RV01,Bộ má phanh dầu sau,HONDA,Má phanh,570.000 ₫,1
06435K40F11,Bộ má phanh sau,HONDA,Má phanh,444.000 ₫,1
06435K56N01,Bộ má phanh dầu sau,HONDA,Má phanh,256.000 ₫,1
06435KPPT01,Bộ má phanh dầu sau,HONDA,Má phanh,444.000 ₫,1
6451961405,Bộ gioăng piston ngàm phanh Wave110,HONDA,Phụ tùng Honda tiêu chuẩn,28.000 ₫,1
06451GE2405,Bộ gioăng piston ngàm phanh,HONDA,Phụ tùng Honda tiêu chuẩn,39.000 ₫,2
06455GCC930,Bộ má phanh,HONDA,Má phanh,367.000 ₫,3
06455GCS026,Bộ má phanh dầu trước,HONDA,Má phanh,224.000 ₫,1
06455K01902,Bộ má phanh,HONDA,Má phanh,472.000 ₫,1
06455K0RV01,Bộ má phanh trước,HONDA,Má phanh,512.000 ₫,5
06455K20911,Bộ má phanh,HONDA,Má phanh,345.000 ₫,3
06455K31902,Bộ má phanh trước,HONDA,Má phanh,512.000 ₫,1
06455K40F12,Má phanh trước,HONDA,Má phanh,472.000 ₫,2
06455K59A71,Bộ má phanh dầu trước,HONDA,Má phanh,302.000 ₫,1
06455KPH952,Bộ má phanh dầu,HONDA,Má phanh,329.000 ₫,2
06455KPY933,Bộ má phanh dầu,HONDA,Má phanh,164.000 ₫,1
06455KREK02,Bộ má phanh dầu trước,HONDA,Má phanh,310.000 ₫,1
06455KVB951,Bộ má phanh dầu trước,HONDA,Má phanh,173.000 ₫,1
06455KVBT01,Bộ má phanh dầu trước,HONDA,Má phanh,133.000 ₫,6
06455KWB601,Bộ má phanh dầu,HONDA,Má phanh,158.000 ₫,7
06455KZL931,Bộ má phanh,HONDA,Má phanh,333.000 ₫,2
08203M0004ZT1,"Dầu phanh Seiken DOT 4 - lon 0,2 lit",HONDA,Dầu nhớt,71.000 ₫,31
082322MAK8LV1,Dầu nhớt SL đa cấp 0.8L,HONDA,Dầu nhớt,116.000 ₫,67
082322MAK9LV1,Dầu nhớt SL cho động cơ xe số 1.2L,HONDA,Dầu nhớt,170.000 ₫,1
082322MBK0L11,Chai dầu nhờn xe ga SL 10W-30 MB 0.7L,HONDA,Dầu nhớt,119.000 ₫,1
082322MBK8L11,CHAI DẦU NHỜN XE GA SL 10W-30 MB 0.8L,HONDA,Dầu nhớt,137.000 ₫,55
082342MAK1LV1,Dầu nhớt SL cho động cơ PKL 1.2L,HONDA,Dầu nhớt,370.000 ₫,3
08290M9900ZT9,Dầu giảm xóc 0.2L,HONDA,Dầu nhớt,50.000 ₫,90
08C70M99Z8YB9,Keo tạo gioăng sám mặt máy,HONDA,DD vệ sinh,117.000 ₫,1
08CBCM99Z8YB9,Chất tẩy rửa đa dụng,HONDA,DD vệ sinh,119.000 ₫,12
08CLAM0005YV6,Nước làm mát Seiken H550 (30%),HONDA,Nước làm mát,45.000 ₫,35
08CMCHIC60PCS,Nước rửa kim phun xăng 60ml,HONDA,DD vệ sinh,68.000 ₫,2
08CTBM99Z8YB9,Chất bảo dưỡng phá rỉ sét,HONDA,DD vệ sinh,105.000 ₫,4
08FHJCN7WHXXL,MBH NEX 70 TRẮNG XXL,HONDA,Mũ Bảo hiểm,1.409.000 ₫,1
08HIKPROBLKL,MŨ HIWAY CÓ KÍNH CÓ KÍNH ĐEN L,HONDA,Mũ Bảo hiểm,233.000 ₫,2
08HIKPROBLKXL,MŨ HIWAY CÓ KÍNH ĐEN XL,HONDA,Mũ Bảo hiểm,233.000 ₫,8
08HIKPRONBLL,MŨ HIWAY CÓ KÍNH XANH NAVY L,HONDA,Mũ Bảo hiểm,233.000 ₫,8
08HIWPROBEIL,Mũ Hiway Tiêu chuẩn Be L,HONDA,Mũ Bảo hiểm,185.000 ₫,2
08HIWPROBLKL,Mũ Hiway Tiêu chuẩn Đen L,HONDA,Mũ Bảo hiểm,175.000 ₫,2
08HIWPRONBLL,MŨ HIWAY TIÊU CHUẨN XANH NAVY L,HONDA,Mũ Bảo hiểm,185.000 ₫,1
08JEFROYBLKXL,Mũ Jet Thời trang đen XL,HONDA,Mũ Bảo hiểm,406.000 ₫,2
08JEFROYGREXL,Mũ Jet Thời trang xám XL,HONDA,Mũ Bảo hiểm,406.000 ₫,3
08JEFROYWHIXL,Mũ Jet Thời trang trắng XL,HONDA,Mũ Bảo hiểm,406.000 ₫,2
08JEMROYBEIXL,MŨ JET CAO CẤP BE XL,HONDA,Mũ Bảo hiểm,536.000 ₫,2
08MATCHIWBECXL,Mũ Matt kính xanh 20 XXL,HONDA,Mũ Bảo hiểm,1.622.000 ₫,1
08OHJCN3BLL,MBH NEX 30 ĐEN L,HONDA,Mũ Bảo hiểm,862.000 ₫,2
08OHJCN3WHL,MBH NEX 30 TRẮNG L,HONDA,Mũ Bảo hiểm,862.000 ₫,4
08WSDPROTRA1PC,Kính Mũ TECHNO,HONDA,Mũ Bảo hiểm,76.000 ₫,5
11100GB6911,Thân máy phải,HONDA,Phụ tùng Honda tiêu chuẩn,781.000 ₫,1
11100K2CV00,Thân máy phải,HONDA,Phụ tùng Honda tiêu chuẩn,807.000 ₫,1
11100K2CVJ0,THÂN MÁY PHẢI,HONDA,Phụ tùng Honda tiêu chuẩn,807.000 ₫,1
11100K56305,Thân máy phải,HONDA,Phụ tùng Honda tiêu chuẩn,3.823.000 ₫,1
11100KWB600,Thân máy phải,HONDA,Phụ tùng Honda tiêu chuẩn,709.000 ₫,1
11100KWW740,Thân máy phải,HONDA,Phụ tùng Honda tiêu chuẩn,747.000 ₫,2
11100KZL930,Thân máy phải,HONDA,Phụ tùng Honda tiêu chuẩn,1.186.000 ₫,1
11191GB4000,Gioăng thân máy,HONDA,Phụ tùng Honda tiêu chuẩn,50.000 ₫,2
11191KFM902,Gioăng thân máy,HONDA,Phụ tùng Honda tiêu chuẩn,36.000 ₫,6
11200K44V00,Thân máy trái,HONDA,Phụ tùng Honda tiêu chuẩn,1.588.000 ₫,1
11200KFV951,Thân máy trái,HONDA,Phụ tùng Honda tiêu chuẩn,556.000 ₫,1
11200KWN901,Thân máy trái,HONDA,Phụ tùng Honda tiêu chuẩn,4.080.000 ₫,1
11200KWW740,Thân máy trái,HONDA,Phụ tùng Honda tiêu chuẩn,938.000 ₫,1
11211K1NV00,ỐNG THÔNG HƠI,HONDA,Phụ tùng Honda tiêu chuẩn,17.000 ₫,1
11215KPH900,CHỐT ĐẨY VÒNG BI,HONDA,Phụ tùng Honda tiêu chuẩn,21.000 ₫,1
11216KPH900,LÒ XO ĐẨY VÒNG BI,HONDA,Phụ tùng Honda tiêu chuẩn,8.000 ₫,1
11330K57V00,Nắp máy phải,HONDA,Phụ tùng Honda tiêu chuẩn,462.000 ₫,1
11330KEV900,Nắp máy phải,HONDA,Phụ tùng Honda tiêu chuẩn,546.000 ₫,1
11340K12900,Nắp máy trái,HONDA,Phụ tùng Honda tiêu chuẩn,613.000 ₫,1
11340K2TV00,Nắp máy trái,HONDA,Phụ tùng Honda tiêu chuẩn,538.000 ₫,1
11340K44D00,Nắp máy bên trái,HONDA,Phụ tùng Honda tiêu chuẩn,989.000 ₫,1
11340K44V50,Nắp máy trái,HONDA,Phụ tùng Honda tiêu chuẩn,989.000 ₫,1
11341K0SV50,NẮP MÁI TRÁI,HONDA,Phụ tùng Honda tiêu chuẩn,1.134.000 ₫,1
11341K1FV00,Nắp máy trái,HONDA,Phụ tùng Honda tiêu chuẩn,760.000 ₫,1
11341K1NV00,Nắp máy trái,HONDA,Phụ tùng Honda tiêu chuẩn,766.000 ₫,1
11341K2CV00,Nắp máy trái,HONDA,Phụ tùng Honda tiêu chuẩn,829.000 ₫,1
11341K2CV10,Nắp máy trái,HONDA,Phụ tùng Honda tiêu chuẩn,829.000 ₫,1
11341K56N00,Nắp máy trái,HONDA,Phụ tùng Honda tiêu chuẩn,1.179.000 ₫,1
11341K66V00,Nắp máy trái,HONDA,Phụ tùng Honda tiêu chuẩn,851.000 ₫,1
11341K66V10,Nắp máy trái,HONDA,Phụ tùng Honda tiêu chuẩn,817.000 ₫,1
11341KFL710,Nắp máy trái,HONDA,Phụ tùng Honda tiêu chuẩn,285.000 ₫,1
11341KTL670,Nắp máy trái,HONDA,Phụ tùng Honda tiêu chuẩn,272.000 ₫,1
11341KWB600,Nắp máy trái,HONDA,Phụ tùng Honda tiêu chuẩn,285.000 ₫,1
11341KWN780,Nắp máy trái,HONDA,Phụ tùng Honda tiêu chuẩn,855.000 ₫,1
11341KWW710,Nắp máy trái,HONDA,Phụ tùng Honda tiêu chuẩn,324.000 ₫,1
11341KZR601,Nắp máy trái,HONDA,Phụ tùng Honda tiêu chuẩn,732.000 ₫,1
11341KZR701,Nắp máy trái,HONDA,Phụ tùng Honda tiêu chuẩn,931.000 ₫,1
11343KVG900,ống xả cặn,HONDA,Phụ tùng Honda tiêu chuẩn,8.000 ₫,1
11350KVB900,Bộ ốp kiểm soát gió,HONDA,Phụ tùng Honda tiêu chuẩn,67.000 ₫,1
11360K56N10,Nắp máy trái sau,HONDA,Phụ tùng Honda tiêu chuẩn,116.000 ₫,1
11360K89V00,Nắp máy trái sau,HONDA,Phụ tùng Honda tiêu chuẩn,101.000 ₫,1
11360KFV950,Nắp máy trái sau,HONDA,Phụ tùng Honda tiêu chuẩn,153.000 ₫,1
11360KTL670,Nắp máy trái sau,HONDA,Phụ tùng Honda tiêu chuẩn,124.000 ₫,2
11360KTL680,Nắp máy trái sau,HONDA,Phụ tùng Honda tiêu chuẩn,124.000 ₫,4
11360KWWB20,NẮP MÁY TRÁI SAU,HONDA,Phụ tùng Honda tiêu chuẩn,130.000 ₫,1
11361KVRV10,Nắp máy trái sau,HONDA,Phụ tùng Honda tiêu chuẩn,62.000 ₫,1
11363KWN900,Gioăng đế cuộn phát điện,HONDA,Phụ tùng Honda tiêu chuẩn,21.000 ₫,1
11370KEV900,Nắp chắn nhiệt phải,HONDA,Phụ tùng Honda tiêu chuẩn,36.000 ₫,1
11370KFL710,Nắp chắn nhiệt phải,HONDA,Phụ tùng Honda tiêu chuẩn,34.000 ₫,1
11370KFV670,Nắp chắn nhiệt phải,HONDA,Phụ tùng Honda tiêu chuẩn,67.000 ₫,1
11370KPH900,Nắp chắn nhiệt phải,HONDA,Phụ tùng Honda tiêu chuẩn,87.000 ₫,1
11370KRS600,Nắp chắn nhiệt phải,HONDA,Phụ tùng Honda tiêu chuẩn,30.000 ₫,1
11370KTL670,Nắp chắn nhiệt phải,HONDA,Phụ tùng Honda tiêu chuẩn,41.000 ₫,2
11370KTM970,Nắp chắn nhiệt phải,HONDA,Phụ tùng Honda tiêu chuẩn,50.000 ₫,1
11370KYZG00,Nắp chắn nhiệt phải,HONDA,Phụ tùng Honda tiêu chuẩn,54.000 ₫,1
11370KYZV00,Nắp chắn nhiệt phải,HONDA,Phụ tùng Honda tiêu chuẩn,68.000 ₫,1
11394035010,Gioăng nắp máy phải,HONDA,Phụ tùng Honda tiêu chuẩn,44.000 ₫,1
11394K56V50,Gioăng nắp máy phải,HONDA,Phụ tùng Honda tiêu chuẩn,111.000 ₫,1
11394KFL852,Gioăng nắp máy phải,HONDA,Phụ tùng Honda tiêu chuẩn,48.000 ₫,1
11394KPH901,Gioăng nắp máy phải,HONDA,Phụ tùng Honda tiêu chuẩn,53.000 ₫,1
11394KYZ900,Gioăng nắp máy phải,HONDA,Phụ tùng Honda tiêu chuẩn,48.000 ₫,1
11395GB4780,Gioăng nắp máy trái,HONDA,Phụ tùng Honda tiêu chuẩn,31.000 ₫,4
11395GBJ731,Gioăng nắp máy trái,HONDA,Phụ tùng Honda tiêu chuẩn,30.000 ₫,1
11395GGC900,Gioăng nắp máy bên trái,HONDA,Phụ tùng Honda tiêu chuẩn,88.000 ₫,1
11395K01900,Gioăng nắp máy trái,HONDA,Phụ tùng Honda tiêu chuẩn,107.000 ₫,1
11395K0RV01,Gioăng nắp máy trái,HONDA,Phụ tùng Honda tiêu chuẩn,96.000 ₫,1
11395K12900,Gioăng nắp máy bên trái,HONDA,Phụ tùng Honda tiêu chuẩn,62.000 ₫,1
11395K1FV01,Gioăng nắp máy trái,HONDA,Phụ tùng Honda tiêu chuẩn,73.000 ₫,1
11395K2CV02,Gioăng nắp máy bên trái,HONDA,Phụ tùng Honda tiêu chuẩn,70.000 ₫,2
11395K44V80,Gioăng nắp máy bên trái,HONDA,Phụ tùng Honda tiêu chuẩn,82.000 ₫,1
11395K56V50,Gioăng nắp máy trái,HONDA,Phụ tùng Honda tiêu chuẩn,61.000 ₫,1
11395KPH901,Gioăng nắp máy trái,HONDA,Phụ tùng Honda tiêu chuẩn,25.000 ₫,1
11395KVB901,Gioăng nắp máy bên trái,HONDA,Phụ tùng Honda tiêu chuẩn,91.000 ₫,1
11395KVY901,Gioăng nắp máy bên trái,HONDA,Phụ tùng Honda tiêu chuẩn,90.000 ₫,1
11395KZR600,Gioăng nắp máy trái,HONDA,Phụ tùng Honda tiêu chuẩn,81.000 ₫,1
12010K56N00,Cụm đầu quy lát,HONDA,Phụ tùng Honda tiêu chuẩn,6.371.000 ₫,1
12010K77V00,Cụm đầu quy lát,HONDA,Phụ tùng Honda tiêu chuẩn,831.000 ₫,1
12100GGE900,Xylanh,HONDA,Phụ tùng Honda tiêu chuẩn,920.000 ₫,1
12100K03H10,Xy lanh,HONDA,Phụ tùng Honda tiêu chuẩn,824.000 ₫,1
12100K0RV00,Cụm đầu xy lanh,HONDA,Phụ tùng Honda tiêu chuẩn,1.274.000 ₫,1
12100K1ZJ50,Xy lanh,HONDA,Phụ tùng Honda tiêu chuẩn,1.311.000 ₫,1
12100K56N00,Xy lanh,HONDA,Phụ tùng Honda tiêu chuẩn,1.511.000 ₫,2
12100KFM900,Xylanh,HONDA,Phụ tùng Honda tiêu chuẩn,726.000 ₫,1
12100KPH970,Xy lanh,HONDA,Phụ tùng Honda tiêu chuẩn,2.725.000 ₫,1
12100KTM970,Xy lanh,HONDA,Phụ tùng Honda tiêu chuẩn,975.000 ₫,1
12100KVB900,Xylanh,HONDA,Phụ tùng Honda tiêu chuẩn,1.100.000 ₫,1
12100KVBT00,Xy lanh,HONDA,Phụ tùng Honda tiêu chuẩn,949.000 ₫,1
12100KVL930,Xylanh,HONDA,Phụ tùng Honda tiêu chuẩn,1.682.000 ₫,1
12100KWB920,Xy lanh,HONDA,Phụ tùng Honda tiêu chuẩn,533.000 ₫,1
12100KWN900,Xylanh,HONDA,Phụ tùng Honda tiêu chuẩn,2.221.000 ₫,1
12100KYZ710,Xylanh,HONDA,Phụ tùng Honda tiêu chuẩn,764.000 ₫,1
12100KYZ900,Xylanh,HONDA,Phụ tùng Honda tiêu chuẩn,860.000 ₫,1
12100KZL930,Xylanh,HONDA,Phụ tùng Honda tiêu chuẩn,934.000 ₫,1
12100KZR600,Xy lanh,HONDA,Phụ tùng Honda tiêu chuẩn,995.000 ₫,2
12100KZY701,Xy lanh,HONDA,Phụ tùng Honda tiêu chuẩn,1.112.000 ₫,1
12191GF6004,Gioăng chân xy lanh,HONDA,Phụ tùng Honda tiêu chuẩn,48.000 ₫,1
12191GFM901,Giăng chân xylanh,HONDA,Phụ tùng Honda tiêu chuẩn,33.000 ₫,1
12191GGC900,Gioăng chân xylanh,HONDA,Phụ tùng Honda tiêu chuẩn,33.000 ₫,1
12191K1NV01,Gioăng xy lanh,HONDA,Phụ tùng Honda tiêu chuẩn,21.000 ₫,6
12191K44V00,Gioăng xy lanh,HONDA,Phụ tùng Honda tiêu chuẩn,31.000 ₫,1
12191K44V80,Gioăng chân xy lanh,HONDA,Phụ tùng Honda tiêu chuẩn,31.000 ₫,1
12191K56N01,Gioăng xy lanh,HONDA,Phụ tùng Honda tiêu chuẩn,242.000 ₫,1
12191K97T01,Gioăng xy lanh,HONDA,Phụ tùng Honda tiêu chuẩn,22.000 ₫,1
12191KFL852,Gioăng chân xy lanh,HONDA,Phụ tùng Honda tiêu chuẩn,25.000 ₫,2
12191KWB920,Gioăng chân xy lanh,HONDA,Phụ tùng Honda tiêu chuẩn,25.000 ₫,1
12191KYZ900,Gioăng chân xylanh,HONDA,Phụ tùng Honda tiêu chuẩn,21.000 ₫,3
12191KZR600,Gioăng xy lanh,HONDA,Phụ tùng Honda tiêu chuẩn,27.000 ₫,2
12195KFL850,Cao su chống rung A,HONDA,Phụ tùng Honda tiêu chuẩn,10.000 ₫,1
12196KFM900,Cao su chống rung B,HONDA,Phụ tùng Honda tiêu chuẩn,8.000 ₫,1
12200K3AV00,CỤM ĐẦU QUYLÁT,HONDA,Phụ tùng Honda tiêu chuẩn,1.263.000 ₫,1
12200KVB900,Đầu quy lát,HONDA,Phụ tùng Honda tiêu chuẩn,2.555.000 ₫,1
12200KVBT00,Đầu quy lát,HONDA,Phụ tùng Honda tiêu chuẩn,2.107.000 ₫,1
12200KYZ711,Cụm đầu quy lát,HONDA,Phụ tùng Honda tiêu chuẩn,1.038.000 ₫,1
12206KZR600,Cụm đầu nối ống nước,HONDA,Phụ tùng Honda tiêu chuẩn,98.000 ₫,1
12207KWN900,Phớt O 15.4X2,HONDA,Phụ tùng Honda tiêu chuẩn,10.000 ₫,1
12209GB4681,Phớt chắn dầu thân xu páp,HONDA,Phụ tùng Honda tiêu chuẩn,17.000 ₫,36
12209GB4682,Phớt chắn dầu thân xu páp,HONDA,Phụ tùng Honda tiêu chuẩn,17.000 ₫,1
12209K56N01,Phớt chắn dầu thân xu páp,HONDA,Phụ tùng Honda tiêu chuẩn,31.000 ₫,9
12250GF6000,Gioăng đầu xy lanh,HONDA,Phụ tùng Honda tiêu chuẩn,211.000 ₫,1
12251GGC901,Gioăng đầu xylanh,HONDA,Phụ tùng Honda tiêu chuẩn,36.000 ₫,1
12251K12901,Gioăng đầu quilát,HONDA,Phụ tùng Honda tiêu chuẩn,39.000 ₫,1
12251K1NV01,Gioăng đầu quilát,HONDA,Phụ tùng Honda tiêu chuẩn,39.000 ₫,2
12251K56N02,Gioăng đầu qui lát,HONDA,Phụ tùng Honda tiêu chuẩn,62.000 ₫,2
12251K78V01,Gioăng đầu xy lanh,HONDA,Phụ tùng Honda tiêu chuẩn,82.000 ₫,1
12251K97T01,Gioăng đầu xy lanh,HONDA,Phụ tùng Honda tiêu chuẩn,45.000 ₫,1
12251KFL851,Gioăng đầu xylanh,HONDA,Phụ tùng Honda tiêu chuẩn,33.000 ₫,1
12251KPH901,Gioăng đầu xylanh,HONDA,Phụ tùng Honda tiêu chuẩn,39.000 ₫,1
12251KVB902,Gioăng đầu xy lanh,HONDA,Phụ tùng Honda tiêu chuẩn,111.000 ₫,1
12251KWB601,Gioăng đầu xy lanh,HONDA,Phụ tùng Honda tiêu chuẩn,25.000 ₫,1
12251KYZ901,Gioăng đầu xylanh,HONDA,Phụ tùng Honda tiêu chuẩn,34.000 ₫,1
12251KZR601,Gioăng đầu quilát,HONDA,Phụ tùng Honda tiêu chuẩn,82.000 ₫,1
12252KWN900,"Gioăng đầu xylanh (0.75,1.0)",HONDA,Phụ tùng Honda tiêu chuẩn,168.000 ₫,1
12301GB6911,Nắp đầu quylát,HONDA,Phụ tùng Honda tiêu chuẩn,54.000 ₫,1
12310K27V00,Nắp đầu quy lát,HONDA,Phụ tùng Honda tiêu chuẩn,221.000 ₫,1
12310K66V00,Nắp đầu qui lát,HONDA,Phụ tùng Honda tiêu chuẩn,182.000 ₫,1
12310KWW740,Nắp đầu qui lát,HONDA,Phụ tùng Honda tiêu chuẩn,121.000 ₫,1
12310KZR700,NẮP ĐẦU QUY LÁT,HONDA,Phụ tùng Honda tiêu chuẩn,248.000 ₫,1
12331KFL850,Nắp đầu quylát phải,HONDA,Phụ tùng Honda tiêu chuẩn,51.000 ₫,1
12341KFL850,Nắp đầu quylát trái,HONDA,Phụ tùng Honda tiêu chuẩn,48.000 ₫,1
12361035001,Nắp lỗ điều chỉnh xu páp,HONDA,Phụ tùng Honda tiêu chuẩn,22.000 ₫,1
12361KPH900,Nắp lỗ điều chỉnh xu páp,HONDA,Phụ tùng Honda tiêu chuẩn,27.000 ₫,2
12391GFM970,Gioăng nắp đầu quy lát,HONDA,Phụ tùng Honda tiêu chuẩn,68.000 ₫,1
12391GGC900,Gioăng nắp đầu quy lát,HONDA,Phụ tùng Honda tiêu chuẩn,68.000 ₫,1
12391K44V00,Gioăng nắp đầu quy lát,HONDA,Phụ tùng Honda tiêu chuẩn,70.000 ₫,1
12391K44V81,Gioăng nắp đầu quy lát,HONDA,Phụ tùng Honda tiêu chuẩn,70.000 ₫,2
12391KVB900,Gioăng nắp đầu quy lát,HONDA,Phụ tùng Honda tiêu chuẩn,70.000 ₫,1
12391KVY900,Gioăng nắp đầu quy lát,HONDA,Phụ tùng Honda tiêu chuẩn,64.000 ₫,1
12391KWW600,Gioăng nắp đầu quy lát,HONDA,Phụ tùng Honda tiêu chuẩn,341.000 ₫,1
12391KWWA81,Gioăng nắp đầu quy lát,HONDA,Phụ tùng Honda tiêu chuẩn,134.000 ₫,1
12391KZR600,Gioăng nắp đầu quy lát,HONDA,Phụ tùng Honda tiêu chuẩn,181.000 ₫,1
12395KFL852,Gioăng nắp đầu quy lát trái,HONDA,Phụ tùng Honda tiêu chuẩn,17.000 ₫,1
12395KPH901,Gioăng nắp đầu quylát trái,HONDA,Phụ tùng Honda tiêu chuẩn,21.000 ₫,1
13000GGE940,Trục khuỷu,HONDA,Phụ tùng Honda tiêu chuẩn,2.197.000 ₫,1
13000K03H10,Trục khuỷu,HONDA,Phụ tùng Honda tiêu chuẩn,1.340.000 ₫,1
13000K0RV00,Trục khuỷu,HONDA,Phụ tùng Honda tiêu chuẩn,2.181.000 ₫,1
13000K0SV00,TRỤC KHUỶU,HONDA,Phụ tùng Honda tiêu chuẩn,2.209.000 ₫,1
13000K44V40,Trục khuỷu,HONDA,Phụ tùng Honda tiêu chuẩn,1.216.000 ₫,1
13000K66VE0,Trục khuỷu,HONDA,Phụ tùng Honda tiêu chuẩn,1.593.000 ₫,2
13000K73T30,Trục khuỷu,HONDA,Phụ tùng Honda tiêu chuẩn,1.673.000 ₫,1
13000KPH900,Trục khuỷu,HONDA,Phụ tùng Honda tiêu chuẩn,2.532.000 ₫,1
13000KTL740,Trục khuỷu,HONDA,Phụ tùng Honda tiêu chuẩn,2.398.000 ₫,1
13000KVBS50,Trục khuỷu,HONDA,Phụ tùng Honda tiêu chuẩn,2.127.000 ₫,1
13000KWB601,Trục khuỷu,HONDA,Phụ tùng Honda tiêu chuẩn,1.788.000 ₫,1
13000KWN900,Trục khuỷu,HONDA,Phụ tùng Honda tiêu chuẩn,4.061.000 ₫,1
13000KWW740,Trục khuỷu,HONDA,Phụ tùng Honda tiêu chuẩn,1.645.000 ₫,1
13000KYZ901,Trục khuỷu,HONDA,Phụ tùng Honda tiêu chuẩn,1.916.000 ₫,1
13000KZLE00,Trục khuỷu,HONDA,Phụ tùng Honda tiêu chuẩn,2.349.000 ₫,1
13011GCC309,Bộ xéc măng tiêu chuẩn (0.00),HONDA,Phụ tùng Honda tiêu chuẩn,358.000 ₫,1
13011GCCB50,Bộ xéc măng tiêu chuẩn (0.00),HONDA,Phụ tùng Honda tiêu chuẩn,775.000 ₫,1
13011K03306,Bộ xéc măng tiêu chuẩn (0.00),HONDA,Phụ tùng Honda tiêu chuẩn,208.000 ₫,2
13011K0S305,Bộ xéc măng tiêu chuẩn,HONDA,Phụ tùng Honda tiêu chuẩn,227.000 ₫,1
13011K1N305,Bộ xéc măng tiêu chuẩn,HONDA,Phụ tùng Honda tiêu chuẩn,219.000 ₫,1
13011K56N01,Bộ xéc măng tiêu chuẩn (0.00),HONDA,Phụ tùng Honda tiêu chuẩn,462.000 ₫,1
13011K81N00,Bộ xéc măng tiêu chuẩn (0.00),HONDA,Phụ tùng Honda tiêu chuẩn,304.000 ₫,1
13011KFL851,Bộ xéc măng tiêu chuẩn (0.00),HONDA,Phụ tùng Honda tiêu chuẩn,459.000 ₫,2
13011KFL852,Bộ xéc măng tiêu chuẩn (0.00),HONDA,Phụ tùng Honda tiêu chuẩn,746.000 ₫,1
13011KPH881,"Bộ xéc măng tiêu chuẩn (0,00)",HONDA,Phụ tùng Honda tiêu chuẩn,943.000 ₫,1
13011KPH900,Bộ xéc măng tiêu chuẩn (0.00),HONDA,Phụ tùng Honda tiêu chuẩn,544.000 ₫,1
13011KWB305,Bộ xéc măng tiêu chuẩn (0.00),HONDA,Phụ tùng Honda tiêu chuẩn,310.000 ₫,1
13011KWN900,Bộ xéc măng tiêu chuẩn (0.00),HONDA,Phụ tùng Honda tiêu chuẩn,227.000 ₫,3
13011KWW740,Bộ xéc măng tiêu chuẩn (0.00),HONDA,Phụ tùng Honda tiêu chuẩn,256.000 ₫,1
13011KZY700,Bộ xéc măng tiêu chuẩn (0.00),HONDA,Phụ tùng Honda tiêu chuẩn,344.000 ₫,1
13012GCC309,Xéc măng cốt 1,HONDA,Phụ tùng Honda tiêu chuẩn,358.000 ₫,1
13012GCCB50,Xéc măng cốt 1,HONDA,Phụ tùng Honda tiêu chuẩn,817.000 ₫,1
13012KFL851,Bộ xéc măng cốt 1 (0.25),HONDA,Phụ tùng Honda tiêu chuẩn,464.000 ₫,1
13012KFL852,Bộ xéc măng cốt 1 (0.25),HONDA,Phụ tùng Honda tiêu chuẩn,730.000 ₫,1
13012KYZ900,Bộ xéc măng tiêu chuẩn (0.00),HONDA,Phụ tùng Honda tiêu chuẩn,385.000 ₫,1
13021K03306,Bộ xéc măng tiêu chuẩn (0.25),HONDA,Phụ tùng Honda tiêu chuẩn,208.000 ₫,2
13021K44V00,Bộ xéc măng (0.25),HONDA,Phụ tùng Honda tiêu chuẩn,313.000 ₫,1
13021K56N00,Bộ xéc măng cốt 1 (0.25),HONDA,Phụ tùng Honda tiêu chuẩn,740.000 ₫,1
13021K56N01,Bộ xéc măng cốt 1 (0.25),HONDA,Phụ tùng Honda tiêu chuẩn,462.000 ₫,1
13021K90V00,Bộ xéc măng cốt 1 (0.25),HONDA,Phụ tùng Honda tiêu chuẩn,127.000 ₫,1
13021KPH900,Bộ xéc măng cốt 1 (0.25),HONDA,Phụ tùng Honda tiêu chuẩn,523.000 ₫,1
13021KWB305,Bộ xéc măng cốt 1 (0.25),HONDA,Phụ tùng Honda tiêu chuẩn,324.000 ₫,1
13021KWN900,Bộ xéc măng cốt 1 (0.25),HONDA,Phụ tùng Honda tiêu chuẩn,231.000 ₫,1
13021KWW740,Bộ xéc măng cốt 1 (0.25),HONDA,Phụ tùng Honda tiêu chuẩn,256.000 ₫,1
13022KYZ900,Bộ xéc măng cốt 1 (0.25),HONDA,Phụ tùng Honda tiêu chuẩn,385.000 ₫,1
13031K90V00,Bộ xéc măng cốt 2 (0.50),HONDA,Phụ tùng Honda tiêu chuẩn,127.000 ₫,1
13101GFM900,Piston (tiêuchuẩn),HONDA,Phụ tùng Honda tiêu chuẩn,329.000 ₫,1
13101GN5505,Piston tiêu chuẩn (0.00),HONDA,Phụ tùng Honda tiêu chuẩn,478.000 ₫,1
13101K03H10,Pít tông tiêu chuẩn,HONDA,Phụ tùng Honda tiêu chuẩn,182.000 ₫,1
13101K0RV00,Bộ piston tiêu chuẩn,HONDA,Phụ tùng Honda tiêu chuẩn,389.000 ₫,1
13101K0SV00,Bộ piston tiêu chuẩn,HONDA,Phụ tùng Honda tiêu chuẩn,392.000 ₫,1
13101K44V00,Pít tông,HONDA,Phụ tùng Honda tiêu chuẩn,187.000 ₫,1
13101K56P00,Piston tiêu chuẩn,HONDA,Phụ tùng Honda tiêu chuẩn,697.000 ₫,1
13101K77V00,Piston tiêu chuẩn,HONDA,Phụ tùng Honda tiêu chuẩn,390.000 ₫,1
13101K78V00,Piston tiêu chuẩn,HONDA,Phụ tùng Honda tiêu chuẩn,435.000 ₫,1
13101KFV660,Piston tiêu chuẩn (0.00),HONDA,Phụ tùng Honda tiêu chuẩn,847.000 ₫,1
13101KPH881,Piston tiêu chuẩn (0.00),HONDA,Phụ tùng Honda tiêu chuẩn,710.000 ₫,1
13101KVB900,Piston(tiêu chuẩn),HONDA,Phụ tùng Honda tiêu chuẩn,917.000 ₫,1
13101KVBT00,Piston tiêu chuẩn (0.00),HONDA,Phụ tùng Honda tiêu chuẩn,891.000 ₫,1
13101KWB600,Piston tiêu chuẩn (0.00),HONDA,Phụ tùng Honda tiêu chuẩn,600.000 ₫,1
13101KWN902,Piston tiêu chuẩn (0.00),HONDA,Phụ tùng Honda tiêu chuẩn,560.000 ₫,1
13101KWW740,Piston tiêu chuẩn (0.00),HONDA,Phụ tùng Honda tiêu chuẩn,498.000 ₫,1
13101KYZ900,PISTON tiêu chuẩn (0.00),HONDA,Phụ tùng Honda tiêu chuẩn,683.000 ₫,1
13101KZL930,Piston tiêu chuẩn (0.00),HONDA,Phụ tùng Honda tiêu chuẩn,653.000 ₫,1
13102GCC000,Pít tông cốt 1,HONDA,Phụ tùng Honda tiêu chuẩn,750.000 ₫,1
13102GFM900,Piston(0.25) cốt 1,HONDA,Phụ tùng Honda tiêu chuẩn,426.000 ₫,1
13102GN5505,Piston cốt 1 (0.25),HONDA,Phụ tùng Honda tiêu chuẩn,459.000 ₫,1
13102K03H10,Pít tông (0.25),HONDA,Phụ tùng Honda tiêu chuẩn,182.000 ₫,2
13102K44V00,Pít tông (0.25),HONDA,Phụ tùng Honda tiêu chuẩn,187.000 ₫,1
13102K56P00,Piston cốt 1 (0.25),HONDA,Phụ tùng Honda tiêu chuẩn,586.000 ₫,1
13102KFL505,PISTON (0.25),HONDA,Phụ tùng Honda tiêu chuẩn,419.000 ₫,1
13102KFV660,Piston cốt 1 (0.25),HONDA,Phụ tùng Honda tiêu chuẩn,814.000 ₫,1
13102KTM305,Piston cốt 1 (0.25),HONDA,Phụ tùng Honda tiêu chuẩn,530.000 ₫,1
13102KVB900,Piston(0.25) cốt 1,HONDA,Phụ tùng Honda tiêu chuẩn,881.000 ₫,1
13102KVBT00,Piston cốt 1 (0.25),HONDA,Phụ tùng Honda tiêu chuẩn,891.000 ₫,1
13102KWB305,Piston cốt 1 (0.25),HONDA,Phụ tùng Honda tiêu chuẩn,600.000 ₫,1
13102KWN902,Piston cốt 1 (0.25),HONDA,Phụ tùng Honda tiêu chuẩn,686.000 ₫,1
13102KWW740,Piston cốt 1 (0.25),HONDA,Phụ tùng Honda tiêu chuẩn,498.000 ₫,1
13102KYZ901,Piston cốt 1 (0.25),HONDA,Phụ tùng Honda tiêu chuẩn,683.000 ₫,1
13102KZL930,Piston cốt 1 (0.25),HONDA,Phụ tùng Honda tiêu chuẩn,667.000 ₫,1
13103K03H10,Piston (0.5),HONDA,Phụ tùng Honda tiêu chuẩn,178.000 ₫,1
13111087000,Chốt piston,HONDA,Phụ tùng Honda tiêu chuẩn,17.000 ₫,4
13111K0JN00,Chốt piston,HONDA,Phụ tùng Honda tiêu chuẩn,33.000 ₫,1
13111K78V00,Chốt cài piston,HONDA,Phụ tùng Honda tiêu chuẩn,47.000 ₫,1
13111KWN900,Chốt piston,HONDA,Phụ tùng Honda tiêu chuẩn,30.000 ₫,2
13115GN5910,Phanh cài chốt pít tông 13MM,HONDA,Phụ tùng Honda tiêu chuẩn,5.000 ₫,2
13115KZY700,Phanh cài chốt pít tông 13MM,HONDA,Phụ tùng Honda tiêu chuẩn,7.000 ₫,1
13425KGH901,Cao su dầm cân bằng,HONDA,Phụ tùng Honda tiêu chuẩn,33.000 ₫,1
13427KPP860,Lò xo bánh răng cân bằng,HONDA,Phụ tùng Honda tiêu chuẩn,14.000 ₫,1
14100K44V00,Trục cam,HONDA,Phụ tùng Honda tiêu chuẩn,826.000 ₫,1
14100K77V00,Trục cam,HONDA,Phụ tùng Honda tiêu chuẩn,610.000 ₫,1
14100KFM901,Trục cam,HONDA,Phụ tùng Honda tiêu chuẩn,564.000 ₫,1
14100KVB900,Trục cam,HONDA,Phụ tùng Honda tiêu chuẩn,1.248.000 ₫,1
14100KVBT00,Trục cam,HONDA,Phụ tùng Honda tiêu chuẩn,1.326.000 ₫,1
14100KWW711,Truc cam,HONDA,Phụ tùng Honda tiêu chuẩn,871.000 ₫,1
14100KWW741,Trục cam,HONDA,Phụ tùng Honda tiêu chuẩn,849.000 ₫,1
14100KYZV02,Trục cam,HONDA,Phụ tùng Honda tiêu chuẩn,1.129.000 ₫,1
14100KZL930,Trục cam,HONDA,Phụ tùng Honda tiêu chuẩn,906.000 ₫,1
14102KVB900,Đối trọng cam giảm áp,HONDA,Phụ tùng Honda tiêu chuẩn,361.000 ₫,1
14107KVB900,Tấm bắt đối trọng,HONDA,Phụ tùng Honda tiêu chuẩn,13.000 ₫,1
14150GN5911,Tấm chặn cam giảm áp,HONDA,Phụ tùng Honda tiêu chuẩn,31.000 ₫,1
14321KFM900,Bánh răng cam (32răng),HONDA,Phụ tùng Honda tiêu chuẩn,28.000 ₫,1
14321KWW740,Bánh răng cam (32răng),HONDA,Phụ tùng Honda tiêu chuẩn,34.000 ₫,2
14401178003,Xích cam (84mắt),HONDA,Phụ tùng Honda tiêu chuẩn,539.000 ₫,1
14401K26B01,XÍCH CAM (RK-M 25),HONDA,Phụ tùng Honda tiêu chuẩn,245.000 ₫,1
14401K56N01,Xích cam 120 mắt,HONDA,Phụ tùng Honda tiêu chuẩn,695.000 ₫,1
14401K76T61,Xích cam (90mắt),HONDA,Phụ tùng Honda tiêu chuẩn,99.000 ₫,4
14401K97T01,Xích cam (92 mắt),HONDA,Phụ tùng Honda tiêu chuẩn,119.000 ₫,1
14401KFM900,Xích cam (88mắt),HONDA,Phụ tùng Honda tiêu chuẩn,36.000 ₫,1
14401KSS931,Xích cam (92 mắt),HONDA,Phụ tùng Honda tiêu chuẩn,382.000 ₫,1
14401KVB901,Xích cam (90 mắt),HONDA,Phụ tùng Honda tiêu chuẩn,242.000 ₫,1
1440A436003,Bộ giàn cam,HONDA,Phụ tùng Honda tiêu chuẩn,181.000 ₫,1
1440AKFM900,Giàn cam,HONDA,Phụ tùng Honda tiêu chuẩn,142.000 ₫,1
1440AKWB601,Bộ xích cam Wave 110,HONDA,Phụ tùng Honda tiêu chuẩn,210.000 ₫,1
14430KVBS50,Cò mổ xu páp hút,HONDA,Phụ tùng Honda tiêu chuẩn,325.000 ₫,2
14430KVY901,Cò mổ xu páp hút,HONDA,Phụ tùng Honda tiêu chuẩn,523.000 ₫,1
14430KZR600,Cò mổ xu páp hút,HONDA,Phụ tùng Honda tiêu chuẩn,436.000 ₫,1
14431GN5911,Cò mổ xu páp,HONDA,Phụ tùng Honda tiêu chuẩn,533.000 ₫,1
14440KVBS50,Cò mổ xu páp xả,HONDA,Phụ tùng Honda tiêu chuẩn,418.000 ₫,1
14440KVY901,Cò mổ xu páp xả,HONDA,Phụ tùng Honda tiêu chuẩn,523.000 ₫,1
14440KZR600,Cò mổ xu páp xả,HONDA,Phụ tùng Honda tiêu chuẩn,432.000 ₫,1
14451035000,Trục cò mổ xu páp,HONDA,Phụ tùng Honda tiêu chuẩn,16.000 ₫,1
14500035020,Cần căng xích cam,HONDA,Phụ tùng Honda tiêu chuẩn,16.000 ₫,9
14500K26900,CẦN CĂNG XÍCH CAM,HONDA,Phụ tùng Honda tiêu chuẩn,193.000 ₫,1
14500KWB600,Cần căng xích cam,HONDA,Phụ tùng Honda tiêu chuẩn,19.000 ₫,1
14500KWW740,Cần căng xích cam,HONDA,Phụ tùng Honda tiêu chuẩn,17.000 ₫,1
14500KYZ900,Cần căng xích cam,HONDA,Phụ tùng Honda tiêu chuẩn,102.000 ₫,3
14510K56N00,Cần căng xích cam,HONDA,Phụ tùng Honda tiêu chuẩn,578.000 ₫,1
14510KPH880,Bộ căng xích cam,HONDA,Phụ tùng Honda tiêu chuẩn,101.000 ₫,1
14510KZR600,Cần căng xích cam,HONDA,Phụ tùng Honda tiêu chuẩn,82.000 ₫,1
14520K0RV01,Cần căng xích cam,HONDA,Phụ tùng Honda tiêu chuẩn,447.000 ₫,1
14520K40F01,Cụm căng xích cam,HONDA,Phụ tùng Honda tiêu chuẩn,441.000 ₫,1
14520KREG01,Cụm căng xích cam,HONDA,Phụ tùng Honda tiêu chuẩn,637.000 ₫,1
14520KSS901,Bộ nâng cần căng xích cam,HONDA,Phụ tùng Honda tiêu chuẩn,697.000 ₫,1
14520KZR602,Cụm căng xích cam,HONDA,Phụ tùng Honda tiêu chuẩn,342.000 ₫,1
14521K0RV00,CHỐT ĐẨY VÒNG BI,HONDA,Phụ tùng Honda tiêu chuẩn,31.000 ₫,1
14531KYZ900,Bu lông bắt cần tăng xích cam,HONDA,Phụ tùng Honda tiêu chuẩn,11.000 ₫,1
14541GB4681,Lò xo căng xích cam,HONDA,Phụ tùng Honda tiêu chuẩn,5.000 ₫,1
14550GB0911,Thanh căng xích cam,HONDA,Phụ tùng Honda tiêu chuẩn,48.000 ₫,3
14550KRS691,THANH CĂNG XÍCH CAM,HONDA,Phụ tùng Honda tiêu chuẩn,85.000 ₫,1
14550KRS830,Thanh căng xích cam,HONDA,Phụ tùng Honda tiêu chuẩn,56.000 ₫,1
14550KVZ631,Điều chỉnh xích cam,HONDA,Phụ tùng Honda tiêu chuẩn,1.855.000 ₫,2
14560K0RV01,GIOĂNG BỘ NÂNG XÍCH CAM,HONDA,Phụ tùng Honda tiêu chuẩn,22.000 ₫,1
14566086030,Cao su đầu thanh căng xích cam,HONDA,Phụ tùng Honda tiêu chuẩn,5.000 ₫,9
14610KPH900,Bần nâng chỉnh căng xích cam,HONDA,Phụ tùng Honda tiêu chuẩn,28.000 ₫,1
14610KWB600,Bánh dẫn xích cam,HONDA,Phụ tùng Honda tiêu chuẩn,44.000 ₫,4
14611K0JN00,DẪN HƯỚNG XÍCH CAM,HONDA,Phụ tùng Honda tiêu chuẩn,16.000 ₫,1
14611K44V00,Dẫn hướng xích cam,HONDA,Phụ tùng Honda tiêu chuẩn,14.000 ₫,1
14611K97T00,Dẫn hướng xích cam,HONDA,Phụ tùng Honda tiêu chuẩn,16.000 ₫,1
14611KVB900,Dẫn hướng xích cam,HONDA,Phụ tùng Honda tiêu chuẩn,16.000 ₫,1
14670035031,BÁNH DẪN XÍCH CAM (25RĂNG),HONDA,Phụ tùng Honda tiêu chuẩn,175.000 ₫,1
14670KWB600,Bánh dẫn xích cam (23răng),HONDA,Phụ tùng Honda tiêu chuẩn,54.000 ₫,1
14670KYZ900,Bánh dẫn xích cam,HONDA,Phụ tùng Honda tiêu chuẩn,47.000 ₫,1
14675178000,Trục dẫn hướng bánh răng cam,HONDA,Phụ tùng Honda tiêu chuẩn,14.000 ₫,2
14711GFM900,Xu páp hút,HONDA,Phụ tùng Honda tiêu chuẩn,199.000 ₫,1
14711K40F00,Xu páp nạp,HONDA,Phụ tùng Honda tiêu chuẩn,207.000 ₫,1
14711K56N00,XU PÁP HÚT,HONDA,Phụ tùng Honda tiêu chuẩn,413.000 ₫,1
14711KFM900,Xu páp hút,HONDA,Phụ tùng Honda tiêu chuẩn,104.000 ₫,1
14711KVB900,Xu páp hút,HONDA,Phụ tùng Honda tiêu chuẩn,256.000 ₫,1
14711KVY900,Xu páp hút,HONDA,Phụ tùng Honda tiêu chuẩn,228.000 ₫,1
14711KWB600,Xu páp hút,HONDA,Phụ tùng Honda tiêu chuẩn,136.000 ₫,1
14711KWN900,Xu páp hút,HONDA,Phụ tùng Honda tiêu chuẩn,204.000 ₫,1
14721GF6010,Xu páp xả,HONDA,Phụ tùng Honda tiêu chuẩn,307.000 ₫,1
14721GFM901,Xu páp xả,HONDA,Phụ tùng Honda tiêu chuẩn,563.000 ₫,1
14721K56N00,XU PÁP XẢ,HONDA,Phụ tùng Honda tiêu chuẩn,506.000 ₫,1
14721KVB900,Xu páp xả,HONDA,Phụ tùng Honda tiêu chuẩn,430.000 ₫,2
14721KVBT00,Xu páp xả,HONDA,Phụ tùng Honda tiêu chuẩn,315.000 ₫,1
14751GN5911,Lò xo ngoài xu páp,HONDA,Phụ tùng Honda tiêu chuẩn,14.000 ₫,1
14751K0RV00,LÒ XO XU PÁP,HONDA,Phụ tùng Honda tiêu chuẩn,30.000 ₫,1
14761GN5911,Lò xo trong xu páp,HONDA,Phụ tùng Honda tiêu chuẩn,11.000 ₫,1
14771GB4680,Vòng giữ lò xo xu páp,HONDA,Phụ tùng Honda tiêu chuẩn,19.000 ₫,1
14771MFL000,Vòng giữ lò xo xu páp,HONDA,Phụ tùng Honda tiêu chuẩn,33.000 ₫,1
14772MGE000,TẤM ĐỆM VAN XẢ,HONDA,Phụ tùng Honda tiêu chuẩn,27.000 ₫,1
14775KFM900,Đệm lò xo xu páp ngoài,HONDA,Phụ tùng Honda tiêu chuẩn,7.000 ₫,1
14776K0RV00,ĐỆM LÒ XO XU PÁP TRONG,HONDA,Phụ tùng Honda tiêu chuẩn,22.000 ₫,1
14776KFM900,Đệm lò xo xu páp trong,HONDA,Phụ tùng Honda tiêu chuẩn,13.000 ₫,1
14781MA6000,Móng ngựa giữ xu páp,HONDA,Phụ tùng Honda tiêu chuẩn,64.000 ₫,1
14913KT7013,Vòng đệm xu páp (1.500),HONDA,Phụ tùng Honda tiêu chuẩn,96.000 ₫,4
15130KVB900,Trục bơm dầu,HONDA,Phụ tùng Honda tiêu chuẩn,284.000 ₫,1
15133KPH900,Bánh răng dẫn động bơm dầu,HONDA,Phụ tùng Honda tiêu chuẩn,27.000 ₫,1
15133KVB900,Bánh răng bơm dầu 33 răng,HONDA,Phụ tùng Honda tiêu chuẩn,178.000 ₫,1
15421035010,Lưới lọc dầu,HONDA,Phụ tùng Honda tiêu chuẩn,16.000 ₫,2
15421KSP910,Lưới lọc dầu,HONDA,Phụ tùng Honda tiêu chuẩn,25.000 ₫,1
15439HF7000,Gioăng nắp lọc dầu ly tâm,HONDA,Phụ tùng Honda tiêu chuẩn,24.000 ₫,1
15651GN5640,Thước thăm dầu,HONDA,Phụ tùng Honda tiêu chuẩn,14.000 ₫,1
15651GN5911,Thước thăm dầu,HONDA,Phụ tùng Honda tiêu chuẩn,21.000 ₫,1
15651K01900,Thước thăm dầu,HONDA,Phụ tùng Honda tiêu chuẩn,25.000 ₫,1
15651K12900,Thước thăm dầu,HONDA,Phụ tùng Honda tiêu chuẩn,28.000 ₫,1
15651K29900,Thước thăm dầu,HONDA,Phụ tùng Honda tiêu chuẩn,34.000 ₫,1
15651K2CV00,Thước thăm dầu,HONDA,Phụ tùng Honda tiêu chuẩn,24.000 ₫,1
15651K44V00,Thước thăm dầu,HONDA,Phụ tùng Honda tiêu chuẩn,25.000 ₫,1
15651KVG900,Thước thăm dầu,HONDA,Phụ tùng Honda tiêu chuẩn,30.000 ₫,1
15761KFV950,ống thông hơi máy 5x388.5,HONDA,Phụ tùng Honda tiêu chuẩn,28.000 ₫,1
15772MN1670,Kẹp ống B,HONDA,Phụ tùng Honda tiêu chuẩn,4.000 ₫,1
16016KVBS51,Bộ vít gió,HONDA,Phụ tùng Honda tiêu chuẩn,87.000 ₫,1
16075GHB640,Phớt O vít xả xăng 1.3x4.3,HONDA,Phụ tùng Honda tiêu chuẩn,11.000 ₫,1
16100K89V91,BỘ CHẾ HÒA KHÍ,HONDA,Phụ tùng Honda tiêu chuẩn,965.000 ₫,1
16100KFL861,Bộ chế hòa khí,HONDA,Phụ tùng Honda tiêu chuẩn,2.400.000 ₫,2
16100KFV951,Bộ chế hòa khí,HONDA,Phụ tùng Honda tiêu chuẩn,1.725.000 ₫,1
16100KRS901,Bộ chế hòa khí,HONDA,Phụ tùng Honda tiêu chuẩn,1.773.000 ₫,1
16100KTL642,Bộ chế hòa khí (PB5NP A/B),HONDA,Phụ tùng Honda tiêu chuẩn,1.932.000 ₫,1
16100KTL742,Bộ chế hòa khí,HONDA,Phụ tùng Honda tiêu chuẩn,2.163.000 ₫,1
16100KTM901,Bộ chế hòa khí,HONDA,Phụ tùng Honda tiêu chuẩn,2.913.000 ₫,1
16100KVV901,Bộ chế hòa khí (PB5EG A),HONDA,Phụ tùng Honda tiêu chuẩn,2.175.000 ₫,1
16100KWYA31,Bộ chế hòa khí,HONDA,Phụ tùng Honda tiêu chuẩn,1.279.000 ₫,1
16201GB6911,Gioăng cách nhiệt cổ hút,HONDA,Phụ tùng Honda tiêu chuẩn,22.000 ₫,1
16201KCW023,GIOĂNG CÁCH NHIỆT CỔ HÚT,HONDA,Phụ tùng Honda tiêu chuẩn,16.000 ₫,1
16211KFL850,Đệm phíp chế hòa khí,HONDA,Phụ tùng Honda tiêu chuẩn,16.000 ₫,1
16400GFM902,Bộ điều khiển bướm ga,HONDA,Phụ tùng Honda tiêu chuẩn,4.770.000 ₫,2
16400K03N31,Bộ điều khiển bướm ga,HONDA,Phụ tùng Honda tiêu chuẩn,680.000 ₫,1
16400K27V01,Bộ điều khiển bướm ga,HONDA,Phụ tùng Honda tiêu chuẩn,2.029.000 ₫,1
16400K27V51,Bộ điều khiển bướm ga,HONDA,Phụ tùng Honda tiêu chuẩn,2.535.000 ₫,1
16400K29901,Bộ điều khiển bướm ga,HONDA,Phụ tùng Honda tiêu chuẩn,1.159.000 ₫,1
16400K29V81,Bộ điều khiển bướm ga,HONDA,Phụ tùng Honda tiêu chuẩn,894.000 ₫,1
16400K2CV01,Bộ điều khiển bướm ga,HONDA,Phụ tùng Honda tiêu chuẩn,1.696.000 ₫,1
16400K44V01,Bộ điều khiển bướm ga,HONDA,Phụ tùng Honda tiêu chuẩn,1.944.000 ₫,1
16400K56M92,Bộ điều khiển bướm ga,HONDA,Phụ tùng Honda tiêu chuẩn,1.309.000 ₫,1
16400K66VE1,Bộ điều khiển bướm ga,HONDA,Phụ tùng Honda tiêu chuẩn,3.255.000 ₫,1
16400K73V41,Bộ điều khiển bướm ga,HONDA,Phụ tùng Honda tiêu chuẩn,1.838.000 ₫,1
16400K90V01,Bộ điều khiển bướm ga,HONDA,Phụ tùng Honda tiêu chuẩn,704.000 ₫,1
16400KVGV41,Bộ điều khiển bướm ga,HONDA,Phụ tùng Honda tiêu chuẩn,3.737.000 ₫,1
16400KZLE01,Bộ điều khiển bướm ga,HONDA,Phụ tùng Honda tiêu chuẩn,2.070.000 ₫,1
16450GFM901,Bộ phun nhiên liệu,HONDA,Phụ tùng Honda tiêu chuẩn,1.006.000 ₫,1
16450K03H11,Bộ phun nhiên liệu,HONDA,Phụ tùng Honda tiêu chuẩn,455.000 ₫,1
16450K29901,Bộ phun nhiên liệu,HONDA,Phụ tùng Honda tiêu chuẩn,861.000 ₫,1
16450K35V01,Bộ phun nhiên liệu,HONDA,Phụ tùng Honda tiêu chuẩn,472.000 ₫,1
16450K36J01,Bộ phun nhiên liệu,HONDA,Phụ tùng Honda tiêu chuẩn,481.000 ₫,1
16450K56N01,Bộ phun nhiên liệu,HONDA,Phụ tùng Honda tiêu chuẩn,1.282.000 ₫,1
16450KVBT01,Bộ phun nhiên liệu,HONDA,Phụ tùng Honda tiêu chuẩn,1.211.000 ₫,1
16472KPCD50,Vòng đêm kín bộ phun xăng,HONDA,Phụ tùng Honda tiêu chuẩn,62.000 ₫,1
16480KVBS51,Van điện từ,HONDA,Phụ tùng Honda tiêu chuẩn,1.650.000 ₫,1
16530K27V00,Chốt khóa bình xăng,HONDA,Phụ tùng Honda tiêu chuẩn,45.000 ₫,1
16700K03H01,Cụm bơm xăng,HONDA,Phụ tùng Honda tiêu chuẩn,823.000 ₫,1
16700K0RV01,Cụm bơm xăng,HONDA,Phụ tùng Honda tiêu chuẩn,1.468.000 ₫,1
16700K12931,Cụm bơm xăng,HONDA,Phụ tùng Honda tiêu chuẩn,929.000 ₫,2
16700K27V52,Cụm bơm xăng,HONDA,Phụ tùng Honda tiêu chuẩn,1.160.000 ₫,1
16700K2CV01,Cụm bơm xăng,HONDA,Phụ tùng Honda tiêu chuẩn,1.534.000 ₫,1
16700K2CV91,Cụm bơm xăng,HONDA,Phụ tùng Honda tiêu chuẩn,1.533.000 ₫,1
16700K2TV01,Cụm bơm xăng,HONDA,Phụ tùng Honda tiêu chuẩn,1.137.000 ₫,1
16700K35V01,Cụm bơm xăng,HONDA,Phụ tùng Honda tiêu chuẩn,1.222.000 ₫,1
16700K44V01,Cụm bơm xăng,HONDA,Phụ tùng Honda tiêu chuẩn,823.000 ₫,3
16700K56N11,Cụm phao xăng,HONDA,Phụ tùng Honda tiêu chuẩn,1.929.000 ₫,1
16700K66VE1,Cụm bơm xăng,HONDA,Phụ tùng Honda tiêu chuẩn,1.502.000 ₫,1
16700K73V81,Cụm bơm xăng,HONDA,Phụ tùng Honda tiêu chuẩn,974.000 ₫,1
16700K77V01,Cụm phao xăng,HONDA,Phụ tùng Honda tiêu chuẩn,1.639.000 ₫,1
16700KPH325,Bộ bơm xăng,HONDA,Phụ tùng Honda tiêu chuẩn,3.653.000 ₫,1
16700KVGV22,Bộ bơm xăng,HONDA,Phụ tùng Honda tiêu chuẩn,2.035.000 ₫,1
16700KVGV43,Cụm bơm xăng,HONDA,Phụ tùng Honda tiêu chuẩn,1.810.000 ₫,1
16700KWN711,Cụm bơm xăng,HONDA,Phụ tùng Honda tiêu chuẩn,1.771.000 ₫,1
16700KYZ713,Cụm bơm xăng,HONDA,Phụ tùng Honda tiêu chuẩn,1.605.000 ₫,2
16700KZL931,Bộ bơm xăng,HONDA,Phụ tùng Honda tiêu chuẩn,1.896.000 ₫,1
16700KZRC02,Cụm bơm xăng,HONDA,Phụ tùng Honda tiêu chuẩn,1.091.000 ₫,1
16707KVBS51,BỘ LỌC XĂNG,HONDA,Phụ tùng Honda tiêu chuẩn,171.000 ₫,1
16707KVGV41,Bộ lọc xăng,HONDA,Phụ tùng Honda tiêu chuẩn,145.000 ₫,1
16707KWN711,Bộ lọc xăng,HONDA,Phụ tùng Honda tiêu chuẩn,308.000 ₫,1
16707KZVT01,Bộ lọc xăng,HONDA,Phụ tùng Honda tiêu chuẩn,94.000 ₫,1
16710KVG901,Bộ bơm xăng,HONDA,Phụ tùng Honda tiêu chuẩn,1.825.000 ₫,1
16910KFM902,Lọc xăng,HONDA,Phụ tùng Honda tiêu chuẩn,39.000 ₫,1
17110KYZ710,Cổ hút,HONDA,Phụ tùng Honda tiêu chuẩn,704.000 ₫,1
17111KTL850,Cổ hút,HONDA,Phụ tùng Honda tiêu chuẩn,77.000 ₫,1
17119KVBT00,Đệm cách cổ hút,HONDA,Phụ tùng Honda tiêu chuẩn,57.000 ₫,1
17205GN5900,Tấm lọc khí,HONDA,Lọc gió,24.000 ₫,5
17210GGE900,Tấm lọc khí,HONDA,Lọc gió,71.000 ₫,1
17210K01900,Tấm lọc gió,HONDA,Lọc gió,107.000 ₫,1
17210K03M50,Tấm lọc gió,HONDA,Lọc gió,68.000 ₫,2
17210K0RV00,Tấm lọc khí,HONDA,Lọc gió,162.000 ₫,2
17210K12930,Tấm lọc khí,HONDA,Lọc gió,119.000 ₫,2
17210K1ZJ10,Nắp bầu lọc khí,HONDA,Lọc gió,133.000 ₫,1
17210K2CV00,Tấm lọc khí,HONDA,Lọc gió,65.000 ₫,4
17210K2TV00,Tấm lọc khí,HONDA,Lọc gió,121.000 ₫,3
17210K77V00,Tấm lọc khí,HONDA,Lọc gió,127.000 ₫,1
17210K97J00,Tấm lọc khí,HONDA,Lọc gió,133.000 ₫,2
17210KGF901,Tấm lọc khí,HONDA,Lọc gió,609.000 ₫,1
17210KPH900,Tấm lọc khí,HONDA,Lọc gió,88.000 ₫,2
17210KVB930,Tấm lọc khí,HONDA,Lọc gió,127.000 ₫,1
17210KVGV20,Tấm lọc khí,HONDA,Lọc gió,79.000 ₫,2
17210KWN900,Tấm lọc khí,HONDA,Lọc gió,173.000 ₫,2
17210KWZ900,Tấm lọc khí,HONDA,Lọc gió,107.000 ₫,1
17210KYZV00,Tấm lọc khí,HONDA,Lọc gió,90.000 ₫,3
17212KFL840,Lưới đỡ tấm lọc khí,HONDA,Phụ tùng Honda tiêu chuẩn,34.000 ₫,2
17213K01900,Gioăng bao kín bầu lọc khí,HONDA,Phụ tùng Honda tiêu chuẩn,22.000 ₫,1
17215K27V00,Ống lọc khí,HONDA,Phụ tùng Honda tiêu chuẩn,31.000 ₫,1
17216K0RV00,Đệm bầu lọc khí,HONDA,Phụ tùng Honda tiêu chuẩn,25.000 ₫,1
17220K01900,Bộ tấm lọc gió,HONDA,Lọc gió,127.000 ₫,1
17220KZLE00,Bộ lọc khí,HONDA,Lọc gió,96.000 ₫,6
17225K12900,Thân bầu lọc khí,HONDA,Phụ tùng Honda tiêu chuẩn,127.000 ₫,2
17225K1NV00,Thân bầu lọc khí,HONDA,Phụ tùng Honda tiêu chuẩn,216.000 ₫,1
17225K27V01,Thân bầu lọc khí,HONDA,Phụ tùng Honda tiêu chuẩn,142.000 ₫,1
17225K44V00,Thân bầu lọc khí,HONDA,Phụ tùng Honda tiêu chuẩn,168.000 ₫,1
17225K56N00,Thân bầu lọc khí,HONDA,Phụ tùng Honda tiêu chuẩn,156.000 ₫,1
17225K56V50,Thân bầu lọc khí,HONDA,Phụ tùng Honda tiêu chuẩn,252.000 ₫,1
17225K66V01,Bộ thân bầu lọc gió,HONDA,Phụ tùng Honda tiêu chuẩn,133.000 ₫,1
17225K77V00,Thân bầu lọc khí,HONDA,Phụ tùng Honda tiêu chuẩn,250.000 ₫,1
17225K89V00,Bầu lọc gió,HONDA,Phụ tùng Honda tiêu chuẩn,85.000 ₫,1
17225KVB930,Bầu lọc gió,HONDA,Phụ tùng Honda tiêu chuẩn,136.000 ₫,1
17225KVGV20,Bầu lọc khí,HONDA,Lọc gió,156.000 ₫,1
17225KVGV40,Hộp bầu lọc khí,HONDA,Phụ tùng Honda tiêu chuẩn,153.000 ₫,1
17225KWWB20,Thân bầu lọc khí,HONDA,Phụ tùng Honda tiêu chuẩn,99.000 ₫,1
17225KZL930,THÂN BẦU LỌC KHÍ,HONDA,Lọc gió,185.000 ₫,1
17227HC0000,ống cặn bầu lọc khí 11x15x45,HONDA,Phụ tùng Honda tiêu chuẩn,14.000 ₫,4
17227KYY900,Ống nhựa 11X15X40,HONDA,Phụ tùng Honda tiêu chuẩn,7.000 ₫,1
17230K73V40,Bộ lọc gió,HONDA,Lọc gió,94.000 ₫,1
17231KFL890,Nắp bầu lọc khí,HONDA,Phụ tùng Honda tiêu chuẩn,39.000 ₫,1
17234K01900,Nắp ống dẫn bầu lọc gió,HONDA,Phụ tùng Honda tiêu chuẩn,34.000 ₫,1
17234K0RV00,Ống cộng hưởng gió,HONDA,Phụ tùng Honda tiêu chuẩn,33.000 ₫,4
17234K12900,Nắp ống dẫn bầu lọc gió,HONDA,Phụ tùng Honda tiêu chuẩn,19.000 ₫,1
17234K1BD00,Nắp ống bầu lọc khí,HONDA,Phụ tùng Honda tiêu chuẩn,242.000 ₫,1
17234K77V00,Nắp ống dẫn bầu lọc gió,HONDA,Phụ tùng Honda tiêu chuẩn,34.000 ₫,1
17234KVG900,Nắp bầu lọc khí,HONDA,Phụ tùng Honda tiêu chuẩn,31.000 ₫,1
17235GN5980,Gá giữ nắp chắn bụi,HONDA,Phụ tùng Honda tiêu chuẩn,13.000 ₫,2
17235K2ZV00,Nắp bầu lọc khí,HONDA,Phụ tùng Honda tiêu chuẩn,94.000 ₫,1
17235K44V00,Nắp bầu lọc khí,HONDA,Phụ tùng Honda tiêu chuẩn,99.000 ₫,1
17235K56N00,Nắp thân bầu lọc khí,HONDA,Phụ tùng Honda tiêu chuẩn,108.000 ₫,1
17235K56V50,Nắp thân bầu lọc khí,HONDA,Phụ tùng Honda tiêu chuẩn,128.000 ₫,1
17235KPH700,Nắp bầu lọc khí,HONDA,Phụ tùng Honda tiêu chuẩn,48.000 ₫,1
17235KWWB20,Bộ nắp bầu lọc khí,HONDA,Phụ tùng Honda tiêu chuẩn,37.000 ₫,1
17235KZL930,Nắp bầu lọc khí,HONDA,Phụ tùng Honda tiêu chuẩn,107.000 ₫,1
17236KVB900,Chốt xả bầu lọc khí,HONDA,Phụ tùng Honda tiêu chuẩn,8.000 ₫,1
17240K56N00,Ống hút,HONDA,Phụ tùng Honda tiêu chuẩn,37.000 ₫,1
17240K56V50,Ống hút,HONDA,Phụ tùng Honda tiêu chuẩn,31.000 ₫,1
17245K01900,Nắp bầu lọc khí,HONDA,Phụ tùng Honda tiêu chuẩn,147.000 ₫,1
17245K0RV00,Giá đỡ & gioăng đệm kín tấm lọ,HONDA,Phụ tùng Honda tiêu chuẩn,127.000 ₫,1
17245K12900,Nắp bầu lọc khí,HONDA,Phụ tùng Honda tiêu chuẩn,99.000 ₫,1
17245K1NV00,Nắp bầu lọc khí,HONDA,Phụ tùng Honda tiêu chuẩn,142.000 ₫,2
17245K29V80,Nắp bầu lọc khí,HONDA,Phụ tùng Honda tiêu chuẩn,125.000 ₫,1
17245K2CV00,Nắp bầu lọc khí,HONDA,Phụ tùng Honda tiêu chuẩn,88.000 ₫,1
17245K36J00,Nắp bầu lọc khí,HONDA,Phụ tùng Honda tiêu chuẩn,90.000 ₫,6
17245K56N00,Giá đỡ & gioăng đệm kín tấm lọ,HONDA,Phụ tùng Honda tiêu chuẩn,57.000 ₫,1
17245K56V50,Giá đỡ & gioăng đệm kín tấm lọc gió,HONDA,Phụ tùng Honda tiêu chuẩn,62.000 ₫,1
17245K77V00,Nắp bầu lọc khí,HONDA,Phụ tùng Honda tiêu chuẩn,142.000 ₫,1
17245KVGA30,Nắp bầu lọc khí,HONDA,Phụ tùng Honda tiêu chuẩn,102.000 ₫,1
17245KVGV40,Nắp bầu lọc khí,HONDA,Phụ tùng Honda tiêu chuẩn,113.000 ₫,1
17245KWN980,Nắp bầu lọc khí,HONDA,Phụ tùng Honda tiêu chuẩn,128.000 ₫,1
17245KYZ900,THÂN HỘP DẪN KHÍ,HONDA,Phụ tùng Honda tiêu chuẩn,218.000 ₫,1
17246GN5960,Đệm bạc bắt đuôi sau,HONDA,Phụ tùng Honda tiêu chuẩn,11.000 ₫,4
17253K29900,ỐNG NỐI BẦU LỌC KHÍ,HONDA,Phụ tùng Honda tiêu chuẩn,122.000 ₫,1
17253K56N00,Ống hút khí,HONDA,Phụ tùng Honda tiêu chuẩn,91.000 ₫,1
17253K89V00,Ống hút khí,HONDA,Phụ tùng Honda tiêu chuẩn,42.000 ₫,1
17253KVBT00,ống nối bầu lọc khí,HONDA,Phụ tùng Honda tiêu chuẩn,118.000 ₫,1
17253KWB920,ống nối lọc khí,HONDA,Phụ tùng Honda tiêu chuẩn,31.000 ₫,1
17256K0JN00,Đai ống nối lọc khí,HONDA,Phụ tùng Honda tiêu chuẩn,19.000 ₫,1
17256K56N00,Đai kẹp ống nối bầu lọc gió,HONDA,Phụ tùng Honda tiêu chuẩn,14.000 ₫,1
17256KWZ900,Đai kẹp ống nối bầu lọc khí,HONDA,Phụ tùng Honda tiêu chuẩn,24.000 ₫,1
17260KFLD00,HỘP LỌC KHÍ,HONDA,Phụ tùng Honda tiêu chuẩn,48.000 ₫,1
17261K0JN00,Ống xả cặn,HONDA,Phụ tùng Honda tiêu chuẩn,14.000 ₫,1
17370419700,Chốt ống xả cặn,HONDA,Phụ tùng Honda tiêu chuẩn,14.000 ₫,3
17371K56N00,Ống thông hơi,HONDA,Phụ tùng Honda tiêu chuẩn,184.000 ₫,1
17410K56V00,Bộ cộng hưởng gió,HONDA,Phụ tùng Honda tiêu chuẩn,36.000 ₫,1
17414K73V00,Ống A dẫn nhiên liệu dư,HONDA,Phụ tùng Honda tiêu chuẩn,61.000 ₫,1
17500K2CV00,Bình xăng,HONDA,Phụ tùng Honda tiêu chuẩn,483.000 ₫,1
17505K2CV00,KHAY CHỨA XĂNG TRÀN,HONDA,Phụ tùng Honda tiêu chuẩn,141.000 ₫,1
17505K56N10,Khay chứa xăng tràn,HONDA,Phụ tùng Honda tiêu chuẩn,133.000 ₫,1
17510GBGB20ZD,Bình xăng *NH1*,HONDA,Phụ tùng Honda tiêu chuẩn,427.000 ₫,1
17510K03M30,Bình xăng,HONDA,Phụ tùng Honda tiêu chuẩn,518.000 ₫,1
17510K12V00,Bình xăng,HONDA,Phụ tùng Honda tiêu chuẩn,717.000 ₫,1
17510K1NV00,Bình xăng,HONDA,Phụ tùng Honda tiêu chuẩn,549.000 ₫,1
17510K35V00,Thùng xăng,HONDA,Phụ tùng Honda tiêu chuẩn,553.000 ₫,1
17510K44V00,BÌNH XĂNG,HONDA,Phụ tùng Honda tiêu chuẩn,735.000 ₫,1
17510K56V00,Bình xăng,HONDA,Phụ tùng Honda tiêu chuẩn,481.000 ₫,1
17510K66V00,Bình xăng,HONDA,Phụ tùng Honda tiêu chuẩn,678.000 ₫,1
17510K77V00,Bình xăng,HONDA,Phụ tùng Honda tiêu chuẩn,760.000 ₫,1
17510K90V00,Bình xăng,HONDA,Phụ tùng Honda tiêu chuẩn,643.000 ₫,1
17510KWB920,Bình xăng,HONDA,Phụ tùng Honda tiêu chuẩn,456.000 ₫,1
17510KYZV70,Bình xăng,HONDA,Phụ tùng Honda tiêu chuẩn,467.000 ₫,1
17511K0RV00,Miếng chèn gia cố bình xăng,HONDA,Phụ tùng Honda tiêu chuẩn,93.000 ₫,1
17515GEV761,Gioăng bơm xăng,HONDA,Phụ tùng Honda tiêu chuẩn,955.000 ₫,1
17518GGLJ00,Gioăng đệm kín bình xăng,HONDA,Phụ tùng Honda tiêu chuẩn,11.000 ₫,1
17518GHB603,Gioăng đệm kín bình xăng,HONDA,Phụ tùng Honda tiêu chuẩn,8.000 ₫,1
17520KVGV40,Bộ ống dẫn xăng,HONDA,Phụ tùng Honda tiêu chuẩn,847.000 ₫,1
17528KVGA32,Bộ ống dẫn xăng,HONDA,Phụ tùng Honda tiêu chuẩn,889.000 ₫,1
17528KZLE01,Bộ ống dẫn xăng,HONDA,Phụ tùng Honda tiêu chuẩn,681.000 ₫,1
17531K66V01,Bộ ống dẫn xăng,HONDA,Phụ tùng Honda tiêu chuẩn,723.000 ₫,1
17560K12900,ĐẦU NỐI VÒI PHUN,HONDA,Phụ tùng Honda tiêu chuẩn,147.000 ₫,1
17560KWW640,Đầu nối vòi phun,HONDA,Phụ tùng Honda tiêu chuẩn,154.000 ₫,1
17570K12901,Ống dẫn xăng,HONDA,Phụ tùng Honda tiêu chuẩn,187.000 ₫,1
17570K29901,Ống dẫn xăng,HONDA,Phụ tùng Honda tiêu chuẩn,196.000 ₫,1
17570K29V81,Bộ ống dẫn xăng,HONDA,Phụ tùng Honda tiêu chuẩn,198.000 ₫,1
17570K44V01,Ống dẫn xăng,HONDA,Phụ tùng Honda tiêu chuẩn,201.000 ₫,1
17572GHB601,Phớt O bình xăng,HONDA,Phụ tùng Honda tiêu chuẩn,25.000 ₫,2
17572KWB600,Phớt o bơm xăng,HONDA,Phụ tùng Honda tiêu chuẩn,22.000 ₫,1
17575K01900ZA,Ốp đuôi sau *NH-1*,HONDA,Phụ tùng Honda tiêu chuẩn,105.000 ₫,1
17575K1NV00,Nắp bơm nhiên liệu,HONDA,Phụ tùng Honda tiêu chuẩn,57.000 ₫,1
17575K29900,Nắp bơm nhiên liệu,HONDA,Phụ tùng Honda tiêu chuẩn,56.000 ₫,1
17575K2CV00,Nắp bảo vệ bình xăng,HONDA,Phụ tùng Honda tiêu chuẩn,45.000 ₫,1
17575K77V00ZA,Ốp đuôi sau *NH1*,HONDA,Phụ tùng Honda tiêu chuẩn,101.000 ₫,1
17575KZLA00,Nắp bơm nhiên liệu,HONDA,Phụ tùng Honda tiêu chuẩn,50.000 ₫,1
17576K77V00ZA,Nắp đèn sau *NH1*,HONDA,Phụ tùng Honda tiêu chuẩn,30.000 ₫,1
17620K01902,Nắp bình xăng,HONDA,Phụ tùng Honda tiêu chuẩn,105.000 ₫,1
17620KVGV21,Nắp bình xăng,HONDA,Phụ tùng Honda tiêu chuẩn,96.000 ₫,1
17620KVV900,Nắp bình xăng,HONDA,Phụ tùng Honda tiêu chuẩn,64.000 ₫,1
17630KFL850,"ống cao su dẫn xăng 5,3x350",HONDA,Phụ tùng Honda tiêu chuẩn,51.000 ₫,1
17631KEV900,Gioăng cao su nắp bình xăng,HONDA,Phụ tùng Honda tiêu chuẩn,11.000 ₫,1
17635KZVV30,"Ống cao su dẫn xăng 5,3x260",HONDA,Phụ tùng Honda tiêu chuẩn,51.000 ₫,1
17640KTM880,TẤM KẸP ĐƯỜNG XĂNG THỪA,HONDA,Phụ tùng Honda tiêu chuẩn,11.000 ₫,1
17910GFM971,Dây ga,HONDA,Phụ tùng Honda tiêu chuẩn,677.000 ₫,1
17910GN5900,Dây ga,HONDA,Phụ tùng Honda tiêu chuẩn,88.000 ₫,1
17910K01901,Dây ga,HONDA,Phụ tùng Honda tiêu chuẩn,248.000 ₫,1
17910K29911,Dây ga,HONDA,Phụ tùng Honda tiêu chuẩn,119.000 ₫,1
17910K44D01,Dây ga A,HONDA,Phụ tùng Honda tiêu chuẩn,175.000 ₫,2
17910K56N10,Dây ga A,HONDA,Phụ tùng Honda tiêu chuẩn,182.000 ₫,1
17910K66V01,Dây ga,HONDA,Phụ tùng Honda tiêu chuẩn,241.000 ₫,1
17910K73V41,Dây ga,HONDA,Phụ tùng Honda tiêu chuẩn,77.000 ₫,1
17910K89V01,Dây ga,HONDA,Phụ tùng Honda tiêu chuẩn,64.000 ₫,1
17910KFL890,Dây ga,HONDA,Phụ tùng Honda tiêu chuẩn,88.000 ₫,1
17910KPH701,Dây ga,HONDA,Phụ tùng Honda tiêu chuẩn,121.000 ₫,1
17910KTL740,Dây ga,HONDA,Phụ tùng Honda tiêu chuẩn,51.000 ₫,1
17910KTM971,Dây ga,HONDA,Phụ tùng Honda tiêu chuẩn,79.000 ₫,1
17910KVB851,Dây ga,HONDA,Phụ tùng Honda tiêu chuẩn,258.000 ₫,1
17910KVG900,Dây ga,HONDA,Phụ tùng Honda tiêu chuẩn,268.000 ₫,3
17910KWWB22,Dây ga,HONDA,Phụ tùng Honda tiêu chuẩn,74.000 ₫,2
17910KYZ901,DÂY GA,HONDA,Phụ tùng Honda tiêu chuẩn,88.000 ₫,1
17910KZVV31,Dây ga,HONDA,Phụ tùng Honda tiêu chuẩn,67.000 ₫,1
17914K03N30,Kẹp dây ga,HONDA,Phụ tùng Honda tiêu chuẩn,17.000 ₫,1
17920K03N31,Kẹp B dây ga,HONDA,Phụ tùng Honda tiêu chuẩn,53.000 ₫,1
17920K2TV01,DÂY GA B,HONDA,Phụ tùng Honda tiêu chuẩn,148.000 ₫,1
17920K44D01,Dây ga B,HONDA,Phụ tùng Honda tiêu chuẩn,168.000 ₫,2
17920K56N10,Dây ga B,HONDA,Phụ tùng Honda tiêu chuẩn,182.000 ₫,1
17920K66V01,Dây ga B,HONDA,Phụ tùng Honda tiêu chuẩn,241.000 ₫,1
17920K73V41,Dây ga B,HONDA,Phụ tùng Honda tiêu chuẩn,77.000 ₫,1
17920K77V01,Dây ga B,HONDA,Phụ tùng Honda tiêu chuẩn,235.000 ₫,1
17950KFL890,Dây le,HONDA,Phụ tùng Honda tiêu chuẩn,51.000 ₫,1
17950KFLD00,Dây le,HONDA,Phụ tùng Honda tiêu chuẩn,36.000 ₫,1
17950KTM840,Dây le,HONDA,Phụ tùng Honda tiêu chuẩn,53.000 ₫,1
17950KWWA00,Dây le,HONDA,Phụ tùng Honda tiêu chuẩn,48.000 ₫,1
17950KWYA30,Dây le,HONDA,Phụ tùng Honda tiêu chuẩn,45.000 ₫,1
17961KEV900,Cần kéo le,HONDA,Phụ tùng Honda tiêu chuẩn,28.000 ₫,1
17961KFM900,Cần kéo le,HONDA,Phụ tùng Honda tiêu chuẩn,16.000 ₫,1
17962KFM900,Giá giữ dây le,HONDA,Phụ tùng Honda tiêu chuẩn,45.000 ₫,1
17962KTM850,Giá giữ dây le,HONDA,Phụ tùng Honda tiêu chuẩn,22.000 ₫,1
18240KEV900,Chắn nhiệt cổ ống xả,HONDA,Phụ tùng Honda tiêu chuẩn,70.000 ₫,1
18240KRSW00,Chắn nhiệt cổ ống xả,HONDA,Phụ tùng Honda tiêu chuẩn,56.000 ₫,1
18291GE2921,Vòng đệm cổ ống xả,HONDA,Phụ tùng Honda tiêu chuẩn,16.000 ₫,1
18291HB2900,Vòng đệm cổ ống xả,HONDA,Phụ tùng Honda tiêu chuẩn,17.000 ₫,1
18291KVB900,Gioăng cổ ống xả,HONDA,Phụ tùng Honda tiêu chuẩn,17.000 ₫,1
18300K12900,Ống xả,HONDA,Phụ tùng Honda tiêu chuẩn,4.750.000 ₫,1
18300K29V80,Ống Xả,HONDA,Phụ tùng Honda tiêu chuẩn,4.560.000 ₫,1
18300K2CV90,Ống xả,HONDA,Phụ tùng Honda tiêu chuẩn,3.843.000 ₫,1
18300KVG950,ống xả,HONDA,Phụ tùng Honda tiêu chuẩn,4.517.000 ₫,1
18301K2CV00,Tấm cách nhiệt ống xả,HONDA,Phụ tùng Honda tiêu chuẩn,36.000 ₫,1
18315K89V00,Giá bắt ống xả,HONDA,Phụ tùng Honda tiêu chuẩn,53.000 ₫,8
18316K2CV00,Bạc đệm tấm cách nhiệt,HONDA,Phụ tùng Honda tiêu chuẩn,10.000 ₫,1
18318GGE900,Tấm cách nhiệt a ống xả (trong,HONDA,Phụ tùng Honda tiêu chuẩn,53.000 ₫,1
18318K01900,Tấm cách nhiệt A ống xả,HONDA,Phụ tùng Honda tiêu chuẩn,121.000 ₫,1
18318K0RV00,Tấm cách nhiệt ống xả A,HONDA,Phụ tùng Honda tiêu chuẩn,105.000 ₫,1
18318K12900,Tấm chắn nhiệt ống xả,HONDA,Phụ tùng Honda tiêu chuẩn,76.000 ₫,1
18318K12V00ZA,Tấm cách nhiệt ống xả *NH411M*,HONDA,Phụ tùng Honda tiêu chuẩn,235.000 ₫,1
18318K1FV00,Tấm cách nhiệt ống xả,HONDA,Phụ tùng Honda tiêu chuẩn,111.000 ₫,1
18318K1NV00ZB,Tấm bảo vệ ống xả *NHA76M*,HONDA,Phụ tùng Honda tiêu chuẩn,295.000 ₫,1
18318K27V00,Tấm chắn nhiệt ống xả,HONDA,Phụ tùng Honda tiêu chuẩn,105.000 ₫,1
18318K29900ZA,Tấm chắn nhiệt ống xả*NH411M*,HONDA,Phụ tùng Honda tiêu chuẩn,281.000 ₫,1
18318K44V00,Tấm cách nhiệt a ống xả,HONDA,Phụ tùng Honda tiêu chuẩn,77.000 ₫,1
18318K77V00,Tấm cách nhiệt ống xả A,HONDA,Phụ tùng Honda tiêu chuẩn,119.000 ₫,1
18318KVB900,Tấm cách nhiệt A ống xả (trong,HONDA,Phụ tùng Honda tiêu chuẩn,82.000 ₫,1
18318KVGV40,Tấm cách nhiệt A ống xả,HONDA,Phụ tùng Honda tiêu chuẩn,124.000 ₫,1
18318KZL930,Tấm cách nhiệt ống xả,HONDA,Phụ tùng Honda tiêu chuẩn,84.000 ₫,1
18319GFM970,Tấm cách nhiệt b ống xả (ngoài,HONDA,Phụ tùng Honda tiêu chuẩn,188.000 ₫,1
18319K01900,Tấm cách nhiệt B ống xả,HONDA,Phụ tùng Honda tiêu chuẩn,281.000 ₫,1
18319K1BT00,Tấm cách nhiệt ống xả B,HONDA,Phụ tùng Honda tiêu chuẩn,338.000 ₫,1
18319K77V00,Tấm cách nhiệt ống xả B,HONDA,Phụ tùng Honda tiêu chuẩn,278.000 ₫,1
18319KVB900,Tấm cách nhiệt B ống xả (ngoài,HONDA,Phụ tùng Honda tiêu chuẩn,130.000 ₫,1
18327K2PV60,Nắp đuôi ống xả,HONDA,Phụ tùng Honda tiêu chuẩn,64.000 ₫,1
18327K56V00,Nắp đuôi ống xả,HONDA,Phụ tùng Honda tiêu chuẩn,329.000 ₫,1
18327K56V50,Nắp đuôi ống xả,HONDA,Phụ tùng Honda tiêu chuẩn,290.000 ₫,1
18327K56V60,Nắp đuôi ống xả,HONDA,Phụ tùng Honda tiêu chuẩn,290.000 ₫,1
18327K77V00,Nắp đuôi ống xả,HONDA,Phụ tùng Honda tiêu chuẩn,61.000 ₫,1
18345MBT610,Tấm cao su bảo vệ,HONDA,Phụ tùng Honda tiêu chuẩn,19.000 ₫,2
18350K57V00,ỐNG XẢ,HONDA,Phụ tùng Honda tiêu chuẩn,948.000 ₫,1
18350KFV830,ống xả,HONDA,Phụ tùng Honda tiêu chuẩn,1.040.000 ₫,1
18350KRS900,ống xả,HONDA,Phụ tùng Honda tiêu chuẩn,1.103.000 ₫,1
18350KTL640,ống xả,HONDA,Phụ tùng Honda tiêu chuẩn,1.052.000 ₫,1
18350KTM970,ống xả,HONDA,Phụ tùng Honda tiêu chuẩn,1.286.000 ₫,1
18350KVV900,ống xả,HONDA,Phụ tùng Honda tiêu chuẩn,1.216.000 ₫,1
18355K03N30,Chắn nhiệt ống xả,HONDA,Phụ tùng Honda tiêu chuẩn,198.000 ₫,1
18355K09840,Chắn nhiệt ống xả,HONDA,Phụ tùng Honda tiêu chuẩn,56.000 ₫,1
18355K57V00,Nắp ống xả,HONDA,Phụ tùng Honda tiêu chuẩn,101.000 ₫,1
18355K73V40,Chắn nhiệt ống xả,HONDA,Phụ tùng Honda tiêu chuẩn,187.000 ₫,1
18355K89V00,Chắn nhiệt ống xả,HONDA,Phụ tùng Honda tiêu chuẩn,162.000 ₫,1
18355K90VM0,Chắn nhiệt ống xả,HONDA,Phụ tùng Honda tiêu chuẩn,191.000 ₫,2
18355KPH700,Chắn nhiệt ống xả,HONDA,Phụ tùng Honda tiêu chuẩn,201.000 ₫,1
18355KVRV10,Tấm cách nhiệt ống xả,HONDA,Phụ tùng Honda tiêu chuẩn,210.000 ₫,1
18355KVV900,Tấm cách nhiệt ống xả,HONDA,Phụ tùng Honda tiêu chuẩn,165.000 ₫,1
18355KWWV00,Chắn nhiệt A ống xả,HONDA,Phụ tùng Honda tiêu chuẩn,88.000 ₫,1
18356K2PV60,Tấm chắn nhiệt ống xả,HONDA,Phụ tùng Honda tiêu chuẩn,144.000 ₫,1
18356K56N10,Tấm chắn nhiệt ống xả,HONDA,Phụ tùng Honda tiêu chuẩn,57.000 ₫,1
18356K56V50,Tấm chắn nhiệt ống xả,HONDA,Phụ tùng Honda tiêu chuẩn,233.000 ₫,1
18356K56V60,Tấm chắn nhiệt ống xả,HONDA,Phụ tùng Honda tiêu chuẩn,233.000 ₫,1
18357KWWV00,Chắn nhiệt B ống xả,HONDA,Phụ tùng Honda tiêu chuẩn,167.000 ₫,1
18365K77V00,Đệm cao su,HONDA,Phụ tùng Honda tiêu chuẩn,11.000 ₫,2
18380K1BT00,Cụm cách nhiệt ống xả,HONDA,Phụ tùng Honda tiêu chuẩn,288.000 ₫,1
18421K89V70,Đệm cao su giảm chấn đặt ống xả,HONDA,Phụ tùng Honda tiêu chuẩn,8.000 ₫,1
18421KE8000,Cao su bạc lót bắt ống xả,HONDA,Phụ tùng Honda tiêu chuẩn,8.000 ₫,1
18422KGC900,Bạc đệm ống xả,HONDA,Phụ tùng Honda tiêu chuẩn,14.000 ₫,1
18422KPH900,Bạc lót bắt ống xả,HONDA,Phụ tùng Honda tiêu chuẩn,11.000 ₫,1
18640KWB920,ống cấp khí,HONDA,Phụ tùng Honda tiêu chuẩn,48.000 ₫,1
19010K45NL1,Két tản nhiệt,HONDA,Phụ tùng Honda tiêu chuẩn,2.868.000 ₫,1
19010K56N01,Két tản nhiệt,HONDA,Phụ tùng Honda tiêu chuẩn,1.117.000 ₫,1
19010KVG951,Két tản nhiệt,HONDA,Phụ tùng Honda tiêu chuẩn,2.067.000 ₫,1
19037K27V51,Nắp két tản nhiệt,HONDA,Phụ tùng Honda tiêu chuẩn,133.000 ₫,1
19037KVB902,Nắp két tản nhiệt,HONDA,Phụ tùng Honda tiêu chuẩn,215.000 ₫,2
19050K56N10,Giá đỡ két tản nhiệt dưới,HONDA,Phụ tùng Honda tiêu chuẩn,16.000 ₫,1
19062K56N00,Ống tản nhiệt ra,HONDA,Phụ tùng Honda tiêu chuẩn,91.000 ₫,1
19100K1NV00,Két tản nhiệt,HONDA,Phụ tùng Honda tiêu chuẩn,2.286.000 ₫,1
19100K66V00,Bộ két tản nhiệt,HONDA,Phụ tùng Honda tiêu chuẩn,2.423.000 ₫,1
19100KZR601,Bộ két tản nhiệt,HONDA,Phụ tùng Honda tiêu chuẩn,2.668.000 ₫,1
19101K12900,Bình chứa dung dịch làm mát,HONDA,Phụ tùng Honda tiêu chuẩn,67.000 ₫,1
19101KVGV40,Bình chứa dung dịch làm mát,HONDA,Phụ tùng Honda tiêu chuẩn,216.000 ₫,1
19104KVB900,Nắp bình chứa dung dịch,HONDA,Phụ tùng Honda tiêu chuẩn,50.000 ₫,1
19104MB0700,Nắp bình chứa dung dịch,HONDA,Phụ tùng Honda tiêu chuẩn,14.000 ₫,6
19105K1NV00,Nắp bình chứa dung dịch làm mát,HONDA,Phụ tùng Honda tiêu chuẩn,47.000 ₫,1
19110K56N10,Bình chứa nước làm mát,HONDA,Phụ tùng Honda tiêu chuẩn,68.000 ₫,1
19110K56V50,Bình chứa nước làm mát,HONDA,Phụ tùng Honda tiêu chuẩn,56.000 ₫,1
19111K66V00,Bình dự trữ dung dịch làm mát,HONDA,Phụ tùng Honda tiêu chuẩn,50.000 ₫,1
19150K0RV00,Nắp két tản nhiệt,HONDA,Phụ tùng Honda tiêu chuẩn,96.000 ₫,1
19150K27V00,Nắp két tản nhiệt,HONDA,Phụ tùng Honda tiêu chuẩn,88.000 ₫,1
19150K27V50,Nắp két tản nhiệt,HONDA,Phụ tùng Honda tiêu chuẩn,77.000 ₫,1
19150K2TV00,Nắp két tản nhiệt,HONDA,Phụ tùng Honda tiêu chuẩn,108.000 ₫,1
19150K66V00,Nắp két tản nhiệt,HONDA,Phụ tùng Honda tiêu chuẩn,318.000 ₫,1
19150K77V00,Nắp két tản nhiệt,HONDA,Phụ tùng Honda tiêu chuẩn,105.000 ₫,1
19151KVB901,Nắp ốp két tản nhiệt,HONDA,Phụ tùng Honda tiêu chuẩn,151.000 ₫,1
19151KVG900,Nắp tản nhiệt,HONDA,Phụ tùng Honda tiêu chuẩn,87.000 ₫,1
19151KVGA01,Nắp ốp két tản nhiệt,HONDA,Phụ tùng Honda tiêu chuẩn,96.000 ₫,1
19151KVGV40,Nắp ốp két tản nhiệt,HONDA,Phụ tùng Honda tiêu chuẩn,93.000 ₫,1
19200K1NV00,Bơm nước,HONDA,Phụ tùng Honda tiêu chuẩn,409.000 ₫,1
19200KVB900,Bơm nước,HONDA,Phụ tùng Honda tiêu chuẩn,1.314.000 ₫,1
19210K66V00,Bơm nước,HONDA,Phụ tùng Honda tiêu chuẩn,458.000 ₫,2
19216GFM970,Gioăng giá bắt cuộn điện,HONDA,Phụ tùng Honda tiêu chuẩn,33.000 ₫,1
19216KVB900,Gioăng giá bắt cuộn điện,HONDA,Phụ tùng Honda tiêu chuẩn,47.000 ₫,1
19217MAL300,Đệm kín đầu trục bơm nước,HONDA,Phụ tùng Honda tiêu chuẩn,215.000 ₫,1
19226GFM970,Gioăng bơm nước,HONDA,Phụ tùng Honda tiêu chuẩn,19.000 ₫,1
19226K0RV00,Gioăng bơm nước,HONDA,Phụ tùng Honda tiêu chuẩn,16.000 ₫,1
19226KVB900,Gioăng bơm nước,HONDA,Phụ tùng Honda tiêu chuẩn,21.000 ₫,1
19226KWN900,Gioăng bơm nước,HONDA,Phụ tùng Honda tiêu chuẩn,14.000 ₫,2
19227K0RV01,GIOĂNG BƠM NƯỚC,HONDA,Phụ tùng Honda tiêu chuẩn,16.000 ₫,1
19241K56N00,Trục bơm nước,HONDA,Phụ tùng Honda tiêu chuẩn,413.000 ₫,1
19300K15901,Van hằng nhiệt,HONDA,Phụ tùng Honda tiêu chuẩn,339.000 ₫,2
19300K1NV01,Van hằng nhiệt,HONDA,Phụ tùng Honda tiêu chuẩn,261.000 ₫,1
19300K35V01,Van hằng nhiệt,HONDA,Phụ tùng Honda tiêu chuẩn,213.000 ₫,1
19300K59A11,VAN HẰNG NHIỆT,HONDA,Phụ tùng Honda tiêu chuẩn,267.000 ₫,1
19311K56V00,Thân vỏ van hằng nhiệt,HONDA,Phụ tùng Honda tiêu chuẩn,87.000 ₫,1
19315KGH900,Vỏ van hằng nhiệt,HONDA,Phụ tùng Honda tiêu chuẩn,36.000 ₫,2
19507KVB900,Đầu nối 3 chạc,HONDA,Phụ tùng Honda tiêu chuẩn,24.000 ₫,1
19509KPH900,Kẹp ống D19,HONDA,Phụ tùng Honda tiêu chuẩn,13.000 ₫,1
19510K44V00,Cánh quạt làm mát,HONDA,Phụ tùng Honda tiêu chuẩn,108.000 ₫,1
19510KYT900,Cánh quạt làm mát,HONDA,Phụ tùng Honda tiêu chuẩn,119.000 ₫,1
19610K2CV00,Nắp chắn quạt,HONDA,Phụ tùng Honda tiêu chuẩn,71.000 ₫,5
19610K44V00,Nắp chắn quạt,HONDA,Phụ tùng Honda tiêu chuẩn,84.000 ₫,1
19610KZL930,Nắp chắn quạt,HONDA,Phụ tùng Honda tiêu chuẩn,90.000 ₫,1
19621K44V00,Nắp hộp gió a,HONDA,Phụ tùng Honda tiêu chuẩn,56.000 ₫,1
19631K44V00,Nắp hộp gió b,HONDA,Phụ tùng Honda tiêu chuẩn,53.000 ₫,1
19640K0RV00,Ốp nắp máy trái,HONDA,Phụ tùng Honda tiêu chuẩn,41.000 ₫,1
19640K2SN00,Ốp nắp máy trái,HONDA,Phụ tùng Honda tiêu chuẩn,90.000 ₫,1
19641K2CV00,Hộp dẫn khí nắp máy trái,HONDA,Phụ tùng Honda tiêu chuẩn,28.000 ₫,1
19641K44V00,Ống dẫn khí nắp máy trái,HONDA,Phụ tùng Honda tiêu chuẩn,19.000 ₫,1
19642K01900,Nắp ống dẫn khí bên trái,HONDA,Phụ tùng Honda tiêu chuẩn,70.000 ₫,1
19642K44V00,Nắp ống dẫn khí bên trái,HONDA,Phụ tùng Honda tiêu chuẩn,22.000 ₫,1
19642K66V00,Nắp ống dẫn khí bên trái,HONDA,Phụ tùng Honda tiêu chuẩn,53.000 ₫,1
19642K77V00,Nắp ống dẫn khí bên trái,HONDA,Phụ tùng Honda tiêu chuẩn,70.000 ₫,1
19642KWN710,Nắp hộp dẫn khí nắp máy trái,HONDA,Phụ tùng Honda tiêu chuẩn,65.000 ₫,1
19642KZR600,Nắp hộp dẫn khí nắp máy trái,HONDA,Phụ tùng Honda tiêu chuẩn,48.000 ₫,1
19742KZL930,Nắp hộp lọc gió dây đai trái,HONDA,Phụ tùng Honda tiêu chuẩn,39.000 ₫,1
19748K44V00,Gioăng nắp hộp lọc gió dây đai,HONDA,Phụ tùng Honda tiêu chuẩn,19.000 ₫,1
19748K66V00,Gioăng nắp hộp lọc gió dây đai,HONDA,Phụ tùng Honda tiêu chuẩn,14.000 ₫,1
21200K0RV00,Vách hộp số,HONDA,Phụ tùng Honda tiêu chuẩn,623.000 ₫,1
21395GC1E61,GIOANG VACH HOP SO,HONDA,Phụ tùng Honda tiêu chuẩn,79.000 ₫,2
21395K2CV01,Gioăng vách hộp số,HONDA,Phụ tùng Honda tiêu chuẩn,36.000 ₫,1
21395K44V80,Gioăng hộp số,HONDA,Phụ tùng Honda tiêu chuẩn,25.000 ₫,3
21395KVB901,Gioăng hộp số,HONDA,Phụ tùng Honda tiêu chuẩn,25.000 ₫,1
21395KZR600,Gioăng vách hộp số,HONDA,Phụ tùng Honda tiêu chuẩn,22.000 ₫,1
22100GFM900,Nồi ly hợp,HONDA,Phụ tùng Honda tiêu chuẩn,401.000 ₫,1
22100K09L01,Bộ ly hợp,HONDA,Phụ tùng Honda tiêu chuẩn,618.000 ₫,1
22100K27V01,Nồi ly hợp,HONDA,Phụ tùng Honda tiêu chuẩn,424.000 ₫,1
22100KFM900,Bộ ly hợp,HONDA,Phụ tùng Honda tiêu chuẩn,538.000 ₫,1
22100KPGT00,NỒI LY HỢP,HONDA,Phụ tùng Honda tiêu chuẩn,2.124.000 ₫,1
22100KWN900,Nồi ly hợp,HONDA,Phụ tùng Honda tiêu chuẩn,370.000 ₫,1
22102K01900,Đĩa ép sơ cấp,HONDA,Phụ tùng Honda tiêu chuẩn,127.000 ₫,2
22102K0JN00,Đĩa ép sơ cấp,HONDA,Phụ tùng Honda tiêu chuẩn,110.000 ₫,2
22102K35V00,Đĩa ép sơ cấp,HONDA,Phụ tùng Honda tiêu chuẩn,79.000 ₫,3
22102K44V00,Đĩa ép sơ cấp,HONDA,Phụ tùng Honda tiêu chuẩn,128.000 ₫,6
22102K97T01,Đĩa ép sơ cấp,HONDA,Phụ tùng Honda tiêu chuẩn,76.000 ₫,3
22102KVB901,Má tĩnh puly chủ động,HONDA,Phụ tùng Honda tiêu chuẩn,1.229.000 ₫,5
22102KVY900,Má tĩnh pu ly chủ động 66 răng,HONDA,Phụ tùng Honda tiêu chuẩn,219.000 ₫,1
22102KWN900,Má tĩnh puly chủ động,HONDA,Phụ tùng Honda tiêu chuẩn,191.000 ₫,3
22102KZL930,Má puly chủ động,HONDA,Phụ tùng Honda tiêu chuẩn,138.000 ₫,1
22102KZR600,Đĩa ép sơ cấp,HONDA,Phụ tùng Honda tiêu chuẩn,79.000 ₫,4
22103K44V00,BẠC ĐỆM 21X24X8,HONDA,Phụ tùng Honda tiêu chuẩn,11.000 ₫,3
22105GGE900,Lõi trượt,HONDA,Phụ tùng Honda tiêu chuẩn,179.000 ₫,1
22105K01900,Lõi trượt,HONDA,Phụ tùng Honda tiêu chuẩn,350.000 ₫,2
22105K44V00,Lõi trượt,HONDA,Phụ tùng Honda tiêu chuẩn,242.000 ₫,1
22105KVB900,Lõi trượt,HONDA,Phụ tùng Honda tiêu chuẩn,161.000 ₫,1
22105KVY900,Lõi trượt,HONDA,Phụ tùng Honda tiêu chuẩn,125.000 ₫,1
22105KWN900,Lõi trượt puly chủ động,HONDA,Phụ tùng Honda tiêu chuẩn,148.000 ₫,1
22110GFM960,Má động puly chủ động,HONDA,Phụ tùng Honda tiêu chuẩn,162.000 ₫,3
22110K01900,Má động pu ly chủ động,HONDA,Phụ tùng Honda tiêu chuẩn,199.000 ₫,1
22110K09L01,Bộ ly hợp ngoài thứ cấp,HONDA,Phụ tùng Honda tiêu chuẩn,313.000 ₫,1
22110K0JN00,Má động puly chủ động,HONDA,Phụ tùng Honda tiêu chuẩn,125.000 ₫,3
22110K1NV00,Má động pu ly chủ động,HONDA,Phụ tùng Honda tiêu chuẩn,193.000 ₫,1
22110K35V00,Má động pu ly chủ động,HONDA,Phụ tùng Honda tiêu chuẩn,239.000 ₫,3
22110K3AV00,MÁ ĐỘNG PU LY CHỦ ĐỘNG,HONDA,Phụ tùng Honda tiêu chuẩn,219.000 ₫,1
22110K44V00,Đĩa nângsơ cấp,HONDA,Phụ tùng Honda tiêu chuẩn,148.000 ₫,13
22110K96V00,Má động puly chủ động,HONDA,Phụ tùng Honda tiêu chuẩn,239.000 ₫,1
22110KRS920,Bộ ly hợp ngoài thứ cấp,HONDA,Phụ tùng Honda tiêu chuẩn,513.000 ₫,1
22110KVB900,Má động pu ly chủ động,HONDA,Phụ tùng Honda tiêu chuẩn,211.000 ₫,1
22110KWB601,Bộ ly hợp ngoài thứ cấp,HONDA,Phụ tùng Honda tiêu chuẩn,381.000 ₫,1
22110KZR601,Má động pu ly chủ động,HONDA,Phụ tùng Honda tiêu chuẩn,167.000 ₫,4
22113KVY900,Tấm cân bằng pu ly chủ động,HONDA,Phụ tùng Honda tiêu chuẩn,47.000 ₫,1
22115KPH900,Bạc lót ly hợp thứ cấp,HONDA,Phụ tùng Honda tiêu chuẩn,24.000 ₫,1
22120KPGT00,Bộ ly hợp trung tâm thứ cấp,HONDA,Phụ tùng Honda tiêu chuẩn,293.000 ₫,1
22121K09L01,Ly hợp trung tâm thứ cấp,HONDA,Phụ tùng Honda tiêu chuẩn,107.000 ₫,1
22121K56N02,Ly hợp trung tâm thứ cấp,HONDA,Phụ tùng Honda tiêu chuẩn,578.000 ₫,1
22121KWB601,Ly hợp trung tâm thứ cấp,HONDA,Phụ tùng Honda tiêu chuẩn,102.000 ₫,1
22123K01900,Bộ bi văng,HONDA,Phụ tùng Honda tiêu chuẩn,526.000 ₫,1
22123K0JN00,Bộ bi văng,HONDA,Phụ tùng Honda tiêu chuẩn,205.000 ₫,1
22123K0SV00,Bộ bi văng,HONDA,Phụ tùng Honda tiêu chuẩn,458.000 ₫,1
22123K36T00,Bộ bi văng,HONDA,Phụ tùng Honda tiêu chuẩn,216.000 ₫,1
22123K44V80,Bộ bi văng,HONDA,Phụ tùng Honda tiêu chuẩn,233.000 ₫,2
22123KVB900,Bộ bi văng,HONDA,Phụ tùng Honda tiêu chuẩn,256.000 ₫,1
22123KWN710,Bộ bi văng,HONDA,Phụ tùng Honda tiêu chuẩn,122.000 ₫,1
22123KWN900,Bộ bi văng,HONDA,Phụ tùng Honda tiêu chuẩn,213.000 ₫,3
22131K0JN00,Giá bi văng ly hợp,HONDA,Phụ tùng Honda tiêu chuẩn,108.000 ₫,1
22131KVB900,Giá bi văng ly hợp,HONDA,Phụ tùng Honda tiêu chuẩn,87.000 ₫,1
22131KWN900,Giá bi văng,HONDA,Phụ tùng Honda tiêu chuẩn,136.000 ₫,1
22201K09L01,Đĩa ma sát ly hợp,HONDA,Phụ tùng Honda tiêu chuẩn,56.000 ₫,2
22201K26C00,Đĩa ma sát ly hợp,HONDA,Phụ tùng Honda tiêu chuẩn,138.000 ₫,1
22201K56N01,Đĩa ma sát ly hợp,HONDA,Phụ tùng Honda tiêu chuẩn,329.000 ₫,5
22201KBW900,Đĩa ma sát ly hợp,HONDA,Phụ tùng Honda tiêu chuẩn,94.000 ₫,4
22201KPH900,Đĩa ma sát ly hợp,HONDA,Phụ tùng Honda tiêu chuẩn,124.000 ₫,1
22201KWB601,Đĩa ma sát ly hợp,HONDA,Phụ tùng Honda tiêu chuẩn,79.000 ₫,1
22201KWW741,Đĩa ma sát ly hợp,HONDA,Phụ tùng Honda tiêu chuẩn,84.000 ₫,3
22201KYZ901,Đĩa ma sát ly hợp,HONDA,Phụ tùng Honda tiêu chuẩn,130.000 ₫,4
22208KYZ901,Cụm đĩa ma sát ly hợp,HONDA,Phụ tùng Honda tiêu chuẩn,145.000 ₫,1
22300K01900,Bộ côn văng,HONDA,Phụ tùng Honda tiêu chuẩn,624.000 ₫,1
22300KZR600,Cụm đĩa guốc văng ly hợp,HONDA,Phụ tùng Honda tiêu chuẩn,527.000 ₫,2
22311KN4680,ÐĨA SẮT LY HỢP,HONDA,Phụ tùng Honda tiêu chuẩn,27.000 ₫,6
22321KE8000,Đĩa sắt ly hợp,HONDA,Phụ tùng Honda tiêu chuẩn,24.000 ₫,1
22321KWB601,ÐĨA SẮT LY HỢP,HONDA,Phụ tùng Honda tiêu chuẩn,67.000 ₫,1
22321KWW742,Đĩa sắt ly hợp,HONDA,Phụ tùng Honda tiêu chuẩn,105.000 ₫,1
22350115020,Đĩa ép ly hợp,HONDA,Phụ tùng Honda tiêu chuẩn,71.000 ₫,1
22350GFM890,Tấm dãn động guốc văng thứ cấp,HONDA,Phụ tùng Honda tiêu chuẩn,153.000 ₫,1
22350K50T01,Giá guốc văng thứ cấp,HONDA,Phụ tùng Honda tiêu chuẩn,173.000 ₫,1
22350K56N02,Đĩa ép ly hợp,HONDA,Phụ tùng Honda tiêu chuẩn,527.000 ₫,1
22350KPGT00,Tấm đĩa ép ly hợp,HONDA,Phụ tùng Honda tiêu chuẩn,201.000 ₫,1
22351KWB601,Đĩa ép ly hợp,HONDA,Phụ tùng Honda tiêu chuẩn,94.000 ₫,1
22361K44V81,Tấm ép cạnh ly hợp,HONDA,Phụ tùng Honda tiêu chuẩn,37.000 ₫,10
22361K56N01,Đĩa nâng ly hợp,HONDA,Phụ tùng Honda tiêu chuẩn,453.000 ₫,1
22361KVB900,Tấm ép guốc văng ly hợp,HONDA,Phụ tùng Honda tiêu chuẩn,36.000 ₫,1
22361KWB601,Đĩa nâng ly hợp,HONDA,Phụ tùng Honda tiêu chuẩn,53.000 ₫,1
22401KEV900,Lò xo ly hợp,HONDA,Phụ tùng Honda tiêu chuẩn,13.000 ₫,2
22401KGG910,Lò xo ly hợp,HONDA,Phụ tùng Honda tiêu chuẩn,13.000 ₫,3
22401KWB601,Lò xo ly hợp,HONDA,Phụ tùng Honda tiêu chuẩn,71.000 ₫,1
22402KWB601,Đế lò xo ly hợp,HONDA,Phụ tùng Honda tiêu chuẩn,19.000 ₫,1
22534K66V00,Bộ guốc văng ly hợp,HONDA,Phụ tùng Honda tiêu chuẩn,483.000 ₫,1
22535K09L00,Bộ guốc văng ly hợp sơ cấp,HONDA,Phụ tùng Honda tiêu chuẩn,281.000 ₫,1
22535K0RV00,Bộ guốc văng ly hợp sơ cấp,HONDA,Phụ tùng Honda tiêu chuẩn,533.000 ₫,1
22535K12V00,Bộ guốc văng ly hợp sơ cấp,HONDA,Phụ tùng Honda tiêu chuẩn,512.000 ₫,1
22535K1AN10,Bộ guốc văng ly hợp,HONDA,Phụ tùng Honda tiêu chuẩn,389.000 ₫,1
22535K1NV00,Bộ guốc văng ly hợp sơ cấp,HONDA,Phụ tùng Honda tiêu chuẩn,535.000 ₫,1
22535K2FN00,Bộ guốc văng ly hợp,HONDA,Phụ tùng Honda tiêu chuẩn,375.000 ₫,1
22535K35V00,Bộ guốc văng ly hợp sơ cấp,HONDA,Phụ tùng Honda tiêu chuẩn,358.000 ₫,1
22535KFL305,Bộ guốc văng ly hợp sơ cấp,HONDA,Phụ tùng Honda tiêu chuẩn,1.374.000 ₫,1
22535KFLD00,Bộ guốc văng ly hợp sơ cấp,HONDA,Phụ tùng Honda tiêu chuẩn,390.000 ₫,1
22535KPH309,Guốc văng ly hợp,HONDA,Phụ tùng Honda tiêu chuẩn,450.000 ₫,1
22535KTF980,Guốc văng ly hợp,HONDA,Phụ tùng Honda tiêu chuẩn,536.000 ₫,1
22535KVB900,Guốc văng ly hợp sơ cấp,HONDA,Phụ tùng Honda tiêu chuẩn,349.000 ₫,1
22535KWB305,Bộ guốc văng ly hợp sơ cấp,HONDA,Phụ tùng Honda tiêu chuẩn,444.000 ₫,2
2253AK44V00,Bộ guốc văng,HONDA,Phụ tùng Honda tiêu chuẩn,707.000 ₫,1
22600K09L01,Cụm đĩa guốc văng ly hợp,HONDA,Phụ tùng Honda tiêu chuẩn,681.000 ₫,1
22600KFLD00,Cụm đĩa guốc văng ly hợp,HONDA,Phụ tùng Honda tiêu chuẩn,738.000 ₫,1
22610KWW741,Đĩa guốc văng ly hợp sơ cấp,HONDA,Phụ tùng Honda tiêu chuẩn,250.000 ₫,1
22660KFM900,Bộ nồi ly hợp sơ cấp,HONDA,Phụ tùng Honda tiêu chuẩn,730.000 ₫,2
22660KPH901,Bộ nồi ly hợp sơ cấp,HONDA,Phụ tùng Honda tiêu chuẩn,934.000 ₫,1
22660KTL740,Bộ nồi ly hợp sơ cấp,HONDA,Phụ tùng Honda tiêu chuẩn,681.000 ₫,1
22660KWB601,Bộ nồi ly hợp sơ cấp,HONDA,Phụ tùng Honda tiêu chuẩn,469.000 ₫,1
22660KYZ901,Bộ nồi ly hợp sơ cấp,HONDA,Phụ tùng Honda tiêu chuẩn,966.000 ₫,1
22804148000,Cao su giảm chấn guốc văng,HONDA,Phụ tùng Honda tiêu chuẩn,19.000 ₫,1
22804GB2000,Cao su giảm chấn guốc văng,HONDA,Phụ tùng Honda tiêu chuẩn,11.000 ₫,1
22804KPH880,Cao su giảm chấn guốc văng,HONDA,Phụ tùng Honda tiêu chuẩn,8.000 ₫,1
22810K26C00,CẦN NÂNG LY HỢP,HONDA,Phụ tùng Honda tiêu chuẩn,195.000 ₫,1
22810KTL740,Cần nâng ly hợp,HONDA,Phụ tùng Honda tiêu chuẩn,39.000 ₫,1
22815166000,Lò xo cần nâng ly hợp,HONDA,Phụ tùng Honda tiêu chuẩn,11.000 ₫,1
22820KYZ900,ĐĨA CAM NÂNG LY HỢP,HONDA,Phụ tùng Honda tiêu chuẩn,76.000 ₫,1
22823K09C00,Đĩa cam nâng ly hợp,HONDA,Phụ tùng Honda tiêu chuẩn,25.000 ₫,1
22825046000,Lò xo ép đĩa cam,HONDA,Phụ tùng Honda tiêu chuẩn,7.000 ₫,1
22825KWW740,Lò xo ép đĩa cam,HONDA,Phụ tùng Honda tiêu chuẩn,10.000 ₫,1
22830K09C00,Giá bi nâng ly hợp,HONDA,Phụ tùng Honda tiêu chuẩn,27.000 ₫,1
22830KYZ900,Giá bi nâng ly hợp,HONDA,Phụ tùng Honda tiêu chuẩn,31.000 ₫,1
22840KFL850,Đĩa bi nâng ly hợp,HONDA,Phụ tùng Honda tiêu chuẩn,54.000 ₫,4
22846GN5910,Vít chỉnh ly hợp,HONDA,Phụ tùng Honda tiêu chuẩn,13.000 ₫,2
22846KPH901,Vít chỉnh ly hợp,HONDA,Phụ tùng Honda tiêu chuẩn,13.000 ₫,1
22860HB3000,Tấm giữ bi ly hợp,HONDA,Phụ tùng Honda tiêu chuẩn,22.000 ₫,1
22860KWW740,Tấm giữ bi ly hợp,HONDA,Phụ tùng Honda tiêu chuẩn,22.000 ₫,1
23100GFM901,Dây đai truyền động,HONDA,Dây đai,436.000 ₫,1
23100K01901,Dây đai truyền chuyển động,HONDA,Dây đai,658.000 ₫,1
23100K02901,Dây đai truyền chuyển động,HONDA,Dây đai,747.000 ₫,2
23100K1NV01,Dây đai truyền chuyển động,HONDA,Dây đai,521.000 ₫,3
23100K35V01,Dây đai truyền chuyển động,HONDA,Dây đai,338.000 ₫,1
23100K44V01,Dây đai truyền chuyển động,HONDA,Dây đai,412.000 ₫,11
23100K97T01,Dây đai truyền động,HONDA,Dây đai,430.000 ₫,1
23100KVB901,Dây đai truyền động,HONDA,Dây đai,518.000 ₫,1
23100KWN901,Dây đai truyền chuyển động,HONDA,Dây đai,707.000 ₫,1
23100KWZ901,Dây đai truyền chuyển động,HONDA,Dây đai,461.000 ₫,1
23100KZL931,Dây đai truyền chuyển động,HONDA,Dây đai,376.000 ₫,3
23204K27V00,Bộ má tĩnh puly bị động,HONDA,Phụ tùng Honda tiêu chuẩn,829.000 ₫,1
23204K66V00,Bộ má tĩnh puly bị động,HONDA,Phụ tùng Honda tiêu chuẩn,453.000 ₫,2
23205GFM891,Bộ má tĩnh puly bị động,HONDA,Phụ tùng Honda tiêu chuẩn,783.000 ₫,1
23205GGC900,Bộ má tĩnh puly bị động,HONDA,Phụ tùng Honda tiêu chuẩn,932.000 ₫,1
23205K01900,Má tĩnh puly bị động,HONDA,Phụ tùng Honda tiêu chuẩn,886.000 ₫,1
23205K0RV00,Bộ đĩa ép thứ cấp,HONDA,Phụ tùng Honda tiêu chuẩn,781.000 ₫,1
23205K12V00,Má tĩnh puly bị động,HONDA,Phụ tùng Honda tiêu chuẩn,666.000 ₫,1
23205K29V80,Bộ má tĩnh puly bị động,HONDA,Phụ tùng Honda tiêu chuẩn,680.000 ₫,1
23205K2ST00,Má tĩnh puly bị động,HONDA,Phụ tùng Honda tiêu chuẩn,524.000 ₫,1
23205K44V00,Bộ đĩa ép thứ cấp,HONDA,Phụ tùng Honda tiêu chuẩn,640.000 ₫,1
23205K66V00,Bộ má tĩnh puly bị động,HONDA,Phụ tùng Honda tiêu chuẩn,464.000 ₫,1
23205K77V00,Bộ má tĩnh pu ly bị động,HONDA,Phụ tùng Honda tiêu chuẩn,874.000 ₫,1
23205KVBS50,Bộ má tĩnh pu ly bị động,HONDA,Phụ tùng Honda tiêu chuẩn,912.000 ₫,1
2320AGAH305GR,Tuýp mỡ,HONDA,DD vệ sinh,28.000 ₫,81
23211KFM900,Trục sơ cấp hộp số (12răng),HONDA,Phụ tùng Honda tiêu chuẩn,513.000 ₫,1
23211KPH900,TRỤC SƠ CẤP HỘP SỐ,HONDA,Phụ tùng Honda tiêu chuẩn,252.000 ₫,1
23221KRS830,Trục số thứ cấp,HONDA,Phụ tùng Honda tiêu chuẩn,127.000 ₫,1
23221KTS900,Trục số thứ cấp,HONDA,Phụ tùng Honda tiêu chuẩn,124.000 ₫,1
23223K66V00,Bộ puly truyền động thứ cấp,HONDA,Phụ tùng Honda tiêu chuẩn,493.000 ₫,2
23224GFM901,Bộ má động puly bị động,HONDA,Phụ tùng Honda tiêu chuẩn,418.000 ₫,1
23224K01900,Má động pu ly bị động,HONDA,Phụ tùng Honda tiêu chuẩn,499.000 ₫,1
23224K29V80,BỘ MÁ ĐỘNG PU LY BỊ ĐỘNG,HONDA,Phụ tùng Honda tiêu chuẩn,430.000 ₫,1
23224K2ST00,MÁ ĐỘNG PU LY BỊ ĐỘNG,HONDA,Phụ tùng Honda tiêu chuẩn,626.000 ₫,1
23224K35V00,Má động pu ly bị động,HONDA,Phụ tùng Honda tiêu chuẩn,352.000 ₫,1
23224K44V00,Bộ puly truyền động thứ cấp,HONDA,Phụ tùng Honda tiêu chuẩn,459.000 ₫,1
23224K77V00,Bộ puly truyền động thứ cấp,HONDA,Phụ tùng Honda tiêu chuẩn,483.000 ₫,1
23224KVB900,Bộ má động pu ly bị động,HONDA,Phụ tùng Honda tiêu chuẩn,573.000 ₫,1
23224KVBS50,Bộ má động pu ly bị động,HONDA,Phụ tùng Honda tiêu chuẩn,499.000 ₫,1
23224KWZ305,Bộ mã động puly bị động,HONDA,Phụ tùng Honda tiêu chuẩn,980.000 ₫,1
23224KZL930,Bộ má động puly chủ động,HONDA,Phụ tùng Honda tiêu chuẩn,479.000 ₫,1
23225GW3000,Chốt con lăn dẫn hướng,HONDA,Phụ tùng Honda tiêu chuẩn,25.000 ₫,3
23225KSY900,Chốt con lăn dẫn hướng,HONDA,Phụ tùng Honda tiêu chuẩn,8.000 ₫,3
23226GCCC50,Con lăn dẫn hướng,HONDA,Phụ tùng Honda tiêu chuẩn,11.000 ₫,3
23226KVB900,Con lăn dẫn hướng,HONDA,Phụ tùng Honda tiêu chuẩn,8.000 ₫,3
23233K35V00,Lò xo má pu ly bị động,HONDA,Phụ tùng Honda tiêu chuẩn,90.000 ₫,1
23233K44V00,LÒ XO PULY TRUYỀN ĐỘNG THỨ CẤP,HONDA,Phụ tùng Honda tiêu chuẩn,125.000 ₫,1
23237KWN900,Bạc chặn lò xo,HONDA,Phụ tùng Honda tiêu chuẩn,101.000 ₫,1
23411GFM900,Trục sơ cấp (20răng),HONDA,Phụ tùng Honda tiêu chuẩn,598.000 ₫,1
23411K01901,Trục sơ cấp,HONDA,Phụ tùng Honda tiêu chuẩn,333.000 ₫,1
23411K0JN00,Trục sơ cấp,HONDA,Phụ tùng Honda tiêu chuẩn,150.000 ₫,1
23411K0RV00,Trục sơ cấp,HONDA,Phụ tùng Honda tiêu chuẩn,290.000 ₫,1
23411K0SV00,Trục sơ cấp,HONDA,Phụ tùng Honda tiêu chuẩn,298.000 ₫,1
23411K46N20,Trục sơ cấp (18 răng),HONDA,Phụ tùng Honda tiêu chuẩn,176.000 ₫,1
23411K81N00,Trục sơ cấp,HONDA,Phụ tùng Honda tiêu chuẩn,173.000 ₫,1
23411KZL930,Trục sơ cấp (18 răng),HONDA,Phụ tùng Honda tiêu chuẩn,275.000 ₫,1
23411KZR601,Trục sơ cấp,HONDA,Phụ tùng Honda tiêu chuẩn,248.000 ₫,1
23421GFM900,Trục thứ cấp (13răng),HONDA,Phụ tùng Honda tiêu chuẩn,370.000 ₫,1
23421K0RV00,Trục số thứ cấp,HONDA,Phụ tùng Honda tiêu chuẩn,154.000 ₫,1
23421K1AN80,TRỤC SỐ THỨ CẤP,HONDA,Phụ tùng Honda tiêu chuẩn,150.000 ₫,1
23421K44V00,Trục thứ cấp (12răng),HONDA,Phụ tùng Honda tiêu chuẩn,171.000 ₫,1
23421K81N00,Trục số thứ cấp,HONDA,Phụ tùng Honda tiêu chuẩn,168.000 ₫,1
23421KEV900,Bánh răng số 1 thứ cấp 34 răng,HONDA,Phụ tùng Honda tiêu chuẩn,365.000 ₫,1
23421KPH900,Bánh răng số 1 thứ cấp 35 răng,HONDA,Phụ tùng Honda tiêu chuẩn,196.000 ₫,1
23421KVB900,Trục thứ cấp (12 răng),HONDA,Phụ tùng Honda tiêu chuẩn,184.000 ₫,1
23421KWN710,Trục thứ cấp,HONDA,Phụ tùng Honda tiêu chuẩn,191.000 ₫,1
23421KZR600,Trục thứ cấp,HONDA,Phụ tùng Honda tiêu chuẩn,179.000 ₫,1
23422GFM900,Bánh răng trục thứ cấp (50 răng),HONDA,Phụ tùng Honda tiêu chuẩn,435.000 ₫,1
23422K0JN00,Bánh răng trục thứ cấp,HONDA,Phụ tùng Honda tiêu chuẩn,151.000 ₫,1
23422K0RV00,Ống lót bánh răng số,HONDA,Phụ tùng Honda tiêu chuẩn,264.000 ₫,1
23422K0SV00,Bánh răng trục thứ cấp,HONDA,Phụ tùng Honda tiêu chuẩn,258.000 ₫,1
23422K44V80,Bánh răng trục thứ cấp,HONDA,Phụ tùng Honda tiêu chuẩn,173.000 ₫,2
23422K66V00,Bánh răng trục thứ cấp,HONDA,Phụ tùng Honda tiêu chuẩn,261.000 ₫,1
23422K77V00,Bánh răng trục thứ cấp,HONDA,Phụ tùng Honda tiêu chuẩn,284.000 ₫,1
23422KWN900,Bánh răng trục thứ cấp 53răng,HONDA,Phụ tùng Honda tiêu chuẩn,284.000 ₫,1
23430GFM900,Trục giảm tốc (49răng),HONDA,Phụ tùng Honda tiêu chuẩn,1.105.000 ₫,1
23430K0JN00,Bánh răng giảm tốc,HONDA,Phụ tùng Honda tiêu chuẩn,546.000 ₫,1
23430K0RV00,Trục giảm tốc,HONDA,Phụ tùng Honda tiêu chuẩn,499.000 ₫,1
23430K27V00,Trục giảm tốc,HONDA,Phụ tùng Honda tiêu chuẩn,757.000 ₫,1
23430K29900,Trục giảm tốc,HONDA,Phụ tùng Honda tiêu chuẩn,563.000 ₫,1
23430KVB900,Bánh răng giảm tốc (45 răng),HONDA,Phụ tùng Honda tiêu chuẩn,677.000 ₫,1
23430KVG900,Trục giảm tốc,HONDA,Phụ tùng Honda tiêu chuẩn,1.410.000 ₫,1
23431KEV900,Bánh răng số 2 sơ cấp (17răng),HONDA,Phụ tùng Honda tiêu chuẩn,406.000 ₫,1
23431KPH700,Bánh răng số 2 sơ cấp (20răng),HONDA,Phụ tùng Honda tiêu chuẩn,241.000 ₫,1
23441KEV900,Bánh răng số 2 thứ cấp 29 răng,HONDA,Phụ tùng Honda tiêu chuẩn,481.000 ₫,1
23441KPH900,Bánh răng số 2 thứ cấp 31 răng,HONDA,Phụ tùng Honda tiêu chuẩn,156.000 ₫,1
23451KFL850,Bánh răng số 3 sơ cấp (21răng),HONDA,Phụ tùng Honda tiêu chuẩn,430.000 ₫,1
23451KPH700,Bánh răng số 3 sơ cấp (20răng),HONDA,Phụ tùng Honda tiêu chuẩn,245.000 ₫,1
23451KRS920,BÁNH RĂNG SỐ 3 SƠ CẤP (21RĂNG),HONDA,Phụ tùng Honda tiêu chuẩn,179.000 ₫,1
23461GK4762,Bánh răng số 3 thứ cấp 26 răng,HONDA,Phụ tùng Honda tiêu chuẩn,379.000 ₫,1
23461KPH900,Bánh răng số 3 thứ cấp 23 răng,HONDA,Phụ tùng Honda tiêu chuẩn,241.000 ₫,1
23461KRS920,Bánh răng số 3 thứ cấp 26 răng,HONDA,Phụ tùng Honda tiêu chuẩn,159.000 ₫,1
23471KEV750,Bánh răng số 4 sơ cấp (24răng),HONDA,Phụ tùng Honda tiêu chuẩn,415.000 ₫,1
23471KPH700,Bánh răng số 4 sơ cấp (26răng),HONDA,Phụ tùng Honda tiêu chuẩn,324.000 ₫,1
23481GB4771,Bánh răng số 4 thứ cấp 23 răng,HONDA,Phụ tùng Honda tiêu chuẩn,168.000 ₫,1
23481KPH700,Bánh răng số 4 thứ cấp 24 răng,HONDA,Phụ tùng Honda tiêu chuẩn,231.000 ₫,1
23801K26900,NHÔNG TẢI (15 RĂNG),HONDA,Nhông tải,258.000 ₫,1
23801KBP900,Nhông trước 15T,HONDA,Nhông tải,144.000 ₫,2
23801KPH900,NHÔNG TẢI TRƯỚC (14RĂNG),HONDA,Nhông tải,31.000 ₫,3
23801KTL780,Nhông tải trước (14răng),HONDA,Nhông tải,28.000 ₫,1
23801KTM900,Nhông tải trước (14răng),HONDA,Nhông tải,25.000 ₫,1
24430KPH901,Cần hãm heo số,HONDA,Phụ tùng Honda tiêu chuẩn,16.000 ₫,1
24610KWB600,Trục sang số,HONDA,Phụ tùng Honda tiêu chuẩn,138.000 ₫,1
24610KWW740,Trục sang số,HONDA,Phụ tùng Honda tiêu chuẩn,113.000 ₫,1
24641KBP900,Lò xo cần gạt bánh răng số,HONDA,Phụ tùng Honda tiêu chuẩn,10.000 ₫,1
24701K03N30,Cần sang số,HONDA,Phụ tùng Honda tiêu chuẩn,73.000 ₫,1
24701K56V00,Cần sang số,HONDA,Phụ tùng Honda tiêu chuẩn,119.000 ₫,1
24701K56V50,Cần sang số,HONDA,Phụ tùng Honda tiêu chuẩn,98.000 ₫,1
24701KEV900,Cần sang số,HONDA,Phụ tùng Honda tiêu chuẩn,122.000 ₫,1
24701KFL890,Cần sang số,HONDA,Phụ tùng Honda tiêu chuẩn,167.000 ₫,1
24701KFM900,Cần sang số,HONDA,Phụ tùng Honda tiêu chuẩn,130.000 ₫,1
24701KVRV10,Cần sang số,HONDA,Phụ tùng Honda tiêu chuẩn,71.000 ₫,2
24701KWW621,Cần sang số,HONDA,Phụ tùng Honda tiêu chuẩn,91.000 ₫,1
24701KYZ900,Cần sang số,HONDA,Phụ tùng Honda tiêu chuẩn,90.000 ₫,1
24701KZVT00,Cần sang số,HONDA,Phụ tùng Honda tiêu chuẩn,121.000 ₫,1
24711K56V00,Càng trục sang số sau,HONDA,Phụ tùng Honda tiêu chuẩn,51.000 ₫,2
24720K56N00,Đai kẹp chụp bụi,HONDA,Phụ tùng Honda tiêu chuẩn,10.000 ₫,1
24721K56N00,Ốp cần đạp sang số,HONDA,Phụ tùng Honda tiêu chuẩn,8.000 ₫,1
24722K56N00,Ốp B cần sang số,HONDA,Phụ tùng Honda tiêu chuẩn,8.000 ₫,1
24781KRH900,Cao su cần đạp sang số,HONDA,Phụ tùng Honda tiêu chuẩn,16.000 ₫,1
28101GB4701,Xích khởi động,HONDA,Phụ tùng Honda tiêu chuẩn,36.000 ₫,2
28111KWW740,Bánh răng tải khởi động 55răng,HONDA,Phụ tùng Honda tiêu chuẩn,170.000 ₫,1
28120KRS830,Đĩa bi khởi động,HONDA,Phụ tùng Honda tiêu chuẩn,329.000 ₫,1
28120KVB901,Bộ bánh răng khởi động,HONDA,Phụ tùng Honda tiêu chuẩn,653.000 ₫,1
28130KWW740,Bánh răng khởi động 55/14răng,HONDA,Phụ tùng Honda tiêu chuẩn,139.000 ₫,1
28131KYZ901,Bánh răng xích đề bị động 17r/,HONDA,Phụ tùng Honda tiêu chuẩn,124.000 ₫,1
28132KPH900,TRỤC BÁNH RĂNG ĐỀ BỊ ĐỘNG,HONDA,Phụ tùng Honda tiêu chuẩn,11.000 ₫,2
28251KWWB10,Trục khởi động,HONDA,Phụ tùng Honda tiêu chuẩn,387.000 ₫,1
28281KZLC00,Lò xo trục khởi động,HONDA,Phụ tùng Honda tiêu chuẩn,22.000 ₫,1
28300K56N00,Bộ cần khởi động,HONDA,Phụ tùng Honda tiêu chuẩn,312.000 ₫,1
28300K90V00,Bộ cần khởi động,HONDA,Phụ tùng Honda tiêu chuẩn,138.000 ₫,1
28300KEV900,Cần đạp khởi động,HONDA,Phụ tùng Honda tiêu chuẩn,125.000 ₫,1
28300KTL740,Cần đạp khởi động,HONDA,Phụ tùng Honda tiêu chuẩn,119.000 ₫,1
28300KVY900,Cần khởi động,HONDA,Phụ tùng Honda tiêu chuẩn,147.000 ₫,1
28300KYZG00,Bộ cần khởi động,HONDA,Phụ tùng Honda tiêu chuẩn,156.000 ₫,1
28300KZR700,Cần đạp khởi động,HONDA,Phụ tùng Honda tiêu chuẩn,219.000 ₫,1
28311342000,Cao su cần đạp khởi động,HONDA,Phụ tùng Honda tiêu chuẩn,10.000 ₫,1
28333300000,Lò xo hãm để chân sau,HONDA,Phụ tùng Honda tiêu chuẩn,7.000 ₫,1
30400K0SV12,Bộ điều khiển động cơ,HONDA,Phụ tùng Honda tiêu chuẩn,4.879.000 ₫,1
30400K1NV02,Bộ điều khiển động cơ,HONDA,Phụ tùng Honda tiêu chuẩn,3.627.000 ₫,1
30400K29961,Bộ điều khiển động cơ,HONDA,Phụ tùng Honda tiêu chuẩn,4.151.000 ₫,1
30400K29V81,Bộ điều khiển động cơ,HONDA,Phụ tùng Honda tiêu chuẩn,4.151.000 ₫,1
30400K2CV11,Bộ điều khiển động cơ,HONDA,Phụ tùng Honda tiêu chuẩn,2.369.000 ₫,1
30400K2CV31,Bộ điều khiển động cơ,HONDA,Phụ tùng Honda tiêu chuẩn,2.369.000 ₫,1
30400K2CVA1,Bộ điều khiển động cơ,HONDA,Phụ tùng Honda tiêu chuẩn,2.366.000 ₫,1
30400K2SV01,Bộ điều khiển động cơ,HONDA,Phụ tùng Honda tiêu chuẩn,3.218.000 ₫,1
30400K44V01,Bộ điều khiển động cơ,HONDA,Phụ tùng Honda tiêu chuẩn,2.749.000 ₫,1
30400K44V91,Bộ điều khiển động cơ,HONDA,Phụ tùng Honda tiêu chuẩn,2.668.000 ₫,1
30400K66V01,Bộ điều khiển động cơ,HONDA,Phụ tùng Honda tiêu chuẩn,4.845.000 ₫,2
30400K77V01,Bộ điều khiển động cơ,HONDA,Phụ tùng Honda tiêu chuẩn,5.403.000 ₫,1
30410K89V01,Bộ CDI (IC),HONDA,Phụ tùng Honda tiêu chuẩn,860.000 ₫,1
30410KPW901,Bộ CDI (IC),HONDA,Phụ tùng Honda tiêu chuẩn,1.109.000 ₫,1
30410KRS901,Bộ CDI (IC),HONDA,Phụ tùng Honda tiêu chuẩn,347.000 ₫,1
30410KVB953,Bộ CDI (I.C),HONDA,Phụ tùng Honda tiêu chuẩn,1.728.000 ₫,1
30410KVG951,Bộ CDI (I.C),HONDA,Phụ tùng Honda tiêu chuẩn,2.332.000 ₫,1
30410KWWB22,Bộ CDI (I.C),HONDA,Phụ tùng Honda tiêu chuẩn,1.043.000 ₫,1
30410KYZV02,Bộ CDI (IC),HONDA,Phụ tùng Honda tiêu chuẩn,1.225.000 ₫,1
30500K07941,Mô bin cao áp,HONDA,Phụ tùng Honda tiêu chuẩn,208.000 ₫,1
30500KRS860,Mô bin cao áp,HONDA,Phụ tùng Honda tiêu chuẩn,119.000 ₫,1
30500KTL641,Mô bin cao áp,HONDA,Phụ tùng Honda tiêu chuẩn,119.000 ₫,1
30500KVB901,Môbin sườn,HONDA,Phụ tùng Honda tiêu chuẩn,626.000 ₫,1
30500KVG900,Bô bin cao áp,HONDA,Phụ tùng Honda tiêu chuẩn,616.000 ₫,1
30500KVV901,Mô bin cao áp,HONDA,Phụ tùng Honda tiêu chuẩn,860.000 ₫,1
30500KVV902,Mô bin cao áp,HONDA,Phụ tùng Honda tiêu chuẩn,236.000 ₫,1
30500KWWB21,Mô bin cao áp,HONDA,Phụ tùng Honda tiêu chuẩn,168.000 ₫,2
30510K03M01,Mô bin cao áp,HONDA,Phụ tùng Honda tiêu chuẩn,161.000 ₫,1
30510K0RV01,Mô bin cao áp (MP35V),HONDA,Phụ tùng Honda tiêu chuẩn,153.000 ₫,1
30510K2CV01,Mô bin cao áp,HONDA,Phụ tùng Honda tiêu chuẩn,176.000 ₫,1
30510K44V01,Mô bin cao áp,HONDA,Phụ tùng Honda tiêu chuẩn,208.000 ₫,1
30510K56V01,Mô bin cao áp,HONDA,Phụ tùng Honda tiêu chuẩn,168.000 ₫,2
30510K57V01,Mô bin cao áp,HONDA,Phụ tùng Honda tiêu chuẩn,116.000 ₫,1
30510K66V01,Mô bin cao áp,HONDA,Phụ tùng Honda tiêu chuẩn,236.000 ₫,1
30510K73V81,MÔ BIN CAO ÁP (SE39S),HONDA,Phụ tùng Honda tiêu chuẩn,191.000 ₫,1
30510KVGV21,Mô bin cao áp,HONDA,Phụ tùng Honda tiêu chuẩn,227.000 ₫,1
30510KVGV41,Mô bin cao áp,HONDA,Phụ tùng Honda tiêu chuẩn,224.000 ₫,1
30510KYZV71,Mô bin cao áp,HONDA,Phụ tùng Honda tiêu chuẩn,190.000 ₫,1
30700GFM902,Nắp chụp bu gi,HONDA,Phụ tùng Honda tiêu chuẩn,48.000 ₫,1
30700K27V01,Nắp chụp bu gi,HONDA,Phụ tùng Honda tiêu chuẩn,99.000 ₫,1
30700K44V81,Nắp chụp bu gi,HONDA,Phụ tùng Honda tiêu chuẩn,56.000 ₫,14
30700KRS860,Nắp chụp bu gi,HONDA,Phụ tùng Honda tiêu chuẩn,53.000 ₫,1
30700KRS971,Nắp chụp bu gi,HONDA,Phụ tùng Honda tiêu chuẩn,239.000 ₫,1
30700KWWB21,NẮP CHỤP BU GI,HONDA,Phụ tùng Honda tiêu chuẩn,64.000 ₫,1
30700KY2702,Nắp chụp bu gi,HONDA,Phụ tùng Honda tiêu chuẩn,147.000 ₫,1
31110KRS901,Bánh đà vô lăng điện,HONDA,Phụ tùng Honda tiêu chuẩn,402.000 ₫,1
31120GFM972,Cuộn dây máy phát điện,HONDA,Phụ tùng Honda tiêu chuẩn,886.000 ₫,1
31120K03H11,Cuộn dây máy phát điện,HONDA,Phụ tùng Honda tiêu chuẩn,455.000 ₫,1
31120K56N11,Cuộn dây máy phát điện,HONDA,Phụ tùng Honda tiêu chuẩn,2.043.000 ₫,1
31120K73V41,Cuộn dây máy phát điện,HONDA,Phụ tùng Honda tiêu chuẩn,484.000 ₫,1
31120KRS860,Cuộn dây máy phát điện,HONDA,Phụ tùng Honda tiêu chuẩn,401.000 ₫,1
31120KTL641,Cuộn dây máy phát điện,HONDA,Phụ tùng Honda tiêu chuẩn,359.000 ₫,1
31120KVG951,Cuộn dây máy phát điện,HONDA,Phụ tùng Honda tiêu chuẩn,526.000 ₫,1
31120KVGA31,Cuộn dây máy phát điện,HONDA,Phụ tùng Honda tiêu chuẩn,600.000 ₫,1
31120KVGV41,Cuộn dây máy phát điện,HONDA,Phụ tùng Honda tiêu chuẩn,791.000 ₫,1
31120KWB921,Cuộn dây máy phát điện,HONDA,Phụ tùng Honda tiêu chuẩn,473.000 ₫,1
31120KYZ711,Cuộn dây máy phát điện,HONDA,Phụ tùng Honda tiêu chuẩn,587.000 ₫,1
31200K56N01,Cụm mô tơ đề,HONDA,Phụ tùng Honda tiêu chuẩn,2.776.000 ₫,1
31201187701,Bộ chổi than máy đề,HONDA,Phụ tùng Honda tiêu chuẩn,39.000 ₫,2
31201KPTA01,CHỔI THAN,HONDA,Phụ tùng Honda tiêu chuẩn,85.000 ₫,5
31204GBG970,Lò xo chổi than,HONDA,Phụ tùng Honda tiêu chuẩn,8.000 ₫,17
31206GW3004,Đệm kín mô tơ đề,HONDA,Phụ tùng Honda tiêu chuẩn,13.000 ₫,1
31210GFM972,Môtơ khởi động,HONDA,Phụ tùng Honda tiêu chuẩn,794.000 ₫,1
31210K44V01,Bánh đà vô lăng điện,HONDA,Phụ tùng Honda tiêu chuẩn,663.000 ₫,1
31210K90VC1,Cụm mô tơ máy đề,HONDA,Phụ tùng Honda tiêu chuẩn,532.000 ₫,1
31210K97T01,BÁNH ĐÀ,HONDA,Phụ tùng Honda tiêu chuẩn,481.000 ₫,1
31210KVB951,Mô tơ đề,HONDA,Phụ tùng Honda tiêu chuẩn,704.000 ₫,1
31210KZR601,Cụm vô lăng điện,HONDA,Phụ tùng Honda tiêu chuẩn,538.000 ₫,1
31210KZVT11,Motơ đề,HONDA,Phụ tùng Honda tiêu chuẩn,518.000 ₫,1
31220K12931,Cuộn dây máy phát điện,HONDA,Phụ tùng Honda tiêu chuẩn,1.621.000 ₫,1
31220K12V01,Cuộn dây máy phát điện,HONDA,Phụ tùng Honda tiêu chuẩn,1.564.000 ₫,1
31220K1NV01,Cuộn dây máy phát điện,HONDA,Phụ tùng Honda tiêu chuẩn,1.393.000 ₫,1
31220K27V01,Cuộn dây máy phát điện,HONDA,Phụ tùng Honda tiêu chuẩn,2.175.000 ₫,1
31220K29911,Cuộn dây máy phát điện,HONDA,Phụ tùng Honda tiêu chuẩn,1.468.000 ₫,1
31220K2CV01,Cuộn dây máy phát điện,HONDA,Phụ tùng Honda tiêu chuẩn,1.234.000 ₫,1
31220K44V01,Cuộn dây máy phát điện,HONDA,Phụ tùng Honda tiêu chuẩn,1.463.000 ₫,1
31500K01901,Bình ắc quy GTZ6V,HONDA,Ắc quy,453.000 ₫,10
31500KPHB31,Bình ắc quy (GTZ5S12V 3.5A),HONDA,Ắc quy,387.000 ₫,5
31600GFM901,Tiết chế chỉnh lưu,HONDA,Phụ tùng Honda tiêu chuẩn,957.000 ₫,1
31600K56V01,Tiết chế chỉnh lưu,HONDA,Phụ tùng Honda tiêu chuẩn,760.000 ₫,1
31600KPH701,Tiết chế chỉnh lưu,HONDA,Phụ tùng Honda tiêu chuẩn,1.727.000 ₫,1
31600KRS861,Tiết chế chỉnh lưu,HONDA,Phụ tùng Honda tiêu chuẩn,242.000 ₫,1
31600KTF641,Tiết chế chỉnh lưu,HONDA,Phụ tùng Honda tiêu chuẩn,2.072.000 ₫,1
31600KVB951,Tiết chế chỉnh lưu,HONDA,Phụ tùng Honda tiêu chuẩn,372.000 ₫,1
31600KVBN51,Tiết chế chỉnh lưu,HONDA,Phụ tùng Honda tiêu chuẩn,270.000 ₫,1
31600KVBS51,Tiết chế chỉnh lưu,HONDA,Phụ tùng Honda tiêu chuẩn,1.245.000 ₫,1
31600KVBT01,Tiết chế chỉnh lưu,HONDA,Phụ tùng Honda tiêu chuẩn,1.274.000 ₫,1
31600KWB601,Tiết chế chỉnh lưu,HONDA,Phụ tùng Honda tiêu chuẩn,1.177.000 ₫,1
31600KWW641,Tiết chế chỉnh lưu,HONDA,Phụ tùng Honda tiêu chuẩn,855.000 ₫,1
31600KYZG01,Tiết chế chỉnh lưu,HONDA,Phụ tùng Honda tiêu chuẩn,921.000 ₫,2
31600KYZV02,Tiết chế chỉnh lưu,HONDA,Phụ tùng Honda tiêu chuẩn,921.000 ₫,1
31600KZL931,Tiết chế chỉnh lưu,HONDA,Phụ tùng Honda tiêu chuẩn,1.066.000 ₫,1
31600KZLE01,Tiết chế chỉnh lưu,HONDA,Phụ tùng Honda tiêu chuẩn,1.034.000 ₫,1
31916KPH901,Bugi (CPR6EA9)(NGK),HONDA,BUZI,85.000 ₫,6
31916KRM841,Bugi (CPR8EA9) (NGK),HONDA,BUZI,87.000 ₫,1
31916KWB601,Bugi (CPR6EA9S)(NGK),HONDA,BUZI,85.000 ₫,3
31916KYT901,Bu gi (U24EPR9) (DENSO),HONDA,BUZI,178.000 ₫,1
31916MEH003,Bu gi (SIMR8A9)(NGK),HONDA,BUZI,827.000 ₫,1
31917K77V01,Bu gi MR7G-9,HONDA,BUZI,98.000 ₫,1
31917KWPD01,Bugi (MR7C-9N),HONDA,BUZI,73.000 ₫,3
31918K44V01,Bugi (MR8C-9N)(NGK),HONDA,BUZI,94.000 ₫,7
31918K97T01,Bugi (MR8K-9),HONDA,BUZI,98.000 ₫,6
31926KWB601,Bugi (U20EPR9S)(DENSO),HONDA,BUZI,56.000 ₫,1
32100K0RV02,Dây điện chính,HONDA,Phụ tùng Honda tiêu chuẩn,4.171.000 ₫,1
32100K1NV00,Dây điện chính,HONDA,Phụ tùng Honda tiêu chuẩn,2.651.000 ₫,1
32100K1NV10,Dây điện chính,HONDA,Phụ tùng Honda tiêu chuẩn,2.623.000 ₫,1
32100K1NV11,Dây điện chính,HONDA,Phụ tùng Honda tiêu chuẩn,2.793.000 ₫,1
32100K29960,Bộ dây điện,HONDA,Phụ tùng Honda tiêu chuẩn,2.846.000 ₫,1
32100K2CV00,Dây điện chính,HONDA,Phụ tùng Honda tiêu chuẩn,1.884.000 ₫,1
32100K2CV10,Dây điện chính,HONDA,Phụ tùng Honda tiêu chuẩn,1.947.000 ₫,1
32100K2TV11,Dây điện chính,HONDA,Phụ tùng Honda tiêu chuẩn,2.503.000 ₫,1
32100K44V00,Dây điện chính,HONDA,Phụ tùng Honda tiêu chuẩn,1.807.000 ₫,1
32100K56V01,Dây điện chính,HONDA,Phụ tùng Honda tiêu chuẩn,1.473.000 ₫,1
32100K77V00,Dây điện chính,HONDA,Phụ tùng Honda tiêu chuẩn,4.459.000 ₫,1
32100K77V10,Dây điện chính,HONDA,Phụ tùng Honda tiêu chuẩn,4.459.000 ₫,1
32100KFV950,Dây điện chính,HONDA,Phụ tùng Honda tiêu chuẩn,587.000 ₫,1
32100KTL640,Dây điện chính,HONDA,Phụ tùng Honda tiêu chuẩn,228.000 ₫,1
32100KTM970,Dây điện chính,HONDA,Phụ tùng Honda tiêu chuẩn,282.000 ₫,1
32100KVGV40,Dây điện chính,HONDA,Phụ tùng Honda tiêu chuẩn,2.197.000 ₫,1
32100KVV900,Bộ dây điện chính,HONDA,Phụ tùng Honda tiêu chuẩn,684.000 ₫,1
32100KWWB20,Dây điện chính,HONDA,Phụ tùng Honda tiêu chuẩn,264.000 ₫,1
32101GGE900,Dây điện phụ,HONDA,Phụ tùng Honda tiêu chuẩn,835.000 ₫,1
32101GW3780,Chổi than mô tơ đề,HONDA,Phụ tùng Honda tiêu chuẩn,31.000 ₫,2
32104KVGV40,Dây điện phụ động cơ,HONDA,Phụ tùng Honda tiêu chuẩn,818.000 ₫,1
32104KWN711,Dây điện động cơ,HONDA,Phụ tùng Honda tiêu chuẩn,846.000 ₫,1
32112K29900,Tấm bảo vệ cảm biến tốc độ,HONDA,Phụ tùng Honda tiêu chuẩn,36.000 ₫,1
32112K44V00,Tấm bảo vệ cảm biến tốc độ,HONDA,Phụ tùng Honda tiêu chuẩn,27.000 ₫,1
32113GBG970,Hộp cầu chì,HONDA,Phụ tùng Honda tiêu chuẩn,10.000 ₫,1
33100K0RV01,Bộ đèn pha,HONDA,Phụ tùng Honda tiêu chuẩn,2.809.000 ₫,1
33100K1NV01,Bộ đèn trước,HONDA,Phụ tùng Honda tiêu chuẩn,1.473.000 ₫,1
33100K56V01,Cụm đèn pha,HONDA,Phụ tùng Honda tiêu chuẩn,1.527.000 ₫,2
33100K56V51,Cụm đèn pha,HONDA,Phụ tùng Honda tiêu chuẩn,2.403.000 ₫,1
33100K73V41,Bộ đèn pha trước,HONDA,Phụ tùng Honda tiêu chuẩn,809.000 ₫,1
33100K77V01,Cụm đèn pha,HONDA,Phụ tùng Honda tiêu chuẩn,3.228.000 ₫,1
33101K44V81,Cụm đèn pha trước,HONDA,Phụ tùng Honda tiêu chuẩn,1.356.000 ₫,2
33101KFL891,Cụm đèn pha trước,HONDA,Phụ tùng Honda tiêu chuẩn,319.000 ₫,1
33101KFV670,Vành đèn pha CR3,HONDA,Phụ tùng Honda tiêu chuẩn,224.000 ₫,1
33101KFV791,Vành đèn pha *R150CU*,HONDA,Phụ tùng Honda tiêu chuẩn,133.000 ₫,1
33101KZL841,Đèn pha trước (không bóng),HONDA,Phụ tùng Honda tiêu chuẩn,1.484.000 ₫,1
33102KZVT00YH,Vành đèn pha *NHA62M*,HONDA,Phụ tùng Honda tiêu chuẩn,87.000 ₫,1
33103147671,Vít chỉnh đèn pha,HONDA,Phụ tùng Honda tiêu chuẩn,14.000 ₫,4
33105KFLD21,Cụm dây đèn pha,HONDA,Phụ tùng Honda tiêu chuẩn,178.000 ₫,1
33107GB0931,Lò xo vít chỉnh đèn pha,HONDA,Phụ tùng Honda tiêu chuẩn,8.000 ₫,4
33110K1FV01,Đèn pha trước,HONDA,Phụ tùng Honda tiêu chuẩn,3.874.000 ₫,1
33110K1GV01,Đèn pha trước,HONDA,Phụ tùng Honda tiêu chuẩn,3.874.000 ₫,1
33110K27V01,Đèn pha trước,HONDA,Phụ tùng Honda tiêu chuẩn,2.198.000 ₫,1
33110K27V51,Đèn pha trước,HONDA,Phụ tùng Honda tiêu chuẩn,2.198.000 ₫,1
33110K57V01,Đèn pha trước,HONDA,Phụ tùng Honda tiêu chuẩn,396.000 ₫,1
33110K66V02,Cụm đèn pha trước,HONDA,Phụ tùng Honda tiêu chuẩn,4.252.000 ₫,1
33110KFLD21,Cụm đèn pha trước,HONDA,Phụ tùng Honda tiêu chuẩn,302.000 ₫,1
33110KRS861,Cụm đèn pha trước,HONDA,Phụ tùng Honda tiêu chuẩn,302.000 ₫,1
33110KTM971,Cụm đèn pha trước,HONDA,Phụ tùng Honda tiêu chuẩn,519.000 ₫,1
33110KVB951,Pha đèn trước,HONDA,Phụ tùng Honda tiêu chuẩn,951.000 ₫,1
33110KVG951,Đèn pha trước,HONDA,Phụ tùng Honda tiêu chuẩn,961.000 ₫,1
33110KVGV41,Đèn pha trước,HONDA,Phụ tùng Honda tiêu chuẩn,1.319.000 ₫,1
33110KWWB21,Cụm đèn pha trước,HONDA,Phụ tùng Honda tiêu chuẩn,569.000 ₫,1
33112K29901,Chụp cao su đui đèn pha,HONDA,Phụ tùng Honda tiêu chuẩn,53.000 ₫,1
33118K56N10,Giá bắt đèn pha phải,HONDA,Phụ tùng Honda tiêu chuẩn,10.000 ₫,1
33118KTL741,Giá bắt đèn pha,HONDA,Phụ tùng Honda tiêu chuẩn,7.000 ₫,2
33119K56N10,Giá bắt đèn pha trái,HONDA,Phụ tùng Honda tiêu chuẩn,10.000 ₫,1
33120GGE901,Đèn pha trước,HONDA,Phụ tùng Honda tiêu chuẩn,689.000 ₫,1
33120GN5880,Cụm đèn pha,HONDA,Phụ tùng Honda tiêu chuẩn,150.000 ₫,1
33120K07941,Đèn pha trước,HONDA,Phụ tùng Honda tiêu chuẩn,715.000 ₫,1
33120K12901,Cụm đèn pha trước,HONDA,Phụ tùng Honda tiêu chuẩn,613.000 ₫,1
33120K29901,Đèn pha trước,HONDA,Phụ tùng Honda tiêu chuẩn,681.000 ₫,1
33120KFV951,Cụm đèn pha,HONDA,Phụ tùng Honda tiêu chuẩn,178.000 ₫,1
33120KPH651,Cụm đèn pha,HONDA,Phụ tùng Honda tiêu chuẩn,315.000 ₫,1
33120KTL641,Cụm đèn pha,HONDA,Phụ tùng Honda tiêu chuẩn,421.000 ₫,1
33120KYZV01,Cụm đèn pha,HONDA,Phụ tùng Honda tiêu chuẩn,607.000 ₫,1
33126S0A003,Nắp cao su,HONDA,Phụ tùng Honda tiêu chuẩn,56.000 ₫,1
33128GBL003,Ốc đặc biệt,HONDA,Phụ tùng Honda tiêu chuẩn,5.000 ₫,1
33128GE8671,Ốc giữ choá đèn pha,HONDA,Phụ tùng Honda tiêu chuẩn,21.000 ₫,4
33150K27V01,Cụm dây điện đèn trước,HONDA,Phụ tùng Honda tiêu chuẩn,285.000 ₫,1
33150KTL641,Cụm dây điện đèn trước,HONDA,Phụ tùng Honda tiêu chuẩn,145.000 ₫,1
33150KVG951,Bộ dây đèn trước,HONDA,Phụ tùng Honda tiêu chuẩn,185.000 ₫,1
33400K0RV01,Đèn xi nhan trước phải,HONDA,Phụ tùng Honda tiêu chuẩn,1.328.000 ₫,1
33400K12V81,Đèn xi nhan trước phải,HONDA,Phụ tùng Honda tiêu chuẩn,738.000 ₫,1
33400K2PV61,Bộ đèn xi nhan trước phải,HONDA,Phụ tùng Honda tiêu chuẩn,358.000 ₫,2
33400K77V01,Đèn xi nhan trước phải,HONDA,Phụ tùng Honda tiêu chuẩn,1.557.000 ₫,1
33400K94T01,Bộ đèn xi nhan trước phải,HONDA,Phụ tùng Honda tiêu chuẩn,355.000 ₫,1
33400KFV951,Bộ đèn xi nhan trước phải,HONDA,Phụ tùng Honda tiêu chuẩn,134.000 ₫,1
33400KTL641,Bộ đèn xi nhan trước phải,HONDA,Phụ tùng Honda tiêu chuẩn,96.000 ₫,1
33400KTM970,Bộ đèn xi nhan trước phải,HONDA,Phụ tùng Honda tiêu chuẩn,127.000 ₫,1
33401KZVV31,Nắp đèn xi nhan trước phải,HONDA,Phụ tùng Honda tiêu chuẩn,34.000 ₫,1
33402K07941,Đèn xi nhan trước phải,HONDA,Phụ tùng Honda tiêu chuẩn,273.000 ₫,1
33402KPH651,Nắp đèn xi nhan trước phải,HONDA,Phụ tùng Honda tiêu chuẩn,36.000 ₫,1
33402KTL641,Nắp đèn xi nhan trước phải,HONDA,Phụ tùng Honda tiêu chuẩn,16.000 ₫,1
33402KTLV01,Nắp đèn xi nhan trước phải,HONDA,Phụ tùng Honda tiêu chuẩn,22.000 ₫,1
33402KTM970,Nắp đèn xi nhan trước phải,HONDA,Phụ tùng Honda tiêu chuẩn,22.000 ₫,1
33402KVB951,Nắp đèn xi nhan trước phải,HONDA,Phụ tùng Honda tiêu chuẩn,25.000 ₫,1
33402KZVV31,Gioăng A nắp xi nhan phải,HONDA,Phụ tùng Honda tiêu chuẩn,10.000 ₫,1
33403KTL641,Chóa đèn xi nhan phải,HONDA,Phụ tùng Honda tiêu chuẩn,34.000 ₫,1
33403KVB951,Cụm chóa đèn xi nhan trước phả,HONDA,Phụ tùng Honda tiêu chuẩn,45.000 ₫,1
33403KZVV31,Gioăng B nắp xi nhan phải,HONDA,Phụ tùng Honda tiêu chuẩn,7.000 ₫,1
33404KTL691,Gioăng bao kín,HONDA,Phụ tùng Honda tiêu chuẩn,24.000 ₫,1
33407KVGV41,Đui đèn xi nhan trước phải,HONDA,Phụ tùng Honda tiêu chuẩn,48.000 ₫,1
33410GN5901,Bó dây đèn xi nhan phải,HONDA,Phụ tùng Honda tiêu chuẩn,57.000 ₫,1
33410K03M61,Đèn xi nhan trước phải,HONDA,Phụ tùng Honda tiêu chuẩn,181.000 ₫,1
33410K03N31,Chóa xi nhan trước phải,HONDA,Phụ tùng Honda tiêu chuẩn,153.000 ₫,1
33410K1NV01,Bộ đèn xi nhan trước phải (không bóng),HONDA,Phụ tùng Honda tiêu chuẩn,1.317.000 ₫,1
33410K56V01,Bộ đèn xi nhan trước phải,HONDA,Phụ tùng Honda tiêu chuẩn,193.000 ₫,2
33410KYZV01,Đèn xi nhan trước phải,HONDA,Phụ tùng Honda tiêu chuẩn,196.000 ₫,2
33410KZVV31,Chóa xi nhan trước phải,HONDA,Phụ tùng Honda tiêu chuẩn,56.000 ₫,1
33411K56V50,Bạc đệm xi nhan trước,HONDA,Phụ tùng Honda tiêu chuẩn,11.000 ₫,1
33420GFMB10,Đèn xi nhan trước phải,HONDA,Phụ tùng Honda tiêu chuẩn,791.000 ₫,1
33420K29901,Đèn xi nhan trước phải,HONDA,Phụ tùng Honda tiêu chuẩn,381.000 ₫,1
33420K2CV01,Đèn xi nhan trước phải,HONDA,Phụ tùng Honda tiêu chuẩn,222.000 ₫,1
33420K44V81,Đèn xi nhan trước phải,HONDA,Phụ tùng Honda tiêu chuẩn,156.000 ₫,3
33420KZL841,Đèn xi nhan trước phải,HONDA,Phụ tùng Honda tiêu chuẩn,675.000 ₫,1
33450GBGB40,Bộ đèn xi nhan trước trái,HONDA,Phụ tùng Honda tiêu chuẩn,138.000 ₫,1
33450K0RV01,Đèn xi nhan trước trái,HONDA,Phụ tùng Honda tiêu chuẩn,1.328.000 ₫,1
33450K12V81,Đèn xi nhan trước trái,HONDA,Phụ tùng Honda tiêu chuẩn,738.000 ₫,2
33450K2CV31,Đèn xi nhan trước trái,HONDA,Phụ tùng Honda tiêu chuẩn,560.000 ₫,1
33450K77V01,Đèn xi nhan trước trái,HONDA,Phụ tùng Honda tiêu chuẩn,1.557.000 ₫,1
33450K94T01,Bộ đèn xi nhan trước trái,HONDA,Phụ tùng Honda tiêu chuẩn,355.000 ₫,1
33450KFV951,Bộ đèn xi nhan trước trái,HONDA,Phụ tùng Honda tiêu chuẩn,134.000 ₫,1
33450KYL841,Bộ đèn xi nhan trước trái,HONDA,Phụ tùng Honda tiêu chuẩn,265.000 ₫,1
33451KZVV31,Nắp đèn xi nhan trước trái,HONDA,Phụ tùng Honda tiêu chuẩn,34.000 ₫,1
33452GBGB40,Nắp đèn xi nhan trước trái,HONDA,Phụ tùng Honda tiêu chuẩn,44.000 ₫,2
33452GN5901,Nắp đèn xi nhan trước trái,HONDA,Phụ tùng Honda tiêu chuẩn,39.000 ₫,1
33452K07941,Đèn xi nhan trước trái,HONDA,Phụ tùng Honda tiêu chuẩn,273.000 ₫,1
33452K15920,Đệm cao su xi nhan trước trái,HONDA,Phụ tùng Honda tiêu chuẩn,24.000 ₫,1
33452KPH651,Nắp đèn xi nhan trước trái,HONDA,Phụ tùng Honda tiêu chuẩn,36.000 ₫,1
33452KTL641,Nắp đèn xi nhan trước trái,HONDA,Phụ tùng Honda tiêu chuẩn,16.000 ₫,1
33452KTLV01,Nắp đèn xi nhan trước trái,HONDA,Phụ tùng Honda tiêu chuẩn,22.000 ₫,1
33452KTM970,Nắp đèn xi nhan trước trái,HONDA,Phụ tùng Honda tiêu chuẩn,22.000 ₫,1
33452KVB951,Nắp đèn xi nhan trước trái,HONDA,Phụ tùng Honda tiêu chuẩn,25.000 ₫,1
33452KVGV41,Đèn xi nhan trước trái,HONDA,Phụ tùng Honda tiêu chuẩn,111.000 ₫,2
33452KZVV31,Gioăng A nắp xi nhan trái,HONDA,Phụ tùng Honda tiêu chuẩn,10.000 ₫,2
33452KZZJ00,CAO SU XI NHAN TRÁI,HONDA,Phụ tùng Honda tiêu chuẩn,54.000 ₫,1
33453KTL641,Chóa đèn xi nhan trái,HONDA,Phụ tùng Honda tiêu chuẩn,36.000 ₫,1
33453KZVV31,Gioăng B nắp xi nhan trái,HONDA,Phụ tùng Honda tiêu chuẩn,7.000 ₫,2
33457KVGV41,Đui đèn xi nhan trước trái,HONDA,Phụ tùng Honda tiêu chuẩn,48.000 ₫,1
33460K03M61,Đèn xi nhan trước trái,HONDA,Phụ tùng Honda tiêu chuẩn,181.000 ₫,1
33460K03N31,Chóa xi nhan trước trái,HONDA,Phụ tùng Honda tiêu chuẩn,153.000 ₫,1
33460K29961,BỘ ĐÈN XI NHAN TRƯỚC TRÁI,HONDA,Phụ tùng Honda tiêu chuẩn,79.000 ₫,1
33460K56V01,Bộ đèn xi nhan trước trái,HONDA,Phụ tùng Honda tiêu chuẩn,193.000 ₫,2
33460K90VM1,ĐÈN XI NHAN TRƯỚC TRÁI,HONDA,Phụ tùng Honda tiêu chuẩn,199.000 ₫,1
33460KYZV01,Đèn xi nhan trước trái,HONDA,Phụ tùng Honda tiêu chuẩn,196.000 ₫,1
33460KZVV31,Chóa xi nhan trước trái,HONDA,Phụ tùng Honda tiêu chuẩn,56.000 ₫,1
33464GS4000,Ốp nắp xi nhan trước trái,HONDA,Phụ tùng Honda tiêu chuẩn,14.000 ₫,1
33470K29901,Đèn xi nhan trước trái,HONDA,Phụ tùng Honda tiêu chuẩn,381.000 ₫,1
33470K2CV01,Đèn xi nhan trước trái,HONDA,Phụ tùng Honda tiêu chuẩn,222.000 ₫,1
33652KZLE01,Nắp xi nhan sau trái,HONDA,Phụ tùng Honda tiêu chuẩn,47.000 ₫,1
33700K03N31,Bộ đèn sau,HONDA,Phụ tùng Honda tiêu chuẩn,469.000 ₫,1
33700K12901,Bộ đèn sau,HONDA,Phụ tùng Honda tiêu chuẩn,1.236.000 ₫,1
33700K12V01,Bộ đèn sau,HONDA,Phụ tùng Honda tiêu chuẩn,1.420.000 ₫,1
33700K1FV01,Bộ đèn sau,HONDA,Phụ tùng Honda tiêu chuẩn,1.222.000 ₫,1
33700K2CV01,Bộ đèn sau,HONDA,Phụ tùng Honda tiêu chuẩn,593.000 ₫,1
33700K2CV31,Bộ đèn sau,HONDA,Phụ tùng Honda tiêu chuẩn,593.000 ₫,1
33700K44V02,Bộ đèn sau,HONDA,Phụ tùng Honda tiêu chuẩn,700.000 ₫,1
33700K44V91,Bộ đèn sau,HONDA,Phụ tùng Honda tiêu chuẩn,700.000 ₫,1
33700K56V01,Cụm đèn sau,HONDA,Phụ tùng Honda tiêu chuẩn,863.000 ₫,1
33700K57V02,Bộ đèn hậu,HONDA,Phụ tùng Honda tiêu chuẩn,332.000 ₫,1
33700K66V01,Bộ đèn sau,HONDA,Phụ tùng Honda tiêu chuẩn,1.363.000 ₫,1
33700K73V41,Bộ đèn sau,HONDA,Phụ tùng Honda tiêu chuẩn,938.000 ₫,1
33700K73V81,Bộ đèn sau,HONDA,Phụ tùng Honda tiêu chuẩn,827.000 ₫,1
33700K89V02,Bộ đèn sau,HONDA,Phụ tùng Honda tiêu chuẩn,398.000 ₫,1
33700KFLD21,Bộ đèn sau,HONDA,Phụ tùng Honda tiêu chuẩn,355.000 ₫,1
33700KFV951,Bộ đèn sau,HONDA,Phụ tùng Honda tiêu chuẩn,279.000 ₫,1
33700KTL642,Bộ đèn & chắn bùn sau,HONDA,Phụ tùng Honda tiêu chuẩn,510.000 ₫,1
33700KTM901,Bộ đèn sau,HONDA,Phụ tùng Honda tiêu chuẩn,1.099.000 ₫,1
33700KWWB21,Bộ đèn sau,HONDA,Phụ tùng Honda tiêu chuẩn,456.000 ₫,1
33700KWWV01,Bộ đèn sau,HONDA,Phụ tùng Honda tiêu chuẩn,501.000 ₫,1
33700KZLE01,Bộ đèn sau,HONDA,Phụ tùng Honda tiêu chuẩn,854.000 ₫,1
33701K03N31,Nắp đèn hậu,HONDA,Phụ tùng Honda tiêu chuẩn,50.000 ₫,1
33701K56V51,Giá đỡ cụm đèn sau,HONDA,Phụ tùng Honda tiêu chuẩn,1.269.000 ₫,1
33701KWWB21,Nắp đèn hậu,HONDA,Phụ tùng Honda tiêu chuẩn,96.000 ₫,1
33701KYZ901,Nắp xi nhan sau phải,HONDA,Phụ tùng Honda tiêu chuẩn,224.000 ₫,1
33702GN5901,Nắp đèn hậu,HONDA,Phụ tùng Honda tiêu chuẩn,47.000 ₫,1
33702K03N31,Nắp xi nhan sau phải,HONDA,Phụ tùng Honda tiêu chuẩn,27.000 ₫,1
33702K56V01,Nắp đèn hậu,HONDA,Phụ tùng Honda tiêu chuẩn,136.000 ₫,1
33702K73V41,Nắp đèn hậu,HONDA,Phụ tùng Honda tiêu chuẩn,153.000 ₫,1
33702K89V02,Nắp đèn hậu,HONDA,Phụ tùng Honda tiêu chuẩn,84.000 ₫,1
33702KTL641,Nắp đèn hậu,HONDA,Phụ tùng Honda tiêu chuẩn,94.000 ₫,1
33702KTM901,Nắp đèn hậu,HONDA,Phụ tùng Honda tiêu chuẩn,170.000 ₫,1
33702KTM971,Nắp đèn xi nhan phải,HONDA,Phụ tùng Honda tiêu chuẩn,30.000 ₫,1
33702KVG951,Nắp xi nhan sau phải,HONDA,Phụ tùng Honda tiêu chuẩn,41.000 ₫,1
33702KWWB21,Nắp xi nhan sau phải,HONDA,Phụ tùng Honda tiêu chuẩn,24.000 ₫,1
33702KYZ901,Nắp xi nhan sau trái,HONDA,Phụ tùng Honda tiêu chuẩn,215.000 ₫,1
33703K89V01,Nắp xi nhan sau phải,HONDA,Phụ tùng Honda tiêu chuẩn,30.000 ₫,1
33703KFLD21,Nắp xi nhan sau phải,HONDA,Phụ tùng Honda tiêu chuẩn,36.000 ₫,1
33703KTL642,Nắp xi nhan sau phải,HONDA,Phụ tùng Honda tiêu chuẩn,37.000 ₫,1
33703KTLV01,Nắp xi nhan sau phải,HONDA,Phụ tùng Honda tiêu chuẩn,34.000 ₫,1
33703KTM901,Nắp xi nhan sau phải,HONDA,Phụ tùng Honda tiêu chuẩn,153.000 ₫,1
33703KTM971,Nắp đèn hậu,HONDA,Phụ tùng Honda tiêu chuẩn,67.000 ₫,1
33703KVG951,Nắp đèn sau,HONDA,Phụ tùng Honda tiêu chuẩn,59.000 ₫,1
33703KZLE01,Nắp đèn sau,HONDA,Phụ tùng Honda tiêu chuẩn,128.000 ₫,1
33705KWWB21,Gioăng chóa đèn sau,HONDA,Phụ tùng Honda tiêu chuẩn,24.000 ₫,1
33706KWWB21,Nắp đệm phải đèn sau,HONDA,Phụ tùng Honda tiêu chuẩn,16.000 ₫,1
33708K03N30ZB,Bộ ốp đuôi NHB25M,HONDA,Phụ tùng Honda tiêu chuẩn,70.000 ₫,1
33708K03N30ZE,Ốp đuôi *NHA76M*,HONDA,Phụ tùng Honda tiêu chuẩn,70.000 ₫,1
33708K03N30ZJ,Bộ ốp đuôi *B189*,HONDA,Phụ tùng Honda tiêu chuẩn,70.000 ₫,1
33708KWW600YJ,ốp đuôi sau *NHB25M*,HONDA,Phụ tùng Honda tiêu chuẩn,64.000 ₫,1
33708KWW600ZF,ốp đuôi sau *R340C*,HONDA,Phụ tùng Honda tiêu chuẩn,64.000 ₫,1
33709K03N30ZA,Ốp dưới đuôi sau NH1,HONDA,Phụ tùng Honda tiêu chuẩn,19.000 ₫,1
33710K01902,Bộ chóa đèn sau,HONDA,Phụ tùng Honda tiêu chuẩn,432.000 ₫,1
33710K07941,BỘ ĐÈN SAU,HONDA,Phụ tùng Honda tiêu chuẩn,352.000 ₫,1
33710K1NV01,Đèn sau,HONDA,Phụ tùng Honda tiêu chuẩn,487.000 ₫,1
33710K27V01,Cụm đèn hậu,HONDA,Phụ tùng Honda tiêu chuẩn,1.440.000 ₫,1
33710K29901,Đèn sau,HONDA,Phụ tùng Honda tiêu chuẩn,496.000 ₫,1
33710K89V01,Cụm chóa đèn hậu,HONDA,Phụ tùng Honda tiêu chuẩn,242.000 ₫,1
33710KTL641,Bộ chóa đèn & chắn bùn sau,HONDA,Phụ tùng Honda tiêu chuẩn,290.000 ₫,1
33710KVB951,Đèn sau,HONDA,Phụ tùng Honda tiêu chuẩn,342.000 ₫,1
33710KYZ901,Bộ chóa đèn sau,HONDA,Phụ tùng Honda tiêu chuẩn,3.208.000 ₫,1
33711K2CV31,Bộ nắp ngoài đèn hậu,HONDA,Phụ tùng Honda tiêu chuẩn,342.000 ₫,1
33720K01901,Bộ đèn soi biển số,HONDA,Phụ tùng Honda tiêu chuẩn,147.000 ₫,1
33720K07941,Bộ đèn soi biển số,HONDA,Phụ tùng Honda tiêu chuẩn,156.000 ₫,1
33720K1NV01,Đèn soi biển số,HONDA,Phụ tùng Honda tiêu chuẩn,128.000 ₫,1
33720K27V01,Ốp đèn sau,HONDA,Phụ tùng Honda tiêu chuẩn,64.000 ₫,1
33720K44V01,Bộ nắp ngoài đèn hậu,HONDA,Phụ tùng Honda tiêu chuẩn,398.000 ₫,1
33720K56V01,Bộ đèn soi biển số,HONDA,Phụ tùng Honda tiêu chuẩn,176.000 ₫,1
33720K56V51,Bộ đèn soi biển số,HONDA,Phụ tùng Honda tiêu chuẩn,456.000 ₫,1
33741GBGB40,Tấm phản quang phải,HONDA,Phụ tùng Honda tiêu chuẩn,33.000 ₫,1
33741K0BT01,Tấm phản quang sau,HONDA,Phụ tùng Honda tiêu chuẩn,165.000 ₫,1
33741K29901,Tấm phản quang sau,HONDA,Phụ tùng Honda tiêu chuẩn,25.000 ₫,1
33741KBA931,Tấm phản quang,HONDA,Phụ tùng Honda tiêu chuẩn,111.000 ₫,1
33742GBGB40,Tấm phản quang trái,HONDA,Phụ tùng Honda tiêu chuẩn,33.000 ₫,1
33742GFM971,Đèn phản quang,HONDA,Phụ tùng Honda tiêu chuẩn,56.000 ₫,1
33752K03N31,Nắp xi nhan sau trái,HONDA,Phụ tùng Honda tiêu chuẩn,27.000 ₫,1
33752KTM971,Nắp xi nhan sau trái,HONDA,Phụ tùng Honda tiêu chuẩn,30.000 ₫,1
33752KVG951,Nắp xi nhan sau trái,HONDA,Phụ tùng Honda tiêu chuẩn,39.000 ₫,1
33752KWWB21,Nắp xi nhan sau trái,HONDA,Phụ tùng Honda tiêu chuẩn,24.000 ₫,1
33753K89V01,Nắp xi nhan sau trái,HONDA,Phụ tùng Honda tiêu chuẩn,30.000 ₫,1
33753KTL642,Nắp xi nhan sau trái,HONDA,Phụ tùng Honda tiêu chuẩn,37.000 ₫,1
33753KTLV01,Nắp xi nhan sau trái,HONDA,Phụ tùng Honda tiêu chuẩn,34.000 ₫,1
33753KTM901,Nắp xi nhan sau trái,HONDA,Phụ tùng Honda tiêu chuẩn,136.000 ₫,1
33756KWWB21,Nắp đệm trái đèn sau,HONDA,Phụ tùng Honda tiêu chuẩn,16.000 ₫,1
34260KVGV41,Đèn hộp đồ & Soi khóa điện,HONDA,Phụ tùng Honda tiêu chuẩn,111.000 ₫,1
34901GFM971,Bóng đèn pha HS5 12V 35/30W,HONDA,Phụ tùng Honda tiêu chuẩn,564.000 ₫,1
34901K57V01,Bóng đèn pha trước,HONDA,Phụ tùng Honda tiêu chuẩn,138.000 ₫,2
34901KPH881,Bóng đèn trước,HONDA,Phụ tùng Honda tiêu chuẩn,139.000 ₫,1
34901KPH901,Bóng đèn trước,HONDA,Phụ tùng Honda tiêu chuẩn,210.000 ₫,1
34901KRS901,Bóng đèn trước,HONDA,Phụ tùng Honda tiêu chuẩn,93.000 ₫,1
34901KZL841,Bóng đèn pha trước (12V 35/35W,HONDA,Phụ tùng Honda tiêu chuẩn,613.000 ₫,1
34904GFMB20,Bóng đèn xi nhan 12v 21w,HONDA,Phụ tùng Honda tiêu chuẩn,84.000 ₫,1
34904K12901,Bóng đèn xi nhan,HONDA,Phụ tùng Honda tiêu chuẩn,21.000 ₫,1
34904KZVV31,Nắp đèn xi nhan sau,HONDA,Phụ tùng Honda tiêu chuẩn,70.000 ₫,1
34905KANW01,Bóng đèn xi nhan (12V10W),HONDA,Phụ tùng Honda tiêu chuẩn,19.000 ₫,1
34906GB6921,Bóng đèn hậu (12V18/5W),HONDA,Phụ tùng Honda tiêu chuẩn,24.000 ₫,5
34908GA7701,Bóng đèn T10 (12V 3.4W),HONDA,Phụ tùng Honda tiêu chuẩn,16.000 ₫,21
34908KVE900,Bóng đèn t10 (12V 1.7W),HONDA,Phụ tùng Honda tiêu chuẩn,16.000 ₫,2
34908MG9951,Bóng đèn T6.5 (12v 1.7w),HONDA,Phụ tùng Honda tiêu chuẩn,16.000 ₫,3
34910KWWC01,Bóng đèn xi nhan,HONDA,Phụ tùng Honda tiêu chuẩn,105.000 ₫,15
35010K01900,Bộ khóa điện,HONDA,Phụ tùng Honda tiêu chuẩn,3.430.000 ₫,1
35010K03M00,Bộ khóa điện,HONDA,Phụ tùng Honda tiêu chuẩn,583.000 ₫,1
35010K03M60,Bộ khóa điện,HONDA,Phụ tùng Honda tiêu chuẩn,584.000 ₫,1
35010K12900,Bộ khóa điện,HONDA,Phụ tùng Honda tiêu chuẩn,821.000 ₫,1
35010K12932,Bộ khóa điện,HONDA,Phụ tùng Honda tiêu chuẩn,635.000 ₫,1
35010K27V00,Bộ khóa điện,HONDA,Phụ tùng Honda tiêu chuẩn,1.034.000 ₫,1
35010K27V10,Bộ khóa điện,HONDA,Phụ tùng Honda tiêu chuẩn,3.381.000 ₫,1
35010K29900,Bộ khóa điện,HONDA,Phụ tùng Honda tiêu chuẩn,2.805.000 ₫,1
35010K29910,Bộ khóa điện,HONDA,Phụ tùng Honda tiêu chuẩn,2.660.000 ₫,1
35010K2CV00,Bộ khóa điện,HONDA,Phụ tùng Honda tiêu chuẩn,620.000 ₫,1
35010K44V80,Bộ khóa điện,HONDA,Phụ tùng Honda tiêu chuẩn,700.000 ₫,2
35010K56N10,Bộ khóa điện,HONDA,Phụ tùng Honda tiêu chuẩn,575.000 ₫,1
35010K89V00,Bộ khóa điện,HONDA,Phụ tùng Honda tiêu chuẩn,350.000 ₫,1
35010KFLD00,Bộ khóa điện,HONDA,Phụ tùng Honda tiêu chuẩn,372.000 ₫,1
35010KPH700,Bộ khóa điện,HONDA,Phụ tùng Honda tiêu chuẩn,1.724.000 ₫,1
35010KTL680,Bộ khóa điện,HONDA,Phụ tùng Honda tiêu chuẩn,384.000 ₫,1
35010KTM950,Bộ khóa điện,HONDA,Phụ tùng Honda tiêu chuẩn,1.758.000 ₫,1
35010KVB900,Bộ khóa điện,HONDA,Phụ tùng Honda tiêu chuẩn,1.520.000 ₫,1
35010KVG900,Bộ khóa điện,HONDA,Phụ tùng Honda tiêu chuẩn,2.525.000 ₫,1
35010KVGV40,Bộ khóa điện,HONDA,Phụ tùng Honda tiêu chuẩn,3.224.000 ₫,1
35010KWWA00,Bộ khóa điện,HONDA,Phụ tùng Honda tiêu chuẩn,923.000 ₫,1
35010KWWB20,Bộ khóa điện,HONDA,Phụ tùng Honda tiêu chuẩn,832.000 ₫,1
35010KYZV00,Bộ khóa điện,HONDA,Phụ tùng Honda tiêu chuẩn,626.000 ₫,1
35010KZLE00,Bộ khóa điện,HONDA,Phụ tùng Honda tiêu chuẩn,769.000 ₫,1
35010KZVV30,Bộ khóa điện,HONDA,Phụ tùng Honda tiêu chuẩn,424.000 ₫,1
35020KFLD01,Cụm công tắc xi nhan,HONDA,Phụ tùng Honda tiêu chuẩn,1.484.000 ₫,1
35100K0RV01,Cụm khóa điều chỉnh bằng tay,HONDA,Phụ tùng Honda tiêu chuẩn,1.288.000 ₫,1
35100K1NV01,Cụm khoá điện,HONDA,Phụ tùng Honda tiêu chuẩn,1.350.000 ₫,1
35100K2CV11,Cụm khoá điện,HONDA,Phụ tùng Honda tiêu chuẩn,894.000 ₫,1
35100K2PV61,Cụm khoá điện,HONDA,Phụ tùng Honda tiêu chuẩn,561.000 ₫,1
35100K35V02,Cụm khoá điện,HONDA,Phụ tùng Honda tiêu chuẩn,556.000 ₫,1
35100K35V12,CỤM KHOÁ ĐIỆN,HONDA,Phụ tùng Honda tiêu chuẩn,757.000 ₫,1
35100K56V51,Cụm khoá điện,HONDA,Phụ tùng Honda tiêu chuẩn,529.000 ₫,1
35100K66V12,Cụm khoá điện,HONDA,Phụ tùng Honda tiêu chuẩn,1.973.000 ₫,1
35101K1ZU11,CỤM KHÓA ĐIỀU KHIỂN BẰNG TAY,HONDA,Phụ tùng Honda tiêu chuẩn,1.189.000 ₫,1
35101K27V01,BỘ CÔNG TẮC KHÓA ĐIỆN,HONDA,Phụ tùng Honda tiêu chuẩn,444.000 ₫,1
35101K35V01,"BỘ KHÓA,CÔNG TẮC MÁY",HONDA,Phụ tùng Honda tiêu chuẩn,341.000 ₫,1
35111K01614,Khoá FOB,HONDA,Phụ tùng Honda tiêu chuẩn,852.000 ₫,1
35111K0RV02,Khóa FOB,HONDA,Phụ tùng Honda tiêu chuẩn,737.000 ₫,1
35111K12V11,Khóa FOB,HONDA,Phụ tùng Honda tiêu chuẩn,786.000 ₫,1
35111K12V91,Khóa FOB,HONDA,Phụ tùng Honda tiêu chuẩn,693.000 ₫,1
35111K1WV11,Khoá FOB,HONDA,Phụ tùng Honda tiêu chuẩn,841.000 ₫,1
35111K2PV61,Chìa khóa FOB,HONDA,Phụ tùng Honda tiêu chuẩn,712.000 ₫,2
35111K2SV01,Khóa FOB,HONDA,Phụ tùng Honda tiêu chuẩn,672.000 ₫,1
35111K2TV11,Khóa FOB,HONDA,Phụ tùng Honda tiêu chuẩn,650.000 ₫,1
35111K35V34,KHOÁ FOB,HONDA,Phụ tùng Honda tiêu chuẩn,723.000 ₫,1
35111K77V03,Khóa FOB điều khiển thông minh,HONDA,Phụ tùng Honda tiêu chuẩn,806.000 ₫,2
35121K29V82,Phôi chìa khóa điều khiển,HONDA,Phụ tùng Honda tiêu chuẩn,723.000 ₫,2
35121KVBP10,Phôi chìa khóa P10,HONDA,Phụ tùng Honda tiêu chuẩn,264.000 ₫,1
35121KVYQ00,Phôi chìa khoá Q00,HONDA,Phụ tùng Honda tiêu chuẩn,156.000 ₫,1
35140K01611,Bộ điều khiển khóa xe thông minh,HONDA,Phụ tùng Honda tiêu chuẩn,1.597.000 ₫,2
35140K29962,Bộ điều khiển khóa xe thông minh,HONDA,Phụ tùng Honda tiêu chuẩn,2.229.000 ₫,1
35141K0RV01,Bộ điều khiển thông minh,HONDA,Phụ tùng Honda tiêu chuẩn,2.223.000 ₫,1
35141K0RV02,Bộ điều khiển thông minh,HONDA,Phụ tùng Honda tiêu chuẩn,2.127.000 ₫,1
35141K1NV01,Bộ điều khiển thông minh,HONDA,Phụ tùng Honda tiêu chuẩn,2.258.000 ₫,1
35141K29V82,Bộ điều khiển thông minh,HONDA,Phụ tùng Honda tiêu chuẩn,2.124.000 ₫,1
35141K44V91,Bộ điều khiển thông minh,HONDA,Phụ tùng Honda tiêu chuẩn,2.115.000 ₫,1
35141K96V00,Bộ điều khiển thông minh,HONDA,Phụ tùng Honda tiêu chuẩn,2.331.000 ₫,1
35150GW3980,Công tắc đèn pha,HONDA,Phụ tùng Honda tiêu chuẩn,187.000 ₫,1
35150K27V01,Công tắc đèn pha,HONDA,Phụ tùng Honda tiêu chuẩn,65.000 ₫,1
35150K66V11,Công tắc đèn pha,HONDA,Phụ tùng Honda tiêu chuẩn,90.000 ₫,1
35150KPH880,Công tắc đèn pha,HONDA,Phụ tùng Honda tiêu chuẩn,104.000 ₫,1
35150KTM970,Công tắc đèn pha,HONDA,Phụ tùng Honda tiêu chuẩn,84.000 ₫,1
35150KVV901,Công tắc đèn pha,HONDA,Phụ tùng Honda tiêu chuẩn,324.000 ₫,1
35160GFM971,Công tắc khởi động,HONDA,Phụ tùng Honda tiêu chuẩn,102.000 ₫,1
35160KFL711,Công tắc khởi động,HONDA,Phụ tùng Honda tiêu chuẩn,202.000 ₫,1
35160KPH971,Công tắc khởi động,HONDA,Phụ tùng Honda tiêu chuẩn,87.000 ₫,1
35160KVB851,Công tắc khởi động,HONDA,Phụ tùng Honda tiêu chuẩn,47.000 ₫,2
35170GFM971,Công tắc pha cốt,HONDA,Phụ tùng Honda tiêu chuẩn,102.000 ₫,1
35170K0RV03,Công tắc pha cốt,HONDA,Phụ tùng Honda tiêu chuẩn,227.000 ₫,1
35170K27V01,Công tắc pha cốt,HONDA,Phụ tùng Honda tiêu chuẩn,53.000 ₫,1
35170K56V51,Công tắc pha cốt,HONDA,Phụ tùng Honda tiêu chuẩn,65.000 ₫,1
35170K93N01,Công tắc pha cốt,HONDA,Phụ tùng Honda tiêu chuẩn,65.000 ₫,1
35170KFG013,Công tắc pha cốt,HONDA,Phụ tùng Honda tiêu chuẩn,224.000 ₫,1
35170KPH651,Công tắc pha cốt,HONDA,Phụ tùng Honda tiêu chuẩn,54.000 ₫,1
35170KPH971,Công tắc pha cốt,HONDA,Phụ tùng Honda tiêu chuẩn,191.000 ₫,1
35170KVB851,Công tắc pha cốt,HONDA,Phụ tùng Honda tiêu chuẩn,53.000 ₫,1
35180GFM971,Công tắc còi,HONDA,Phụ tùng Honda tiêu chuẩn,102.000 ₫,1
35180K47N01,Công tắc còi,HONDA,Phụ tùng Honda tiêu chuẩn,56.000 ₫,1
35180KTM971,Công tắc còi,HONDA,Phụ tùng Honda tiêu chuẩn,39.000 ₫,1
35180KVB851,Công tắc còi,HONDA,Phụ tùng Honda tiêu chuẩn,45.000 ₫,1
35180KWW601,Công tắc còi,HONDA,Phụ tùng Honda tiêu chuẩn,145.000 ₫,1
35180KWWA01,Công tắc còi,HONDA,Phụ tùng Honda tiêu chuẩn,67.000 ₫,1
35180KYZ901,Công tắc còi,HONDA,Phụ tùng Honda tiêu chuẩn,50.000 ₫,1
35190K50T01,Công tắc máy chạy cầm chừng,HONDA,Phụ tùng Honda tiêu chuẩn,47.000 ₫,1
35194K1ZJ11,Bộ chìa khóa khẩn cấp,HONDA,Phụ tùng Honda tiêu chuẩn,111.000 ₫,1
35194K35V31,Bộ chìa khóa khẩn cấp,HONDA,Phụ tùng Honda tiêu chuẩn,119.000 ₫,1
35200GAV701,Công tắc đèn xi nhan,HONDA,Phụ tùng Honda tiêu chuẩn,284.000 ₫,1
35200K03N31,Công tắc đèn xi nhan,HONDA,Phụ tùng Honda tiêu chuẩn,41.000 ₫,1
35200K0RV02,Công tắc đèn xi nhan,HONDA,Phụ tùng Honda tiêu chuẩn,44.000 ₫,1
35200K27V01,Công tắc đèn xi nhan,HONDA,Phụ tùng Honda tiêu chuẩn,65.000 ₫,2
35200K59A71,Công tắc đèn xi nhan,HONDA,Phụ tùng Honda tiêu chuẩn,452.000 ₫,1
35200K66V11,Công tắc đèn xi nhan,HONDA,Phụ tùng Honda tiêu chuẩn,74.000 ₫,1
35200KPH971,Công tắc đèn xi nhan,HONDA,Phụ tùng Honda tiêu chuẩn,90.000 ₫,1
35200KTM901,Công tắc đèn xi nhan,HONDA,Phụ tùng Honda tiêu chuẩn,116.000 ₫,1
35200KTM971,Công tắc đèn xi nhan,HONDA,Phụ tùng Honda tiêu chuẩn,71.000 ₫,1
35200KVB851,Công tắc đèn xi nhan,HONDA,Phụ tùng Honda tiêu chuẩn,73.000 ₫,1
35200KVB900,Công tắc đèn xi nhan,HONDA,Phụ tùng Honda tiêu chuẩn,82.000 ₫,1
35200KVV901,Công tắc đèn xi nhan,HONDA,Phụ tùng Honda tiêu chuẩn,421.000 ₫,1
35200KWWA01,Công tắc đèn xi nhan,HONDA,Phụ tùng Honda tiêu chuẩn,74.000 ₫,1
35200KYZ901,Công tắc đèn xi nhan,HONDA,Phụ tùng Honda tiêu chuẩn,62.000 ₫,1
35300K0RV02,Cụm công tắc tắt hệ thống ổn định,HONDA,Phụ tùng Honda tiêu chuẩn,259.000 ₫,1
35340K27V01,Công tắc phanh trước,HONDA,Phụ tùng Honda tiêu chuẩn,107.000 ₫,1
35340KFG000,Công tắc đèn phanh trước trái,HONDA,Phụ tùng Honda tiêu chuẩn,698.000 ₫,1
35340KWB601,Công tắc đèn phanh đĩa trước,HONDA,Phụ tùng Honda tiêu chuẩn,56.000 ₫,1
35340MGSD31,Công tắc đèn phanh trước,HONDA,Phụ tùng Honda tiêu chuẩn,136.000 ₫,1
35345GFMJ11,Công tắc đèn phanh trước,HONDA,Phụ tùng Honda tiêu chuẩn,108.000 ₫,1
35350KEV902,Công tắc đèn phanh sau,HONDA,Phụ tùng Honda tiêu chuẩn,390.000 ₫,1
35350KVV902,Công tắc đèn phanh sau,HONDA,Phụ tùng Honda tiêu chuẩn,145.000 ₫,1
35357GN5910,Lò xo công tắc đèn phanh sau,HONDA,Phụ tùng Honda tiêu chuẩn,10.000 ₫,1
35357KCC900,Lò xo công tắc đèn phanh sau,HONDA,Phụ tùng Honda tiêu chuẩn,7.000 ₫,1
35357KY1000,Lò xo công tắc dừng,HONDA,Phụ tùng Honda tiêu chuẩn,10.000 ₫,1
35700K12931,Bộ công tắc chân chống bên,HONDA,Phụ tùng Honda tiêu chuẩn,490.000 ₫,1
35700K44V01,Bộ công tắc chân chống bên,HONDA,Phụ tùng Honda tiêu chuẩn,1.015.000 ₫,1
35700K44V81,Bộ công tắc chân chống bên,HONDA,Phụ tùng Honda tiêu chuẩn,985.000 ₫,1
35700K66V01,Công tắc chân chống bên,HONDA,Phụ tùng Honda tiêu chuẩn,338.000 ₫,2
35700K66VG1,Bộ công tắc chân chống bên,HONDA,Phụ tùng Honda tiêu chuẩn,295.000 ₫,2
35850K56N01,Công tắc khởi động magnetic,HONDA,Phụ tùng Honda tiêu chuẩn,1.205.000 ₫,1
36532K03H11,Cảm biến Oxy,HONDA,Phụ tùng Honda tiêu chuẩn,817.000 ₫,1
36532K44V01,CẢM BIẾN OXY,HONDA,Phụ tùng Honda tiêu chuẩn,2.144.000 ₫,1
36532K56V01,Cảm biến oxy,HONDA,Phụ tùng Honda tiêu chuẩn,684.000 ₫,1
36532KZR601,Cảm biến OXY,HONDA,Phụ tùng Honda tiêu chuẩn,2.063.000 ₫,1
37010KPH900,BỘ PHAO XĂNG,HONDA,Phụ tùng Honda tiêu chuẩn,578.000 ₫,1
37080KPH650,Bộ phao xăng,HONDA,Phụ tùng Honda tiêu chuẩn,506.000 ₫,1
37080KVB900,Bộ phao xăng,HONDA,Phụ tùng Honda tiêu chuẩn,561.000 ₫,1
37080KVG900,Bộ phao xăng,HONDA,Phụ tùng Honda tiêu chuẩn,556.000 ₫,1
37100K01611,Bộ đồng hồ công tơ mét,HONDA,Phụ tùng Honda tiêu chuẩn,3.741.000 ₫,1
37100K0RV03,Cụm đồng hồ công tơ mét,HONDA,Phụ tùng Honda tiêu chuẩn,3.253.000 ₫,1
37100K0RV14,Bộ đồng hồ công tơ mét,HONDA,Phụ tùng Honda tiêu chuẩn,3.253.000 ₫,1
37100K12931,Bộ đồng hồ công tơ mét,HONDA,Phụ tùng Honda tiêu chuẩn,1.748.000 ₫,1
37100K12V91,Bộ đồng hồ công tơ mét,HONDA,Phụ tùng Honda tiêu chuẩn,1.899.000 ₫,1
37100K27V01,Cụm đồng hồ công tơ mét,HONDA,Phụ tùng Honda tiêu chuẩn,2.260.000 ₫,1
37100K2CV01,Bộ đồng hồ tốc độ,HONDA,Phụ tùng Honda tiêu chuẩn,1.286.000 ₫,1
37100K2CV11,Bộ đồng hồ tốc độ,HONDA,Phụ tùng Honda tiêu chuẩn,1.286.000 ₫,1
37100K2CVA1,Bộ đồng hồ công tơ mét,HONDA,Phụ tùng Honda tiêu chuẩn,1.285.000 ₫,1
37100K2PV62,Bộ đồng hồ công tơ mét,HONDA,Phụ tùng Honda tiêu chuẩn,2.004.000 ₫,1
37100K56V01,Bộ đồng hồ tốc độ,HONDA,Phụ tùng Honda tiêu chuẩn,2.024.000 ₫,1
37100K56V52,Bộ đồng hồ tốc độ,HONDA,Phụ tùng Honda tiêu chuẩn,2.435.000 ₫,1
37100K66V01,Cụm đồng hồ công tơ mét,HONDA,Phụ tùng Honda tiêu chuẩn,1.929.000 ₫,1
37100K73V41,Bộ đồng hồ công tơ mét,HONDA,Phụ tùng Honda tiêu chuẩn,1.676.000 ₫,1
37100K73VD1,CỤM ĐỒNG HỒ TỐC ĐỘ,HONDA,Phụ tùng Honda tiêu chuẩn,1.422.000 ₫,1
37100K77V02,Cụm đồng hồ tốc độ,HONDA,Phụ tùng Honda tiêu chuẩn,3.613.000 ₫,1
37100KYZG01,BỘ ĐỒNG HỒ TỐC ĐỘ,HONDA,Phụ tùng Honda tiêu chuẩn,1.507.000 ₫,1
37112K01901,Bộ khung đồng hồ tốc độ phía t,HONDA,Phụ tùng Honda tiêu chuẩn,244.000 ₫,1
37112K1NV11,Bộ khung đồng hồ tốc độ trên,HONDA,Phụ tùng Honda tiêu chuẩn,185.000 ₫,1
37112K29901,Bộ khung đồng hồ tốc độ trên,HONDA,Phụ tùng Honda tiêu chuẩn,205.000 ₫,1
37200K07941,Bộ đồng hồ tốc độ,HONDA,Phụ tùng Honda tiêu chuẩn,1.491.000 ₫,1
37200K44V02,Bộ đồng hồ công tơ mét,HONDA,Phụ tùng Honda tiêu chuẩn,818.000 ₫,1
37200K57A21,Bộ đồng hồ tốc độ,HONDA,Phụ tùng Honda tiêu chuẩn,841.000 ₫,1
37200K57A81,Bộ đồng hồ tốc độ,HONDA,Phụ tùng Honda tiêu chuẩn,835.000 ₫,1
37200K57A91,BỘ ĐỒNG HỒ TỐC ĐỘ,HONDA,Phụ tùng Honda tiêu chuẩn,835.000 ₫,1
37200K57V21,Bộ đồng hồ tốc độ,HONDA,Phụ tùng Honda tiêu chuẩn,863.000 ₫,1
37200K89V01,Bộ đồng hồ tốc độ,HONDA,Phụ tùng Honda tiêu chuẩn,732.000 ₫,1
37200K89V31,Bộ đồng hồ tốc độ,HONDA,Phụ tùng Honda tiêu chuẩn,754.000 ₫,1
37200K89V51,Bộ đồng hồ tốc độ,HONDA,Phụ tùng Honda tiêu chuẩn,666.000 ₫,1
37200K90V11,Bộ đồng hồ tốc độ,HONDA,Phụ tùng Honda tiêu chuẩn,778.000 ₫,1
37200K90VC1,Bộ đồng hồ tốc độ,HONDA,Phụ tùng Honda tiêu chuẩn,798.000 ₫,1
37200KRS860,Bộ đồng hồ tốc độ,HONDA,Phụ tùng Honda tiêu chuẩn,1.166.000 ₫,1
37200KTL682,Bộ đồng hồ tốc độ,HONDA,Phụ tùng Honda tiêu chuẩn,735.000 ₫,1
37200KVGV41,Bộ đồng hồ tốc độ,HONDA,Phụ tùng Honda tiêu chuẩn,1.690.000 ₫,1
37200KVL900,Bộ đồng hồ tốc độ,HONDA,Phụ tùng Honda tiêu chuẩn,994.000 ₫,1
37200KWWB21,Bộ đồng hồ tốc độ,HONDA,Phụ tùng Honda tiêu chuẩn,1.091.000 ₫,1
37200KZLE01,Bộ đồng hồ tốc độ,HONDA,Phụ tùng Honda tiêu chuẩn,1.086.000 ₫,1
37200KZVV31,Bộ đồng hồ tốc độ,HONDA,Phụ tùng Honda tiêu chuẩn,929.000 ₫,1
37210K1FV01,Cụm đồng hồ tốc độ,HONDA,Phụ tùng Honda tiêu chuẩn,1.493.000 ₫,1
37210K57V01,Bộ đồng hồ tốc độ,HONDA,Phụ tùng Honda tiêu chuẩn,356.000 ₫,1
37210K66V01,Cụm đồng hồ tốc độ,HONDA,Phụ tùng Honda tiêu chuẩn,1.708.000 ₫,1
37211GFC901,Nắp tai đế đồng hồ tốc độ,HONDA,Phụ tùng Honda tiêu chuẩn,33.000 ₫,1
37211GFM971,Nắp trên đồng hồ tốc độ,HONDA,Phụ tùng Honda tiêu chuẩn,91.000 ₫,1
37211K03M61,Nắp trên đồng hồ tốc độ,HONDA,Phụ tùng Honda tiêu chuẩn,71.000 ₫,1
37211K07901,Nắp trên đồng hồ tốc độ,HONDA,Phụ tùng Honda tiêu chuẩn,77.000 ₫,1
37211K12901,Nắp trên đồng hồ tốc độ,HONDA,Phụ tùng Honda tiêu chuẩn,111.000 ₫,1
37211K12V01,Nắp trên đồng hồ tốc độ,HONDA,Phụ tùng Honda tiêu chuẩn,105.000 ₫,1
37211K1GV01,Nắp trên đồng hồ tốc độ,HONDA,Phụ tùng Honda tiêu chuẩn,433.000 ₫,1
37211K27V01,Nắp trên đồng hồ tốc độ,HONDA,Phụ tùng Honda tiêu chuẩn,154.000 ₫,1
37211K44V01,Nắp trên đồng hồ tốc độ,HONDA,Phụ tùng Honda tiêu chuẩn,82.000 ₫,1
37211K66V01,Nắp trên đồng hồ tốc độ,HONDA,Phụ tùng Honda tiêu chuẩn,138.000 ₫,1
37211KFL891,Nắp trên đồng hồ tốc độ,HONDA,Phụ tùng Honda tiêu chuẩn,62.000 ₫,1
37211KPH701,Nắp trên đồng hồ tốc độ,HONDA,Phụ tùng Honda tiêu chuẩn,193.000 ₫,1
37211KTL681,Nắp trên đồng hồ tốc độ,HONDA,Phụ tùng Honda tiêu chuẩn,64.000 ₫,1
37211KTL691,Nắp trên đồng hồ tốc độ,HONDA,Phụ tùng Honda tiêu chuẩn,73.000 ₫,1
37211KTM970,Nắp trên đồng hồ tốc độ,HONDA,Phụ tùng Honda tiêu chuẩn,79.000 ₫,1
37211KVB951,Nắp trên đồng hồ tốc độ,HONDA,Phụ tùng Honda tiêu chuẩn,77.000 ₫,1
37211KVG951,Nắp trên đồng hồ tốc độ,HONDA,Phụ tùng Honda tiêu chuẩn,128.000 ₫,1
37211KVGV41,Nắp trên đồng hồ tốc độ,HONDA,Phụ tùng Honda tiêu chuẩn,127.000 ₫,1
37211KVV901,Nắp trên đồng hồ tốc độ,HONDA,Phụ tùng Honda tiêu chuẩn,156.000 ₫,1
37211KWWA01,Nắp trên đồng hồ tốc độ,HONDA,Phụ tùng Honda tiêu chuẩn,98.000 ₫,1
37211KWWB21,Nắp trên đồng hồ tốc độ,HONDA,Phụ tùng Honda tiêu chuẩn,79.000 ₫,1
37211KYZ901,Nắp trên đồng hồ tốc độ,HONDA,Phụ tùng Honda tiêu chuẩn,74.000 ₫,1
37211KZL931,Nắp trên đồng hồ tốc độ,HONDA,Phụ tùng Honda tiêu chuẩn,91.000 ₫,1
37211KZVT01,Nắp trên đồng hồ tốc độ,HONDA,Phụ tùng Honda tiêu chuẩn,57.000 ₫,1
37212K27V01,Tấm cách mặt đồng hồ tốc độ,HONDA,Phụ tùng Honda tiêu chuẩn,173.000 ₫,1
37212K66V01,Tấm cách mặt đồng hồ tốc độ,HONDA,Phụ tùng Honda tiêu chuẩn,128.000 ₫,1
37212KTL691,Đế dưới đồng hồ tốc độ,HONDA,Phụ tùng Honda tiêu chuẩn,91.000 ₫,1
37212KVB951,Đế dưới đồng hồ tốc độ,HONDA,Phụ tùng Honda tiêu chuẩn,104.000 ₫,1
37212KVG951,Đế dưới đồng hồ tốc độ,HONDA,Phụ tùng Honda tiêu chuẩn,150.000 ₫,1
37214K57V01,Đế dưới đồng hồ tốc độ,HONDA,Phụ tùng Honda tiêu chuẩn,42.000 ₫,1
37221K57V01,Nắp trên đồng hồ tốc độ,HONDA,Phụ tùng Honda tiêu chuẩn,45.000 ₫,1
37221KEV901,Nắp trên đồng hồ tốc độ,HONDA,Phụ tùng Honda tiêu chuẩn,54.000 ₫,1
37224KWWE11,Dây điện đồng hồ tốc độ,HONDA,Phụ tùng Honda tiêu chuẩn,442.000 ₫,1
37420K01902,Xi nhan trước phải,HONDA,Phụ tùng Honda tiêu chuẩn,382.000 ₫,1
37470K01902,Xi nhan trước trái,HONDA,Phụ tùng Honda tiêu chuẩn,382.000 ₫,1
37610K56V01,Nắp đèn,HONDA,Phụ tùng Honda tiêu chuẩn,96.000 ₫,1
37610K77V01,Bộ khung đồng hồ tốc độ phía trên,HONDA,Phụ tùng Honda tiêu chuẩn,241.000 ₫,1
37620K56V01,Tấm cách mặt đồng hồ tốc độ,HONDA,Phụ tùng Honda tiêu chuẩn,70.000 ₫,1
37630K56V01,Đế dưới đồng hồ tốc độ,HONDA,Phụ tùng Honda tiêu chuẩn,230.000 ₫,1
37700K27V01,Bộ cảm biến tốc độ,HONDA,Phụ tùng Honda tiêu chuẩn,191.000 ₫,1
37700K66V01,Bộ cảm biến tốc độ,HONDA,Phụ tùng Honda tiêu chuẩn,139.000 ₫,1
37750K16A21,Bộ cảm biến dầu,HONDA,Phụ tùng Honda tiêu chuẩn,161.000 ₫,1
37750KPH701,Bộ cảm biến dầu,HONDA,Phụ tùng Honda tiêu chuẩn,161.000 ₫,1
37800K57V01,Cụm phao xăng,HONDA,Phụ tùng Honda tiêu chuẩn,122.000 ₫,1
37800KFVM21,Cụm phao xăng,HONDA,Phụ tùng Honda tiêu chuẩn,131.000 ₫,1
37800KPH651,Cụm phao xăng,HONDA,Phụ tùng Honda tiêu chuẩn,131.000 ₫,1
37800KRS971,Cụm phao xăng,HONDA,Phụ tùng Honda tiêu chuẩn,131.000 ₫,1
37800KWB921,Cụm phao xăng,HONDA,Phụ tùng Honda tiêu chuẩn,102.000 ₫,1
37800KWWA81,Cụm phao xăng,HONDA,Phụ tùng Honda tiêu chuẩn,125.000 ₫,1
37800KYZ711,Cụm phao xăng,HONDA,Phụ tùng Honda tiêu chuẩn,308.000 ₫,1
37800KYZ901,Cụm phao xăng,HONDA,Phụ tùng Honda tiêu chuẩn,127.000 ₫,1
37802GA7700,Vòng giữ cụm phao xăng,HONDA,Phụ tùng Honda tiêu chuẩn,14.000 ₫,1
37870HW1671,Cảm biến nhiệt độ làm mát,HONDA,Phụ tùng Honda tiêu chuẩn,389.000 ₫,1
37870KZR601,Cảm biến nhiệt độ làm mát,HONDA,Phụ tùng Honda tiêu chuẩn,179.000 ₫,1
38110K12V02,Còi xe,HONDA,Phụ tùng Honda tiêu chuẩn,98.000 ₫,1
38110K27V01,Còi xe,HONDA,Phụ tùng Honda tiêu chuẩn,119.000 ₫,1
38110K56V01,CÒI XE,HONDA,Phụ tùng Honda tiêu chuẩn,196.000 ₫,1
38110K56V51,Còi xe,HONDA,Phụ tùng Honda tiêu chuẩn,164.000 ₫,1
38110KRS860,Còi xe,HONDA,Phụ tùng Honda tiêu chuẩn,107.000 ₫,1
38110KTM971,Còi xe,HONDA,Phụ tùng Honda tiêu chuẩn,113.000 ₫,1
38110KWWB21,Còi xe,HONDA,Phụ tùng Honda tiêu chuẩn,76.000 ₫,1
38200K56N00,Giảm chấn rơ le,HONDA,Phụ tùng Honda tiêu chuẩn,30.000 ₫,1
38221K2CV01,Cầu chì 5A,HONDA,Phụ tùng Honda tiêu chuẩn,8.000 ₫,1
38221K2SH01,"Cầu chì dẹt, 20A",HONDA,Phụ tùng Honda tiêu chuẩn,8.000 ₫,1
38221SNAA41,"CẦU CHÌ DẸT, 10A",HONDA,Phụ tùng Honda tiêu chuẩn,87.000 ₫,5
38221SNAA51,"CẦU CHÌ DẸT, 15A",HONDA,Phụ tùng Honda tiêu chuẩn,87.000 ₫,2
38300K66V01,Bộ rơ le xi nhan,HONDA,Phụ tùng Honda tiêu chuẩn,124.000 ₫,1
38300KPH881,Bộ rơle xi nhan,HONDA,Phụ tùng Honda tiêu chuẩn,102.000 ₫,1
38301GBG911,Rơle xi nhan,HONDA,Phụ tùng Honda tiêu chuẩn,53.000 ₫,1
38301KPH881,Rơ le xi nhan,HONDA,Phụ tùng Honda tiêu chuẩn,102.000 ₫,1
38301KTF671,Rơ le xi nhan,HONDA,Phụ tùng Honda tiêu chuẩn,385.000 ₫,1
38301KVJ840,Rơle xi nhan,HONDA,Phụ tùng Honda tiêu chuẩn,321.000 ₫,1
38301KWN981,Rơ le xi nhan,HONDA,Phụ tùng Honda tiêu chuẩn,127.000 ₫,1
38301KZZJ01,Rơ le xi nhan,HONDA,Phụ tùng Honda tiêu chuẩn,359.000 ₫,1
38500KVGV21,Bộ rơ le đề,HONDA,Phụ tùng Honda tiêu chuẩn,145.000 ₫,1
38501KPH901,Rơle khởi động,HONDA,Phụ tùng Honda tiêu chuẩn,247.000 ₫,1
38501KVZ631,Rơ le nguồn,HONDA,Phụ tùng Honda tiêu chuẩn,48.000 ₫,1
38501KWYA31,Rơle khởi động,HONDA,Phụ tùng Honda tiêu chuẩn,87.000 ₫,4
38501MCSG01,Rơ le,HONDA,Phụ tùng Honda tiêu chuẩn,219.000 ₫,2
38502K59A11,Rơ le công suất,HONDA,Phụ tùng Honda tiêu chuẩn,67.000 ₫,1
38502KWN901,Rơ le công suất,HONDA,Phụ tùng Honda tiêu chuẩn,171.000 ₫,1
38510K77V11,Cảm biến tốc độ vành sau,HONDA,Phụ tùng Honda tiêu chuẩn,347.000 ₫,1
38520K0RV11,Cảm biến vành xe,HONDA,Phụ tùng Honda tiêu chuẩn,329.000 ₫,1
38520K1NV11,CẢM BIẾN TỐC ĐỘ VÀNH TRƯỚC,HONDA,Phụ tùng Honda tiêu chuẩn,288.000 ₫,1
38520K2PV71,Cảm biến tốc độ,HONDA,Phụ tùng Honda tiêu chuẩn,387.000 ₫,1
38520K56V61,Cảm biến tốc độ vành trước,HONDA,Phụ tùng Honda tiêu chuẩn,359.000 ₫,1
38520K77V11,Cảm biến tốc độ vành trước,HONDA,Phụ tùng Honda tiêu chuẩn,349.000 ₫,1
38720K66V11,Bộ còi báo,HONDA,Phụ tùng Honda tiêu chuẩn,198.000 ₫,1
38770K03M01,Điều khiển phun xăng điện tử,HONDA,Phụ tùng Honda tiêu chuẩn,1.351.000 ₫,1
38770K56V01,Điều khiển phun xăng điện tử,HONDA,Phụ tùng Honda tiêu chuẩn,1.377.000 ₫,1
38770K73V81,Điều khiển phun xăng điện tử,HONDA,Phụ tùng Honda tiêu chuẩn,3.099.000 ₫,1
38770K90V03,ĐIỀU KHIỂN PHUN XĂNG ĐIỆN TỬ,HONDA,Phụ tùng Honda tiêu chuẩn,1.305.000 ₫,1
38770KVGV42,Điều khiển phun xăng điện tử,HONDA,Phụ tùng Honda tiêu chuẩn,4.146.000 ₫,1
38770KYZV21,Điều khiển phun xăng điện tử,HONDA,Phụ tùng Honda tiêu chuẩn,3.934.000 ₫,1
38770KYZV71,Điều khiển điện tử,HONDA,Phụ tùng Honda tiêu chuẩn,1.741.000 ₫,1
38940K2TV11,Bộ sạc USB,HONDA,Phụ tùng Honda tiêu chuẩn,390.000 ₫,1
40510GBGB20ZA,Nắp hộp xích trên *NH364M*,HONDA,Phụ tùng Honda tiêu chuẩn,227.000 ₫,1
40510K56N10,Nắp hộp xích,HONDA,Phụ tùng Honda tiêu chuẩn,41.000 ₫,2
40510KFL890ZA,Nắp hộp xích trên *NH364M*,HONDA,Phụ tùng Honda tiêu chuẩn,221.000 ₫,1
40510KPH900ZB,Nắp hộp xích trên *NHA62M*,HONDA,Phụ tùng Honda tiêu chuẩn,744.000 ₫,1
40510KTL640ZA,Nắp hộp xích trên *NH364M*,HONDA,Phụ tùng Honda tiêu chuẩn,154.000 ₫,1
40510KTL640ZB,Nắp hộp xích trên *NHA62M*,HONDA,Phụ tùng Honda tiêu chuẩn,158.000 ₫,1
40510KWW600ZA,Nắp hộp xích trên *NH364M*,HONDA,Phụ tùng Honda tiêu chuẩn,190.000 ₫,1
40510KWW600ZB,Nắp hộp xích trên *NH1*,HONDA,Phụ tùng Honda tiêu chuẩn,139.000 ₫,1
40510KWW600ZD,Nắp hộp xích trên *NHA62M*,HONDA,Phụ tùng Honda tiêu chuẩn,173.000 ₫,1
40510KWW600ZE,Nắp hộp xích trên *NH303M*,HONDA,Phụ tùng Honda tiêu chuẩn,173.000 ₫,1
40510KYZV00ZA,NẮP HỘP XÍCH TRÊN *NHA62M*,HONDA,Phụ tùng Honda tiêu chuẩn,259.000 ₫,1
40510KYZV00ZC,Nắp hộp xích trên *NH1*,HONDA,Phụ tùng Honda tiêu chuẩn,287.000 ₫,1
40520GBGB20ZB,Nắp hộp xích dưới *NH364M*,HONDA,Phụ tùng Honda tiêu chuẩn,230.000 ₫,1
40520KPH900ZB,Nắp hộp xích dưới *NHA62M*,HONDA,Phụ tùng Honda tiêu chuẩn,667.000 ₫,1
40520KTL640ZA,Nắp hộp xích dưới *NH364M*,HONDA,Phụ tùng Honda tiêu chuẩn,158.000 ₫,1
40520KTL640ZB,Nắp hộp xích dưới *NHA62M*,HONDA,Phụ tùng Honda tiêu chuẩn,158.000 ₫,1
40520KWWB20ZA,Nắp hộp xích dưới *NH364M*,HONDA,Phụ tùng Honda tiêu chuẩn,187.000 ₫,1
40520KWWB20ZB,Nắp hộp xích dưới *NH1*,HONDA,Phụ tùng Honda tiêu chuẩn,198.000 ₫,1
40520KWWB20ZC,Nắp hộp xích dưới *NHA62M*,HONDA,Phụ tùng Honda tiêu chuẩn,187.000 ₫,1
40520KWWB20ZD,Nắp hộp xích dưới *NH303M*,HONDA,Phụ tùng Honda tiêu chuẩn,187.000 ₫,1
40520KYZV00ZB,Nắp hộp xích dưới *NH364M*,HONDA,Phụ tùng Honda tiêu chuẩn,308.000 ₫,1
40530K0FD11,XÍCH TẢI (98 MẮT),HONDA,Nhông tải,265.000 ₫,1
40530K2PV71,Xích DID428VIX4-120LE,HONDA,Nhông tải,195.000 ₫,1
40530K56N12,Xích KMC 428-120,HONDA,Nhông tải,154.000 ₫,1
40530KPH902,XÍCH TẢI (104 MẮT),HONDA,Nhông tải,119.000 ₫,1
40530KTL641,Xích tải (106 mắt),HONDA,Nhông tải,98.000 ₫,2
40530KWWB21,Xích tải (KMC) 102 mắt,HONDA,Nhông tải,101.000 ₫,2
40530KYZ902,XÍCH TẢI (108 MẮT),HONDA,Nhông tải,113.000 ₫,3
40531K15902,Khoá xích tải KMC,HONDA,Phụ tùng Honda tiêu chuẩn,14.000 ₫,1
40531KTL641,Khoá xích tải,HONDA,Phụ tùng Honda tiêu chuẩn,13.000 ₫,1
40531KWWB21,Khớp nối xích tải,HONDA,Phụ tùng Honda tiêu chuẩn,11.000 ₫,3
40543K56N00,Điều chỉnh xích tải,HONDA,Phụ tùng Honda tiêu chuẩn,67.000 ₫,1
40543K56V50,Điều chỉnh xích tải,HONDA,Phụ tùng Honda tiêu chuẩn,65.000 ₫,1
40543KEV900,Tấm điều chỉnh xích phải,HONDA,Phụ tùng Honda tiêu chuẩn,14.000 ₫,1
40543KPGT00,Tấm điều chỉnh xích,HONDA,Phụ tùng Honda tiêu chuẩn,48.000 ₫,1
40543KWB600,Tấm điều chỉnh xích phải,HONDA,Phụ tùng Honda tiêu chuẩn,27.000 ₫,1
40543KWWA00,Tấm điều chỉnh xích phải,HONDA,Phụ tùng Honda tiêu chuẩn,22.000 ₫,1
40544KEV900,Tấm điều chỉnh xích trái,HONDA,Phụ tùng Honda tiêu chuẩn,21.000 ₫,1
40545001000,Nắp kiểm tra xích,HONDA,Phụ tùng Honda tiêu chuẩn,5.000 ₫,10
40546K56V50,Nắp cuối càng sau,HONDA,Phụ tùng Honda tiêu chuẩn,47.000 ₫,1
40546KPGT00,Nắp cuối càng sau,HONDA,Phụ tùng Honda tiêu chuẩn,10.000 ₫,1
40591KWW600,Đệm nhựa đỡ xích tải,HONDA,Phụ tùng Honda tiêu chuẩn,13.000 ₫,1
40591KYZV10,Đệm nhựa đỡ xích tải,HONDA,Phụ tùng Honda tiêu chuẩn,25.000 ₫,1
41200K26901,NHÔNG TẢI SAU,HONDA,Nhông tải,530.000 ₫,1
41200K56V01,Nhông tải sau,HONDA,Nhông tải,181.000 ₫,1
41200K56V50,Nhông tải sau,HONDA,Nhông tải,159.000 ₫,1
41201GN5760,Nhông tải sau (36 răng),HONDA,Nhông tải,96.000 ₫,1
41201K03M30,NHÔNG TẢI SAU (37 RĂNG),HONDA,Nhông tải,102.000 ₫,1
41201K73V00,NHÔNG TẢI SAU,HONDA,Nhông tải,99.000 ₫,3
41201K89V00,Nhông tải sau,HONDA,Nhông tải,98.000 ₫,1
41201KTL640,Nhông tải sau (36 răng),HONDA,Nhông tải,90.000 ₫,1
41201KWWB20,Nhông tải sau (37răng),HONDA,Nhông tải,98.000 ₫,1
42301GN5730,Trục bánh xe sau,HONDA,Phụ tùng Honda tiêu chuẩn,39.000 ₫,1
42301K56N00,Trục bánh xe sau,HONDA,Phụ tùng Honda tiêu chuẩn,101.000 ₫,1
42301KFV790,Trục bánh xe sau,HONDA,Phụ tùng Honda tiêu chuẩn,50.000 ₫,1
42301KPG900,Trục bánh xe sau,HONDA,Phụ tùng Honda tiêu chuẩn,45.000 ₫,2
42301KPGT00,Trục bánh xe sau,HONDA,Phụ tùng Honda tiêu chuẩn,51.000 ₫,1
42301KWW640,Trục bánh xe sau,HONDA,Phụ tùng Honda tiêu chuẩn,44.000 ₫,2
42303GN5830,Trục ống chỉ,HONDA,Phụ tùng Honda tiêu chuẩn,56.000 ₫,1
42303K56N10,Trục ống chỉ sau,HONDA,Phụ tùng Honda tiêu chuẩn,25.000 ₫,1
42311K29900,Bạc cách bánh sau,HONDA,Phụ tùng Honda tiêu chuẩn,30.000 ₫,1
42311K56N10,Bạc đệm cách bánh sau trái,HONDA,Phụ tùng Honda tiêu chuẩn,25.000 ₫,1
42311KVG900,Bạc cách bánh sau,HONDA,Phụ tùng Honda tiêu chuẩn,22.000 ₫,2
42312KVG900,Bạc cách B bánh sau,HONDA,Phụ tùng Honda tiêu chuẩn,13.000 ₫,1
42313GBGB20,Bạc bánh sau bên bát phanh,HONDA,Phụ tùng Honda tiêu chuẩn,17.000 ₫,1
42313KGH900,Bạc đệm cách bánh sau,HONDA,Phụ tùng Honda tiêu chuẩn,47.000 ₫,1
4260AK77V100G,Vành sau màu vàng,HONDA,Phụ kiện hãng,1.347.000 ₫,1
42610GN5760,Cụm bắt nhông tải sau,HONDA,Phụ tùng Honda tiêu chuẩn,134.000 ₫,1
42615K56V00ZA,Cụm bắt nhông tải sau *NH303M*,HONDA,Phụ tùng Honda tiêu chuẩn,236.000 ₫,1
42620K56N10,Ống cách vòng bi bánh sau,HONDA,Phụ tùng Honda tiêu chuẩn,34.000 ₫,1
42635K03H00ZA,CỤM ĐÙM MOAY Ơ SAU *NH364M*,HONDA,Phụ tùng Honda tiêu chuẩn,586.000 ₫,1
42635KTL640ZA,Cụm đùm moay ơ sau *NH364M*,HONDA,Phụ tùng Honda tiêu chuẩn,653.000 ₫,1
42650K03M30ZA,Bộ vành sau *NH364M*,HONDA,Phụ tùng Honda tiêu chuẩn,1.072.000 ₫,1
42650K03M50ZA,Bộ vành sau *NH303M*,HONDA,Phụ tùng Honda tiêu chuẩn,2.096.000 ₫,1
42650K0RV00ZA,Cụm vành đúc sau *NH146M*,HONDA,Phụ tùng Honda tiêu chuẩn,2.731.000 ₫,1
42650K12V00ZA,Vành sau *NH364M*,HONDA,Phụ tùng Honda tiêu chuẩn,2.032.000 ₫,1
42650K12V00ZB,Vành sau *NH303M*,HONDA,Phụ tùng Honda tiêu chuẩn,2.032.000 ₫,1
42650K1GV01ZA,Cụm vành đúc sau *NH303M*,HONDA,Phụ tùng Honda tiêu chuẩn,2.247.000 ₫,1
42650K1NV00ZA,Vành sau *NH303M*,HONDA,Phụ tùng Honda tiêu chuẩn,2.307.000 ₫,1
42650K1WV10ZA,Vành sau *NH146M*,HONDA,Phụ tùng Honda tiêu chuẩn,4.168.000 ₫,1
42650K27V00ZC,Bộ vành xe sau *NH364M*,HONDA,Phụ tùng Honda tiêu chuẩn,2.760.000 ₫,1
42650K29V80ZA,Vành sau *NH303M*,HONDA,Phụ tùng Honda tiêu chuẩn,2.580.000 ₫,1
42650K29V80ZB,Vành sau *NH146M*,HONDA,Phụ tùng Honda tiêu chuẩn,2.529.000 ₫,1
42650K2CV00ZB,Vành sau *NH146M*,HONDA,Phụ tùng Honda tiêu chuẩn,1.972.000 ₫,1
42650K2CV30ZB,Vành sau *NH303M*,HONDA,Phụ tùng Honda tiêu chuẩn,1.972.000 ₫,1
42650K44V00ZA,Bộ vành & moay ơ sau *NH146M*,HONDA,Phụ tùng Honda tiêu chuẩn,2.019.000 ₫,1
42650K44V00ZB,Bộ vành & moay ơ sau *NH303M*,HONDA,Phụ tùng Honda tiêu chuẩn,2.019.000 ₫,1
42650K66VE0ZA,Cụm vành sau *NH364M*,HONDA,Phụ tùng Honda tiêu chuẩn,2.682.000 ₫,1
42650K73V10ZA,CỤM VÀNH SAU *NH303M*,HONDA,Phụ tùng Honda tiêu chuẩn,2.351.000 ₫,1
42650K77V00ZA,Cụm vành sau *NH146M*,HONDA,Phụ tùng Honda tiêu chuẩn,2.977.000 ₫,1
42650KTL640ZA,Bộ vành & moay ơ sau *NH364M*,HONDA,Phụ tùng Honda tiêu chuẩn,1.425.000 ₫,1
42650KVGV40ZA,Cụm vành đúc sau *NH303M*,HONDA,Phụ tùng Honda tiêu chuẩn,2.953.000 ₫,1
42650KWWB20ZA,Bộ vành & moay ơ sau *NH364M*,HONDA,Phụ tùng Honda tiêu chuẩn,1.313.000 ₫,1
42653001004,Phớt o 40.5x2,HONDA,Phụ tùng Honda tiêu chuẩn,10.000 ₫,1
42701GBGB20,Vành sau 1.40-17,HONDA,Phụ tùng Honda tiêu chuẩn,379.000 ₫,1
42701KFL890,Vành sau 1.60-17,HONDA,Phụ tùng Honda tiêu chuẩn,438.000 ₫,1
42701KPH970,Vành ngoài không bao gồm nan hoa,HONDA,Phụ tùng Honda tiêu chuẩn,678.000 ₫,1
42701KW7902,Vành xe 1.40-17,HONDA,Phụ tùng Honda tiêu chuẩn,359.000 ₫,1
42711GBGB20,Lốp sau,HONDA,Lốp,299.000 ₫,1
42711GGEYK1,LỐP SAU (100/90-10 61J) (YOKO),HONDA,Lốp,483.000 ₫,1
42711K01904,Lốp sau (120/80-16M/C 60P) (IRC),HONDA,Lốp,1.203.000 ₫,1
42711K0RYK0,Lốp sau (120/80-16 M/C 60P) (YOKO),HONDA,Lốp,1.042.000 ₫,3
42711K12932,Lốp sau,HONDA,Lốp,563.000 ₫,1
42711K1FV01,Lốp sau (VEE),HONDA,Lốp,775.000 ₫,1
42711K27YK2,LỐP SAU (90/90-14 M/C 46P) (YOKO),HONDA,Lốp,462.000 ₫,4
42711K66VE1,Lốp sau,HONDA,Lốp,518.000 ₫,1
42711K96V02,Lốp sau (120/70-14M/C 61P) (IRC),HONDA,Lốp,774.000 ₫,1
42711KFL891,Lốp sau (2.75/17 4PR 41P NR60),HONDA,Lốp,401.000 ₫,1
42711KTM972,Lốp sau (80/9017 MC 50P NR69),HONDA,Lốp,446.000 ₫,1
42711KVGV41,Lốp sau (IRC)(90/9014 46P),HONDA,Lốp,595.000 ₫,5
42711KWWB22,Lốp sau (80/9017 MC 44P),HONDA,Lốp,393.000 ₫,1
42712KEV900,Săm xe (2.25/2.5017B),HONDA,Phụ tùng Honda tiêu chuẩn,90.000 ₫,1
42712KTM972,Xăm xe (80/9017 MC),HONDA,Phụ tùng Honda tiêu chuẩn,84.000 ₫,4
42712KVGB01,Săm sau (CHE)(90/9014B),HONDA,Phụ tùng Honda tiêu chuẩn,93.000 ₫,1
42712KWWB22,Săm xe (80/9017),HONDA,Phụ tùng Honda tiêu chuẩn,96.000 ₫,2
42712KWWE01,Xăm sau (CST),HONDA,Phụ tùng Honda tiêu chuẩn,79.000 ₫,1
42713001000,Cao su lót vành,HONDA,Phụ tùng Honda tiêu chuẩn,11.000 ₫,2
42713KEV900,Cao su lót vành,HONDA,Phụ tùng Honda tiêu chuẩn,21.000 ₫,1
42753KBN902,Van bánh xe trước (CST),HONDA,Phụ tùng Honda tiêu chuẩn,44.000 ₫,2
43100GBGB20ZC,Bát phanh sau *NH364M*,HONDA,Phụ tùng Honda tiêu chuẩn,181.000 ₫,1
43100KPH900ZA,Bát phanh sau *NH364M*,HONDA,Phụ tùng Honda tiêu chuẩn,227.000 ₫,1
43100KWW640ZB,Bát phanh sau *NH364M*,HONDA,Phụ tùng Honda tiêu chuẩn,182.000 ₫,1
43100KWW640ZD,Bát phanh sau *NH303M*,HONDA,Phụ tùng Honda tiêu chuẩn,182.000 ₫,1
43108KSPB51,LÒ XO TẤM,HONDA,Phụ tùng Honda tiêu chuẩn,53.000 ₫,1
43141400010,Cam phanh sau,HONDA,Phụ tùng Honda tiêu chuẩn,144.000 ₫,1
43141GC5000,Cam phanh sau,HONDA,Phụ tùng Honda tiêu chuẩn,245.000 ₫,11
43141K0JN00,Cam phanh sau,HONDA,Phụ tùng Honda tiêu chuẩn,61.000 ₫,1
43150K56N11,Cụm ngàm phanh sau,HONDA,Phụ tùng Honda tiêu chuẩn,626.000 ₫,1
43234S04003,Chụp chắn bụi chốt treo,HONDA,Phụ tùng Honda tiêu chuẩn,16.000 ₫,1
43251K01900,Đĩa phanh sau,HONDA,Phụ tùng Honda tiêu chuẩn,672.000 ₫,1
43251K56V01,Đĩa phanh sau,HONDA,Phụ tùng Honda tiêu chuẩn,402.000 ₫,1
43352568003,Vít xả khí bộ ngàm phanh,HONDA,Phụ tùng Honda tiêu chuẩn,27.000 ₫,1
43353461771,Chụp vít xả khí ngàm phanh,HONDA,Phụ tùng Honda tiêu chuẩn,5.000 ₫,2
43410086720,Cần kéo phanh sau,HONDA,Phụ tùng Honda tiêu chuẩn,31.000 ₫,1
43410KVB900,Cần kéo phanh sau,HONDA,Phụ tùng Honda tiêu chuẩn,47.000 ₫,1
43410KWB600,Cần kéo phanh sau,HONDA,Phụ tùng Honda tiêu chuẩn,27.000 ₫,1
43431GBGB21,Cần hãm bát phanh sau,HONDA,Phụ tùng Honda tiêu chuẩn,30.000 ₫,1
43434ME1670,Cao su cần hãm bát phanh sau,HONDA,Phụ tùng Honda tiêu chuẩn,5.000 ₫,1
43440K29901,Dây 1 kết nối phanh sau,HONDA,Phụ tùng Honda tiêu chuẩn,68.000 ₫,1
43440K44V01,Dây kết nối phanh trước,HONDA,Phụ tùng Honda tiêu chuẩn,65.000 ₫,1
43440KVB920,Dây cáp kết nối phanh trước,HONDA,Phụ tùng Honda tiêu chuẩn,88.000 ₫,1
43440KWN931,Dây phanh sau 1,HONDA,Phụ tùng Honda tiêu chuẩn,118.000 ₫,1
43440KZLE01,Dây 1 kết nối phanh sau,HONDA,Phụ tùng Honda tiêu chuẩn,71.000 ₫,1
43450K1FV01,Dây phanh sau,HONDA,Phụ tùng Honda tiêu chuẩn,144.000 ₫,1
43450K29901,Dây phanh sau,HONDA,Phụ tùng Honda tiêu chuẩn,179.000 ₫,1
43450K44V01,Dây phanh sau,HONDA,Phụ tùng Honda tiêu chuẩn,167.000 ₫,1
43450KVB920,Dây cáp phanh sau,HONDA,Phụ tùng Honda tiêu chuẩn,182.000 ₫,1
43450KZLE01,Dây 2 kết nối phanh sau,HONDA,Phụ tùng Honda tiêu chuẩn,181.000 ₫,1
43451GBGB20,Thanh kéo phanh sau,HONDA,Phụ tùng Honda tiêu chuẩn,37.000 ₫,1
43451KPH900,Thanh kéo phanh sau,HONDA,Phụ tùng Honda tiêu chuẩn,30.000 ₫,1
43451KTL690,Thanh kéo phanh sau,HONDA,Phụ tùng Honda tiêu chuẩn,17.000 ₫,1
43451KWB600,Thanh kéo phanh sau,HONDA,Phụ tùng Honda tiêu chuẩn,24.000 ₫,1
43451KWW640,Thanh kéo phanh sau,HONDA,Phụ tùng Honda tiêu chuẩn,30.000 ₫,1
43451KYZ900,Thanh kéo phanh sau,HONDA,Phụ tùng Honda tiêu chuẩn,28.000 ₫,1
43459GN5760,ốc điều chỉnh phanh,HONDA,Phụ tùng Honda tiêu chuẩn,5.000 ₫,1
43472KVB900,Lò xo cần phanh sau,HONDA,Phụ tùng Honda tiêu chuẩn,7.000 ₫,1
43510K0RV11,Cụm xy lanh phanh dầu sau,HONDA,Phụ tùng Honda tiêu chuẩn,1.094.000 ₫,1
43510K56N11,Cụm xi lanh phanh dầu sau,HONDA,Phụ tùng Honda tiêu chuẩn,401.000 ₫,1
43510K77V11,Cụm xi lanh phanh dầu sau,HONDA,Phụ tùng Honda tiêu chuẩn,1.223.000 ₫,1
43510K97N01,Cụm xy lanh phanh dầu sau,HONDA,Phụ tùng Honda tiêu chuẩn,1.094.000 ₫,1
43511KS6702,Hộp dầu phanh chính,HONDA,Phụ tùng Honda tiêu chuẩn,51.000 ₫,1
44301GN5900,Trục bánh xe trước,HONDA,Phụ tùng Honda tiêu chuẩn,53.000 ₫,1
44301K01900,Trục bánh xe trước,HONDA,Phụ tùng Honda tiêu chuẩn,59.000 ₫,1
44301K56N10,Trục bánh xe trước,HONDA,Phụ tùng Honda tiêu chuẩn,31.000 ₫,1
44301KFM900,Trục bánh xe trước,HONDA,Phụ tùng Honda tiêu chuẩn,51.000 ₫,1
44301KPH970,Trục bánh xe trước,HONDA,Phụ tùng Honda tiêu chuẩn,41.000 ₫,1
44301KVG950,Trục bánh trước,HONDA,Phụ tùng Honda tiêu chuẩn,37.000 ₫,1
44301KWW640,Trục bánh xe trước,HONDA,Phụ tùng Honda tiêu chuẩn,42.000 ₫,2
44311GCC930,Bạc đệm bánh xe trước bên trái,HONDA,Phụ tùng Honda tiêu chuẩn,47.000 ₫,1
44311GN5760,Bạc cách bánh xe trước,HONDA,Phụ tùng Honda tiêu chuẩn,21.000 ₫,1
44311K56N10,Bạc đệm bánh xe trước,HONDA,Phụ tùng Honda tiêu chuẩn,27.000 ₫,1
44311KEV650,Bạc cách bánh xe trước,HONDA,Phụ tùng Honda tiêu chuẩn,22.000 ₫,3
44311KGF900,Bạc cách vành trước,HONDA,Phụ tùng Honda tiêu chuẩn,184.000 ₫,2
44311KPH900,Bạc cách bánh xe trước,HONDA,Phụ tùng Honda tiêu chuẩn,17.000 ₫,1
44311KVB910,Bạc đệm bên bánh trước,HONDA,Phụ tùng Honda tiêu chuẩn,16.000 ₫,1
44312K01900,Bạc đệm bánh xe trước bên trái,HONDA,Phụ tùng Honda tiêu chuẩn,65.000 ₫,1
44312KZR600,Bạc đệm bên bánh trước,HONDA,Phụ tùng Honda tiêu chuẩn,39.000 ₫,1
4431AKPH900,Bộ bi,HONDA,Phụ tùng Honda tiêu chuẩn,141.000 ₫,1
4431BKPH900,Bộ bi,HONDA,Phụ tùng Honda tiêu chuẩn,151.000 ₫,1
44515KRJ760,Đai trước trục cơ,HONDA,Phụ tùng Honda tiêu chuẩn,469.000 ₫,1
4460AK77V100G,Vành trước màu vàng,HONDA,Phụ kiện hãng,1.320.000 ₫,1
44635K03N40ZB,Cụm đùm moay ơ trước *NH364M*,HONDA,Phụ tùng Honda tiêu chuẩn,507.000 ₫,1
44650GBGB20ZC,Cụm vành & moay ơ trước *NH364M,HONDA,Phụ tùng Honda tiêu chuẩn,1.537.000 ₫,1
44650K0RV10ZB,Cụm vành trước *NH146M*,HONDA,Phụ tùng Honda tiêu chuẩn,2.728.000 ₫,1
44650K12930ZA,Cụm vành & moay ơ trước,HONDA,Phụ tùng Honda tiêu chuẩn,1.796.000 ₫,1
44650K12V80ZB,Cụm vành trước *NH303M*,HONDA,Phụ tùng Honda tiêu chuẩn,1.852.000 ₫,1
44650K1FV01ZB,Vành trước *NH303M*,HONDA,Phụ tùng Honda tiêu chuẩn,2.150.000 ₫,1
44650K1NV10ZA,Vành trước *NH303M*,HONDA,Phụ tùng Honda tiêu chuẩn,2.113.000 ₫,1
44650K1NV10ZB,VÀNH TRƯỚC *NH146M*,HONDA,Phụ tùng Honda tiêu chuẩn,2.113.000 ₫,1
44650K27V50ZA,Bộ vành trước*NH303M*,HONDA,Phụ tùng Honda tiêu chuẩn,2.386.000 ₫,1
44650K27V50ZB,Bộ vành trước*NH146M*,HONDA,Phụ tùng Honda tiêu chuẩn,2.386.000 ₫,1
44650K29910ZB,Cụm vành trước *NH303M*,HONDA,Phụ tùng Honda tiêu chuẩn,2.300.000 ₫,1
44650K29VC0ZA,Vành trước *NH303M*,HONDA,Phụ tùng Honda tiêu chuẩn,2.317.000 ₫,1
44650K29VC0ZB,Vành trước *NH146M*,HONDA,Phụ tùng Honda tiêu chuẩn,2.317.000 ₫,1
44650K2CV00ZA,Vành trước *NH303M*,HONDA,Phụ tùng Honda tiêu chuẩn,1.628.000 ₫,1
44650K2CV00ZB,Vành trước *NH146M*,HONDA,Phụ tùng Honda tiêu chuẩn,1.790.000 ₫,1
44650K2PVF0ZA,CỤM VÀNH TRƯỚC *NH303M*,HONDA,Phụ tùng Honda tiêu chuẩn,2.485.000 ₫,1
44650K44V00ZA,Cụm vành & moay ơ trước *NH146M*,HONDA,Phụ tùng Honda tiêu chuẩn,1.890.000 ₫,1
44650K44V00ZB,Cụm vành & moay ơ trước *NH303M*,HONDA,Phụ tùng Honda tiêu chuẩn,1.890.000 ₫,1
44650K44V80ZA,Vành trước *NH303M*,HONDA,Phụ tùng Honda tiêu chuẩn,1.835.000 ₫,1
44650K44V80ZB,Vành trước *NH146M*,HONDA,Phụ tùng Honda tiêu chuẩn,1.835.000 ₫,1
44650K56V00ZA,Bộ vành trước *NH303M*,HONDA,Phụ tùng Honda tiêu chuẩn,2.642.000 ₫,1
44650K57V21ZA,Cụm vành đúc trước *NH303M*,HONDA,Phụ tùng Honda tiêu chuẩn,1.257.000 ₫,1
44650K66VE0ZA,Cụm vành trước *NH364M*,HONDA,Phụ tùng Honda tiêu chuẩn,2.565.000 ₫,1
44650K66VE0ZB,Cụm vành trước *NH303M*,HONDA,Phụ tùng Honda tiêu chuẩn,2.565.000 ₫,1
44650K73V11ZA,Cụm vành trước *NH303M*,HONDA,Phụ tùng Honda tiêu chuẩn,2.357.000 ₫,1
44650K77V00ZA,Cụm vành trước *NH146M*,HONDA,Phụ tùng Honda tiêu chuẩn,2.959.000 ₫,1
44650K77V10ZA,Vành trước *NH146M*,HONDA,Phụ tùng Honda tiêu chuẩn,3.048.000 ₫,1
44650KYZG10ZA,CỤM VÀNH & MOAY Ơ TRƯỚC *NH303M*,HONDA,Phụ tùng Honda tiêu chuẩn,2.197.000 ₫,1
44701GBGB20,Vành trước 1.20-17,HONDA,Phụ tùng Honda tiêu chuẩn,376.000 ₫,1
44701KFL890,Vành trước 1.40-17,HONDA,Phụ tùng Honda tiêu chuẩn,516.000 ₫,1
44701KW7900,Vành xe 1.20-17,HONDA,Phụ tùng Honda tiêu chuẩn,472.000 ₫,1
44711GBGB20,Lốp trước,HONDA,Lốp,252.000 ₫,1
44711GGEYK1,LỐP TRƯỚC (90/90-12 44J) (YOKO),HONDA,Lốp,447.000 ₫,1
44711K0RYK0,Lốp trước (100/80-16M/C 50P) (YOKO),HONDA,Lốp,881.000 ₫,1
44711K12932,Lốp trước (90/90-12 44J) (IRC),HONDA,Lốp,530.000 ₫,1
44711K27YK2,LỐP TRƯỚC (80/90-14M/C 40P) (YOKO),HONDA,Lốp,430.000 ₫,3
44711K29YK0,LỐP TRƯỚC (80/90-16M/C 43P) (YOKO),HONDA,Lốp,456.000 ₫,1
44711K56V02,Lốp trước (IRC),HONDA,Lốp,580.000 ₫,1
44711K59A72,LỐP TRƯỚC (90/80-14 M/C 43P) (SRI),HONDA,Lốp,787.000 ₫,1
44711K96V02,Lốp trước,HONDA,Lốp,677.000 ₫,1
44711KFL891,"Lốp trước (2,50/17 4PR 38l NF4",HONDA,Lốp,321.000 ₫,1
44711KTM972,Lốp trước (IRC)(70/10017 40P N,HONDA,Lốp,352.000 ₫,1
44711KWWB22,Lốp trước VEE (70/9017 MC 38P),HONDA,Lốp,333.000 ₫,1
44711KWWYK0,Lốp trước (70/90-17 M/C 38P) (YOKO),HONDA,Lốp,307.000 ₫,3
44712KVB901,Săm trước (IRC)(80/9014B),HONDA,Phụ tùng Honda tiêu chuẩn,122.000 ₫,1
44712KWWB22,Săm trước VEE (70/9017),HONDA,Phụ tùng Honda tiêu chuẩn,79.000 ₫,1
44753KSB901,Van bánh xe sau,HONDA,Phụ tùng Honda tiêu chuẩn,50.000 ₫,1
44800KPH651,Hộp bánh răng đo tốc độ,HONDA,Phụ tùng Honda tiêu chuẩn,142.000 ₫,1
44800KWB600,Hộp bánh răng đo tốc độ,HONDA,Phụ tùng Honda tiêu chuẩn,104.000 ₫,1
44800KWW650,Hộp bánh răng đo tốc độ,HONDA,Phụ tùng Honda tiêu chuẩn,94.000 ₫,1
44806GN5901,Bánh răng đo tốc độ,HONDA,Phụ tùng Honda tiêu chuẩn,14.000 ₫,1
44806KFM901,Bánh răng đo tốc độ (19răng),HONDA,Phụ tùng Honda tiêu chuẩn,13.000 ₫,1
44830GGE900,Dây công tơ mét,HONDA,Dây công tơ mét,85.000 ₫,1
44830GGE940,Dây công tơ mét,HONDA,Phụ tùng Honda tiêu chuẩn,91.000 ₫,1
44830K90V10,Dây công tơ mét,HONDA,Dây công tơ mét,68.000 ₫,2
44830KFL890,Dây công tơ mét,HONDA,Dây công tơ mét,96.000 ₫,2
44830KFM900,Dây công tơ mét,HONDA,Phụ tùng Honda tiêu chuẩn,71.000 ₫,1
44830KRS900,Dây công tơ mét,HONDA,Dây công tơ mét,85.000 ₫,1
44830KTL690,Dây công tơ mét,HONDA,Dây công tơ mét,84.000 ₫,1
44830KVB750,Dây công tơ mét,HONDA,Dây công tơ mét,81.000 ₫,8
44830KVRV10,Dây công tơ mét,HONDA,Dây công tơ mét,62.000 ₫,1
44830KWW640,Dây công tơ mét,HONDA,Dây công tơ mét,76.000 ₫,4
44830KWWB30,Dây công tơ mét,HONDA,Dây công tơ mét,88.000 ₫,1
45010KRS860ZA,Cụm bát phanh trước *NH364M*,HONDA,Phụ tùng Honda tiêu chuẩn,242.000 ₫,1
45010KWW640ZA,Cụm bát phanh trước *NH364M*,HONDA,Phụ tùng Honda tiêu chuẩn,242.000 ₫,1
45105KW7425,Bộ má phanh dầu,HONDA,Má phanh,239.000 ₫,1
45108KVBT01,Lò xo má phanh dầu,HONDA,Phụ tùng Honda tiêu chuẩn,17.000 ₫,1
45126K12911,Ống dẫn dầu phanh,HONDA,Phụ tùng Honda tiêu chuẩn,333.000 ₫,1
45126K29901,Ống dẫn dầu phanh,HONDA,Phụ tùng Honda tiêu chuẩn,367.000 ₫,1
45126K2CV91,Ống dẫn dầu phanh trước,HONDA,Phụ tùng Honda tiêu chuẩn,253.000 ₫,1
45126K2TV01,ỐNG DẪN DẦU PHANH,HONDA,Phụ tùng Honda tiêu chuẩn,630.000 ₫,1
45126K90VC1,Ống dẫn dầu phanh,HONDA,Phụ tùng Honda tiêu chuẩn,325.000 ₫,1
45126KRS871,ống dẫn dầu phanh,HONDA,Phụ tùng Honda tiêu chuẩn,476.000 ₫,1
45126KTM851,ống dẫn dầu phanh trước,HONDA,Phụ tùng Honda tiêu chuẩn,319.000 ₫,1
45126KVGV21,ống dẫn dầu phanh trước,HONDA,Phụ tùng Honda tiêu chuẩn,325.000 ₫,1
45126KZR601,Ống dẫn dầu phanh,HONDA,Phụ tùng Honda tiêu chuẩn,272.000 ₫,1
45131GZ0006,Chốt trượt,HONDA,Phụ tùng Honda tiêu chuẩn,13.000 ₫,1
45131ML7921,Chốt trượt A,HONDA,Phụ tùng Honda tiêu chuẩn,37.000 ₫,1
45132166016,Đệm cao su chốt trượt,HONDA,Phụ tùng Honda tiêu chuẩn,5.000 ₫,6
45132GW3980,Vỏ bọc cáo su chốt giá trượt,HONDA,Phụ tùng Honda tiêu chuẩn,31.000 ₫,1
45133MA3006,Phớt chắn bụi chốt trượt B,HONDA,Phụ tùng Honda tiêu chuẩn,8.000 ₫,4
45134250000,Phớt chắn bụi cam phanh,HONDA,Phụ tùng Honda tiêu chuẩn,11.000 ₫,5
45190K12901,Bộ giá ngàm phanh,HONDA,Phụ tùng Honda tiêu chuẩn,110.000 ₫,1
45190K1NV11,BỘ GIÁ NGÀM PHANH TRƯỚC,HONDA,Phụ tùng Honda tiêu chuẩn,327.000 ₫,1
45190K77V11,Bộ giá ngàm phanh,HONDA,Phụ tùng Honda tiêu chuẩn,199.000 ₫,1
45190KVB911,Giá trượt ngàm phanh trước,HONDA,Phụ tùng Honda tiêu chuẩn,175.000 ₫,1
45190KVBT01,Giá trượt ngàm phanh trước,HONDA,Phụ tùng Honda tiêu chuẩn,122.000 ₫,1
45190KWN931,Bộ giá ngàm phanh trước,HONDA,Phụ tùng Honda tiêu chuẩn,202.000 ₫,1
45208KWB601,Lò xo má phanh dầu,HONDA,Phụ tùng Honda tiêu chuẩn,16.000 ₫,1
45215KPH951,Chốt treo má phanh,HONDA,Phụ tùng Honda tiêu chuẩn,25.000 ₫,1
45218KWB601,Piston phanh dầu,HONDA,Phụ tùng Honda tiêu chuẩn,85.000 ₫,1
45250KWB602,Cụm ngàm phanh,HONDA,Phụ tùng Honda tiêu chuẩn,949.000 ₫,2
45250KWWB12,Cụm ngàm phanh dầu,HONDA,Phụ tùng Honda tiêu chuẩn,459.000 ₫,1
45251K56V01,Đĩa phanh trước,HONDA,Phụ tùng Honda tiêu chuẩn,506.000 ₫,1
45251K56V51,Đĩa phanh trước,HONDA,Phụ tùng Honda tiêu chuẩn,455.000 ₫,1
45251K90V01,Đĩa phanh trước,HONDA,Phụ tùng Honda tiêu chuẩn,318.000 ₫,1
45251KTM752,Đĩa phanh trước,HONDA,Phụ tùng Honda tiêu chuẩn,1.105.000 ₫,1
45251KWWB11,Đĩa phanh dầu trước,HONDA,Phụ tùng Honda tiêu chuẩn,387.000 ₫,2
45351GCCB50,Đĩa phanh trước trái,HONDA,Phụ tùng Honda tiêu chuẩn,1.174.000 ₫,1
45351K01900,Đĩa phanh trước,HONDA,Phụ tùng Honda tiêu chuẩn,590.000 ₫,1
45351K0RV11,Đĩa phanh trước,HONDA,Phụ tùng Honda tiêu chuẩn,515.000 ₫,1
45351K12900,Đĩa phanh trước,HONDA,Phụ tùng Honda tiêu chuẩn,495.000 ₫,1
45351K12V01,Đĩa phanh trước trái,HONDA,Phụ tùng Honda tiêu chuẩn,410.000 ₫,1
45351K1FV11,Đĩa phanh trước,HONDA,Phụ tùng Honda tiêu chuẩn,430.000 ₫,1
45351K1NV01,Đĩa phanh trước,HONDA,Phụ tùng Honda tiêu chuẩn,384.000 ₫,1
45351K29V81,Đĩa phanh trước,HONDA,Phụ tùng Honda tiêu chuẩn,424.000 ₫,1
45351K2TV01,Đĩa phanh trước trái,HONDA,Phụ tùng Honda tiêu chuẩn,393.000 ₫,1
45351K44J01,Đĩa phanh trước trái,HONDA,Phụ tùng Honda tiêu chuẩn,211.000 ₫,1
45351K66VE1,Đĩa phanh trước,HONDA,Phụ tùng Honda tiêu chuẩn,370.000 ₫,1
45351KVB961,Đĩa phanh trước,HONDA,Phụ tùng Honda tiêu chuẩn,345.000 ₫,1
45351KVG901,Đĩa phanh trước,HONDA,Phụ tùng Honda tiêu chuẩn,1.055.000 ₫,1
45351KVG951,Đĩa phanh trước,HONDA,Phụ tùng Honda tiêu chuẩn,435.000 ₫,1
45410GN5900,Cần kéo cam phanh trước,HONDA,Phụ tùng Honda tiêu chuẩn,28.000 ₫,1
45435121010,Lò xo cần kéo cam phanh trước,HONDA,Phụ tùng Honda tiêu chuẩn,7.000 ₫,1
45440KZLE01,Dây 1 nối phanh trước,HONDA,Phụ tùng Honda tiêu chuẩn,76.000 ₫,1
45450GBGB20,Bộ dây phanh trước,HONDA,Phụ tùng Honda tiêu chuẩn,99.000 ₫,1
45450KFL850,Bộ dây phanh trước,HONDA,Phụ tùng Honda tiêu chuẩn,98.000 ₫,1
45450KPH670,Bộ dây phanh trước,HONDA,Phụ tùng Honda tiêu chuẩn,82.000 ₫,1
45450KRS900,Bộ dây phanh trước,HONDA,Phụ tùng Honda tiêu chuẩn,73.000 ₫,1
45450KTM860,Bộ dây phanh trước,HONDA,Phụ tùng Honda tiêu chuẩn,108.000 ₫,2
45450KWWB20,Dây phanh trước,HONDA,Phụ tùng Honda tiêu chuẩn,104.000 ₫,2
45451GN5730,Đai dây cáp đồng hồ tốc độ,HONDA,Phụ tùng Honda tiêu chuẩn,10.000 ₫,1
45500GGE901,Bộ xylanh phanh chính trước,HONDA,Phụ tùng Honda tiêu chuẩn,1.029.000 ₫,1
45500K2CV91,Bộ xi lanh phanh chính trước,HONDA,Phụ tùng Honda tiêu chuẩn,595.000 ₫,1
45500K44V81,Bộ xylanh phanh chính trước,HONDA,Phụ tùng Honda tiêu chuẩn,596.000 ₫,1
45500KVG911,Bộ xylanh phanh chính trước,HONDA,Phụ tùng Honda tiêu chuẩn,972.000 ₫,1
45510K03M01,Cụm xi lanh phanh trước,HONDA,Phụ tùng Honda tiêu chuẩn,519.000 ₫,1
45510K0RV01,Cụm xi lanh phanh chính,HONDA,Phụ tùng Honda tiêu chuẩn,664.000 ₫,1
45510K12930,Cụm xylanh phanh chính,HONDA,Phụ tùng Honda tiêu chuẩn,729.000 ₫,1
45510K1FV01,Cụm xy lanh phanh chính,HONDA,Phụ tùng Honda tiêu chuẩn,814.000 ₫,1
45510K56V51,CỤM XI LANH PHANH TRƯỚC,HONDA,Phụ tùng Honda tiêu chuẩn,467.000 ₫,1
45510K57A01,Cụm xi lanh phanh chính,HONDA,Phụ tùng Honda tiêu chuẩn,475.000 ₫,1
45510K77V01,Cụm xy lanh phanh dầu chính,HONDA,Phụ tùng Honda tiêu chuẩn,740.000 ₫,1
45510KFLD31,Cụm xylanh phanh chính,HONDA,Phụ tùng Honda tiêu chuẩn,1.043.000 ₫,1
45510KWB601,Cụm xy lanh phanh dầu chính,HONDA,Phụ tùng Honda tiêu chuẩn,530.000 ₫,1
45510KYZ901,Cụm xylanh phanh chính,HONDA,Phụ tùng Honda tiêu chuẩn,710.000 ₫,1
45513GW0911,Nắp bình chứa dầu,HONDA,Phụ tùng Honda tiêu chuẩn,22.000 ₫,12
45517K03M61,Đai bắt cụm xylanh phanh chính,HONDA,Phụ tùng Honda tiêu chuẩn,28.000 ₫,1
45520GE2006,MÀNG CAO SU HỘP DẦU PHANH,HONDA,Phụ tùng Honda tiêu chuẩn,17.000 ₫,1
45530471831,Xylanh phanh chính,HONDA,Phụ tùng Honda tiêu chuẩn,113.000 ₫,1
45530K03M61,Xylanh phanh CBS,HONDA,Phụ tùng Honda tiêu chuẩn,101.000 ₫,1
45530KVSM21,CỤM PÍT TÔNG PHANH CHÍNH,HONDA,Phụ tùng Honda tiêu chuẩn,93.000 ₫,1
45530MA4671,Cụm pít tông phanh chính,HONDA,Phụ tùng Honda tiêu chuẩn,201.000 ₫,2
45530MN9305,Cụm piston phanh chính,HONDA,Phụ tùng Honda tiêu chuẩn,215.000 ₫,1
46500K03N30,Cần đạp phanh sau,HONDA,Phụ tùng Honda tiêu chuẩn,130.000 ₫,1
46500K56N00,Cần đạp phanh sau,HONDA,Phụ tùng Honda tiêu chuẩn,262.000 ₫,1
46500K56V50,Cần đạp phanh sau,HONDA,Phụ tùng Honda tiêu chuẩn,213.000 ₫,1
46500K57V00,Cần đạp phanh sau,HONDA,Phụ tùng Honda tiêu chuẩn,110.000 ₫,1
46500KRS690,Cần đạp phanh sau,HONDA,Phụ tùng Honda tiêu chuẩn,447.000 ₫,1
46500KVV900,Cần đạp phanh sau,HONDA,Phụ tùng Honda tiêu chuẩn,145.000 ₫,1
46500KYZ900,Cần đạp phanh sau,HONDA,Phụ tùng Honda tiêu chuẩn,127.000 ₫,1
46513KBP900,Bộ lò xo hồi vị cần phanh sau,HONDA,Phụ tùng Honda tiêu chuẩn,14.000 ₫,1
46514K56N00,Lò xo cần đạp phanh,HONDA,Phụ tùng Honda tiêu chuẩn,25.000 ₫,1
47133GN5900,Lò xo chốt khóa cổ,HONDA,Phụ tùng Honda tiêu chuẩn,10.000 ₫,1
50100K12V10,Khung xe,HONDA,Phụ tùng Honda tiêu chuẩn,3.105.000 ₫,1
50144GN5850,GIÁ TREO CHẮN BÙN SAU,HONDA,Phụ tùng Honda tiêu chuẩn,28.000 ₫,2
50301GN5901,Bát phuốc trên,HONDA,Bát phốt,24.000 ₫,1
50301KCW870,Bát phuộc trên,HONDA,Bát phốt,47.000 ₫,1
50302KCW870,Bát phuộc dưới,HONDA,Bát phốt,54.000 ₫,1
50306GFC900,Đai ốc hãm cổ lái,HONDA,Phụ tùng Honda tiêu chuẩn,19.000 ₫,1
50310K01900,GIÁ BẮT ĐẦU XE,HONDA,Phụ tùng Honda tiêu chuẩn,419.000 ₫,1
50310K0RV00,Giá bắt mặt nạ trước,HONDA,Phụ tùng Honda tiêu chuẩn,364.000 ₫,1
50310K0RV10,Giá bắt mặt nạ trước,HONDA,Phụ tùng Honda tiêu chuẩn,364.000 ₫,1
50310K0RV50,Giá bắt mặt nạ trước,HONDA,Phụ tùng Honda tiêu chuẩn,359.000 ₫,1
50310K56N10,Giá bắt đầu xe,HONDA,Phụ tùng Honda tiêu chuẩn,73.000 ₫,1
50310K77V00,Giá bắt đầu xe,HONDA,Phụ tùng Honda tiêu chuẩn,409.000 ₫,1
50320K29960,Giá đỡ bộ điều khiển thông minh,HONDA,Phụ tùng Honda tiêu chuẩn,34.000 ₫,1
50320K56N00,Hộp bình ắc quy,HONDA,Phụ tùng Honda tiêu chuẩn,47.000 ₫,1
50330K56N10,NẮP HỘP BÌNH ẮC QUY,HONDA,Phụ tùng Honda tiêu chuẩn,28.000 ₫,1
50350K29900,Giá treo động cơ,HONDA,Phụ tùng Honda tiêu chuẩn,507.000 ₫,1
50350K2CV00,Giá treo động cơ,HONDA,Phụ tùng Honda tiêu chuẩn,452.000 ₫,1
50350K44V00,Giá treo động cơ,HONDA,Phụ tùng Honda tiêu chuẩn,447.000 ₫,1
50350K66V00,Giá treo động cơ,HONDA,Phụ tùng Honda tiêu chuẩn,393.000 ₫,1
50352K66V00,Đệm cao su gá động cơ,HONDA,Phụ tùng Honda tiêu chuẩn,30.000 ₫,1
50380K2CV10,Giá bắt ECU,HONDA,Phụ tùng Honda tiêu chuẩn,156.000 ₫,1
50380K89V00,Nắp bảo vệ bình ắc quy,HONDA,Phụ tùng Honda tiêu chuẩn,144.000 ₫,1
50380KEV940,Hộp đựng bình ắcquy,HONDA,Phụ tùng Honda tiêu chuẩn,73.000 ₫,1
50381K29960,Hộp bình ắc quy,HONDA,Phụ tùng Honda tiêu chuẩn,623.000 ₫,1
50381KTM970,Nắp hộp đựng bình ắcquy,HONDA,Phụ tùng Honda tiêu chuẩn,33.000 ₫,1
50381KWWB20,NẮP HỘP ĐỰNG BÌNH ẮCQUY,HONDA,Phụ tùng Honda tiêu chuẩn,25.000 ₫,1
50381KZLE10,Hộp đựng bình ắcquy,HONDA,Phụ tùng Honda tiêu chuẩn,45.000 ₫,1
50382KEV900,Bản lề hộp đựng bình ắcquy,HONDA,Phụ tùng Honda tiêu chuẩn,21.000 ₫,1
50400K03N30,Tay dắt sau,HONDA,Phụ tùng Honda tiêu chuẩn,191.000 ₫,1
50400K07900ZE,Tấm ốp tay dắt sau *NH-1*,HONDA,Phụ tùng Honda tiêu chuẩn,406.000 ₫,1
50400K56N10ZA,Tay dắt sau *NH303M*,HONDA,Phụ tùng Honda tiêu chuẩn,359.000 ₫,1
50400K56N10ZB,Tay dắt sau *NH411M*,HONDA,Phụ tùng Honda tiêu chuẩn,367.000 ₫,1
50400K56V50ZA,Tay dắt sau *YR271*,HONDA,Phụ tùng Honda tiêu chuẩn,430.000 ₫,1
50400K57A00,Tay dắt sau,HONDA,Phụ tùng Honda tiêu chuẩn,179.000 ₫,1
50400K89V00,Tay dắt sau,HONDA,Phụ tùng Honda tiêu chuẩn,196.000 ₫,1
50400KTL740,Bộ tay dắt sau,HONDA,Phụ tùng Honda tiêu chuẩn,162.000 ₫,1
50400KVV910,Bộ tay dắt sau,HONDA,Phụ tùng Honda tiêu chuẩn,364.000 ₫,1
50400KWW620,Tay dắt sau,HONDA,Phụ tùng Honda tiêu chuẩn,187.000 ₫,1
50400KWWV00,Tay dắt sau,HONDA,Phụ tùng Honda tiêu chuẩn,210.000 ₫,1
50412GBGB20,Cao su tay nắm sau,HONDA,Phụ tùng Honda tiêu chuẩn,24.000 ₫,1
50414GBGB20,Kẹp cao su tay nắm sau,HONDA,Phụ tùng Honda tiêu chuẩn,11.000 ₫,1
50500GGE900,Chân chống chính,HONDA,Phụ tùng Honda tiêu chuẩn,344.000 ₫,1
50500K0RV00,Chân chống chính,HONDA,Phụ tùng Honda tiêu chuẩn,436.000 ₫,1
50500K12900,Chân chống chính,HONDA,Phụ tùng Honda tiêu chuẩn,312.000 ₫,1
50500K1NV00,Chân chống chính,HONDA,Phụ tùng Honda tiêu chuẩn,310.000 ₫,1
50500K1WD00,CHÂN CHỐNG CHÍNH,HONDA,Phụ tùng Honda tiêu chuẩn,791.000 ₫,1
50500K27V00,Chân chống chính,HONDA,Phụ tùng Honda tiêu chuẩn,442.000 ₫,1
50500K29900,Chân chống chính,HONDA,Phụ tùng Honda tiêu chuẩn,342.000 ₫,1
50500K2CV00,Chân chống chính,HONDA,Phụ tùng Honda tiêu chuẩn,279.000 ₫,1
50500K2CV30,Chân chống chính,HONDA,Phụ tùng Honda tiêu chuẩn,279.000 ₫,1
50500K44V80,Chân chống chính,HONDA,Phụ tùng Honda tiêu chuẩn,256.000 ₫,1
50500K56N10,Chân chống chính,HONDA,Phụ tùng Honda tiêu chuẩn,276.000 ₫,2
50500K66V00,Chân chống chính,HONDA,Phụ tùng Honda tiêu chuẩn,290.000 ₫,2
50500K89V00,Chân chống chính,HONDA,Phụ tùng Honda tiêu chuẩn,138.000 ₫,1
50500KFV790,Chân chống chính,HONDA,Phụ tùng Honda tiêu chuẩn,211.000 ₫,1
50500KWW640,Chân chống chính,HONDA,Phụ tùng Honda tiêu chuẩn,221.000 ₫,1
50500KYZV00,Chân chống chính,HONDA,Phụ tùng Honda tiêu chuẩn,216.000 ₫,1
50503K27V00,Trục chân chống chính,HONDA,Phụ tùng Honda tiêu chuẩn,51.000 ₫,1
50503KWN900,Trục chân chống chính,HONDA,Phụ tùng Honda tiêu chuẩn,54.000 ₫,1
50505GR1710,Cao su đệm chân chống chính,HONDA,Phụ tùng Honda tiêu chuẩn,27.000 ₫,1
50512GN5730,Trục chân chống đứng,HONDA,Phụ tùng Honda tiêu chuẩn,50.000 ₫,1
50512KAN961,Trục chân chống đứng,HONDA,Phụ tùng Honda tiêu chuẩn,31.000 ₫,1
50512KWW620,Trục chân chống đứng,HONDA,Phụ tùng Honda tiêu chuẩn,33.000 ₫,2
50520KVB900,Lò xo chân chống chính,HONDA,Phụ tùng Honda tiêu chuẩn,16.000 ₫,1
50523041000,Cần móc lò xo chân chống đứng,HONDA,Phụ tùng Honda tiêu chuẩn,16.000 ₫,1
50523KWB920,Cần móc lò xo chân chống đứng,HONDA,Phụ tùng Honda tiêu chuẩn,21.000 ₫,1
50524KBP900,Cao su chân chống chính,HONDA,Phụ tùng Honda tiêu chuẩn,10.000 ₫,1
50530GGE940,Chân chống bên,HONDA,Phụ tùng Honda tiêu chuẩn,110.000 ₫,1
50530K01900,Chân chống bên,HONDA,Phụ tùng Honda tiêu chuẩn,167.000 ₫,1
50530K0RV00,Chân chống bên,HONDA,Phụ tùng Honda tiêu chuẩn,144.000 ₫,1
50530K12900,Chân chống bên,HONDA,Phụ tùng Honda tiêu chuẩn,134.000 ₫,1
50530K12V00,Chân chống bên,HONDA,Phụ tùng Honda tiêu chuẩn,116.000 ₫,1
50530K1FV00,CHÂN CHỐNG BÊN,HONDA,Phụ tùng Honda tiêu chuẩn,133.000 ₫,1
50530K1NV00,Chân chống bên,HONDA,Phụ tùng Honda tiêu chuẩn,153.000 ₫,1
50530K29900,Chân chống bên,HONDA,Phụ tùng Honda tiêu chuẩn,168.000 ₫,1
50530K2CV30,Chân chống bên,HONDA,Phụ tùng Honda tiêu chuẩn,91.000 ₫,1
50530K44V00,Chân chống bên,HONDA,Phụ tùng Honda tiêu chuẩn,90.000 ₫,1
50530K56N10,Chân chống bên,HONDA,Phụ tùng Honda tiêu chuẩn,74.000 ₫,1
50530K77V00,Chân chống bên,HONDA,Phụ tùng Honda tiêu chuẩn,164.000 ₫,1
50530KEV900,Chân chống bên,HONDA,Phụ tùng Honda tiêu chuẩn,141.000 ₫,1
50530KFV950,Chân chống bên,HONDA,Phụ tùng Honda tiêu chuẩn,70.000 ₫,1
50530KVGA30,Chân chống bên,HONDA,Phụ tùng Honda tiêu chuẩn,107.000 ₫,1
50530KVGV40,Chân chống bên,HONDA,Phụ tùng Honda tiêu chuẩn,118.000 ₫,1
50530KWW640,Chân chống bên,HONDA,Phụ tùng Honda tiêu chuẩn,74.000 ₫,1
50530KWWB20,Chân chống bên,HONDA,Phụ tùng Honda tiêu chuẩn,51.000 ₫,1
50530KYZ900,Chân chống bên,HONDA,Phụ tùng Honda tiêu chuẩn,73.000 ₫,1
5053AK01900,Bộ chân chống bên K01,HONDA,Phụ tùng Honda tiêu chuẩn,191.000 ₫,1
5053AK44V00,Bộ chân chống bên K44,HONDA,Phụ tùng Honda tiêu chuẩn,122.000 ₫,1
5053AKEV900,Bộ chân chống bên KEV,HONDA,Phụ tùng Honda tiêu chuẩn,136.000 ₫,1
5053AKFV950,Bộ chân chống bên,HONDA,Phụ tùng Honda tiêu chuẩn,73.000 ₫,1
5053AKPHE20,Bộ chân chống bên,HONDA,Phụ tùng Honda tiêu chuẩn,81.000 ₫,1
5053AKVGA30,Bộ chân chống bên,HONDA,Phụ tùng Honda tiêu chuẩn,147.000 ₫,1
5053AKYZ900,Bộ chân chống bên KYZ,HONDA,Phụ tùng Honda tiêu chuẩn,96.000 ₫,1
50540K01900,Lò xo chân trống bên,HONDA,Phụ tùng Honda tiêu chuẩn,19.000 ₫,1
50605KPH900,Giá đỡ thanh để chân chính,HONDA,Phụ tùng Honda tiêu chuẩn,175.000 ₫,1
50606K56N00,Tấm bảo vệ phải,HONDA,Phụ tùng Honda tiêu chuẩn,34.000 ₫,2
50606K56V50ZC,Tấm bảo vệ phải *NHA76M*,HONDA,Phụ tùng Honda tiêu chuẩn,87.000 ₫,1
50606K56V50ZD,Tấm bảo vệ phải *R340C*,HONDA,Phụ tùng Honda tiêu chuẩn,76.000 ₫,1
50607K56N10,Nắp hộp bình ắc quy,HONDA,Phụ tùng Honda tiêu chuẩn,36.000 ₫,1
50607K56V50,Nắp hộp bình ắc quy,HONDA,Phụ tùng Honda tiêu chuẩn,31.000 ₫,1
50610K03M60,Thanh để chân chính,HONDA,Phụ tùng Honda tiêu chuẩn,224.000 ₫,1
50610K89V00,Thanh để chân chính,HONDA,Phụ tùng Honda tiêu chuẩn,181.000 ₫,1
50610KPH900,Thanh để chân chính,HONDA,Phụ tùng Honda tiêu chuẩn,165.000 ₫,1
50610KRS690,Thanh de chan chinh,HONDA,Phụ tùng Honda tiêu chuẩn,278.000 ₫,1
50610KVRV10,Thanh để chân chính,HONDA,Phụ tùng Honda tiêu chuẩn,148.000 ₫,1
50610KVV900,Thanh để chân chính,HONDA,Phụ tùng Honda tiêu chuẩn,175.000 ₫,1
50610KWWB80,Thanh để chân chính,HONDA,Phụ tùng Honda tiêu chuẩn,250.000 ₫,1
50610KYZ900,Thanh để chân chính,HONDA,Phụ tùng Honda tiêu chuẩn,247.000 ₫,1
50611K2CV00,Ốp nhựa dưới gầm,HONDA,Phụ tùng Honda tiêu chuẩn,70.000 ₫,3
50611KZLA00ZC,ốp nhựa dưới gầm *NH1*,HONDA,Phụ tùng Honda tiêu chuẩn,76.000 ₫,1
50612MM5000,Tay cầm bên phải,HONDA,Phụ tùng Honda tiêu chuẩn,114.000 ₫,1
50616K0RV00,Tấm chắn bơm xăng,HONDA,Phụ tùng Honda tiêu chuẩn,59.000 ₫,2
50617445840,Lò xo để chân phải,HONDA,Phụ tùng Honda tiêu chuẩn,11.000 ₫,2
50619K56N00,Tấm định vị cụm cần để chân sau,HONDA,Phụ tùng Honda tiêu chuẩn,85.000 ₫,2
50621GGE900,ốp dưới sàn xe,HONDA,Phụ tùng Honda tiêu chuẩn,207.000 ₫,1
50622KBA900,Đệm giá để chân sau dưới,HONDA,Phụ tùng Honda tiêu chuẩn,8.000 ₫,1
50639K2CV00,Chốt cài thanh để chân,HONDA,Phụ tùng Honda tiêu chuẩn,11.000 ₫,1
50639ML0010,Chốt cài thanh để chân,HONDA,Phụ tùng Honda tiêu chuẩn,104.000 ₫,1
50644445840,Lò xo để chân trái,HONDA,Phụ tùng Honda tiêu chuẩn,77.000 ₫,4
50650K56N00,Giá đỡ để chân phải,HONDA,Phụ tùng Honda tiêu chuẩn,133.000 ₫,1
50650K56V50,Giá đỡ để chân phải,HONDA,Phụ tùng Honda tiêu chuẩn,301.000 ₫,1
50660K56N00,Giá đỡ để chân trái,HONDA,Phụ tùng Honda tiêu chuẩn,102.000 ₫,1
50660K56V50,Giá đỡ để chân trái,HONDA,Phụ tùng Honda tiêu chuẩn,253.000 ₫,1
50661GN8920,Cao su để chân chính,HONDA,Phụ tùng Honda tiêu chuẩn,25.000 ₫,2
50661K56V00,Cao su để chân,HONDA,Phụ tùng Honda tiêu chuẩn,67.000 ₫,1
50661KEV880,Cao su để chân chính,HONDA,Phụ tùng Honda tiêu chuẩn,48.000 ₫,1
50661KWB600,Cao su để chân chính,HONDA,Phụ tùng Honda tiêu chuẩn,19.000 ₫,4
50670K56N00,Thanh để chân trái,HONDA,Phụ tùng Honda tiêu chuẩn,51.000 ₫,1
50706K56N10,Tấm bảo vệ giá để chân trái,HONDA,Phụ tùng Honda tiêu chuẩn,94.000 ₫,1
50706K56V50ZC,Tấm bảo vệ giá để chân trái *NHA76M*,HONDA,Phụ tùng Honda tiêu chuẩn,84.000 ₫,1
50706K56V50ZE,Tấm bảo vệ giá để chân trái *R340C*,HONDA,Phụ tùng Honda tiêu chuẩn,76.000 ₫,1
50706K56V50ZJ,TẤM BẢO VỆ TRÁI *NHA62M*,HONDA,Phụ tùng Honda tiêu chuẩn,82.000 ₫,1
50706KYZ900,Tấm bảo vệ giá để chân sau trá,HONDA,Phụ tùng Honda tiêu chuẩn,28.000 ₫,2
50707K56V50,Bảo vệ để chân trái,HONDA,Phụ tùng Honda tiêu chuẩn,31.000 ₫,1
50710GN5830,Cao su để chân sau,HONDA,Phụ tùng Honda tiêu chuẩn,25.000 ₫,1
50710KET600,Cao su để chân sau,HONDA,Phụ tùng Honda tiêu chuẩn,22.000 ₫,1
50710KVLV40,Cao su để chân sau,HONDA,Phụ tùng Honda tiêu chuẩn,21.000 ₫,2
50710KWB600,Cao su để chân sau,HONDA,Phụ tùng Honda tiêu chuẩn,14.000 ₫,1
50711GN5730,Đệm lót để chân sau,HONDA,Phụ tùng Honda tiêu chuẩn,7.000 ₫,1
50711K15900,Đệm lót để chân sau,HONDA,Phụ tùng Honda tiêu chuẩn,14.000 ₫,1
50711KBP900,Thanh để chân sau phải,HONDA,Phụ tùng Honda tiêu chuẩn,33.000 ₫,1
50711KET600,ống đệm để chân sau phải,HONDA,Phụ tùng Honda tiêu chuẩn,76.000 ₫,1
50711KVLV40,ống đệm để chân sau phải,HONDA,Phụ tùng Honda tiêu chuẩn,56.000 ₫,1
50712KVLV40,ống đệm để chân sau trái,HONDA,Phụ tùng Honda tiêu chuẩn,56.000 ₫,1
50714K29900,Chốt để chân sau,HONDA,Phụ tùng Honda tiêu chuẩn,11.000 ₫,1
50715GN5730,Giá để chân sau phải,HONDA,Phụ tùng Honda tiêu chuẩn,221.000 ₫,1
50715K03M60,Giá để chân sau phải,HONDA,Phụ tùng Honda tiêu chuẩn,182.000 ₫,1
50715K07940,Giá để chân sau phải,HONDA,Phụ tùng Honda tiêu chuẩn,215.000 ₫,1
50715K56N10,Giá đỡ để chân phải,HONDA,Phụ tùng Honda tiêu chuẩn,204.000 ₫,1
50715KEV900,GIÁ ĐỂ CHÂN SAU PHẢI,HONDA,Phụ tùng Honda tiêu chuẩn,207.000 ₫,1
50715KTL740,GIÁ ĐỂ CHÂN SAU PHẢI,HONDA,Phụ tùng Honda tiêu chuẩn,298.000 ₫,1
50715KVG900,Cụm bắt để chân phải,HONDA,Phụ tùng Honda tiêu chuẩn,270.000 ₫,1
50715KWWB20,Giá để chân sau phải,HONDA,Phụ tùng Honda tiêu chuẩn,227.000 ₫,1
50715KYZV10,Giá để chân sau phải,HONDA,Phụ tùng Honda tiêu chuẩn,256.000 ₫,1
50716GN5730,Giá để chân sau trái,HONDA,Phụ tùng Honda tiêu chuẩn,221.000 ₫,1
50716K03M60,Giá để chân sau trái,HONDA,Phụ tùng Honda tiêu chuẩn,171.000 ₫,1
50716K56N00,Giá đỡ để chân trái,HONDA,Phụ tùng Honda tiêu chuẩn,204.000 ₫,2
50716KEV900,GIÁ ĐỂ CHÂN SAU TRÁI,HONDA,Phụ tùng Honda tiêu chuẩn,207.000 ₫,1
50716KPH700,Giá để chân sau trái,HONDA,Phụ tùng Honda tiêu chuẩn,404.000 ₫,1
50716KTL740,GIÁ ĐỂ CHÂN SAU TRÁI,HONDA,Phụ tùng Honda tiêu chuẩn,298.000 ₫,1
50716KVG900,Cụm bắt để chân trái,HONDA,Phụ tùng Honda tiêu chuẩn,268.000 ₫,1
50716KWWE00,Giá để chân sau trái,HONDA,Phụ tùng Honda tiêu chuẩn,147.000 ₫,1
50716KWWV00ZA,Giá để chân sau tráI *NH303M*,HONDA,Phụ tùng Honda tiêu chuẩn,187.000 ₫,1
50716KYZV10,Giá để chân sau trái,HONDA,Phụ tùng Honda tiêu chuẩn,235.000 ₫,1
50718K12V00,Tấm định vị cần để chân sau,HONDA,Phụ tùng Honda tiêu chuẩn,10.000 ₫,1
50718K27V00,Tấm định vị cần để chân sau,HONDA,Phụ tùng Honda tiêu chuẩn,16.000 ₫,1
50718K2CV00,Tấm định vị cần để chân sau,HONDA,Phụ tùng Honda tiêu chuẩn,16.000 ₫,1
50718KVGV40,Tấm định vị cần để chân sau,HONDA,Phụ tùng Honda tiêu chuẩn,14.000 ₫,1
50719K1NV00,Tấm định vị cần để chân sau trái,HONDA,Phụ tùng Honda tiêu chuẩn,13.000 ₫,1
5071AGN5830,Cụm để chân sau phải,HONDA,Phụ tùng Honda tiêu chuẩn,59.000 ₫,1
5071AK07940,Cụm để chân sau phải,HONDA,Phụ tùng Honda tiêu chuẩn,54.000 ₫,1
5071AKBP900,Cao su để chân sau K03,HONDA,Phụ tùng Honda tiêu chuẩn,65.000 ₫,1
5071AKET600,Cao su để chân sau KVG,HONDA,Phụ tùng Honda tiêu chuẩn,104.000 ₫,1
5071BKBP900,Cao su để chân sau K03,HONDA,Phụ tùng Honda tiêu chuẩn,65.000 ₫,1
50720K12900,Cần để chân sau phải,HONDA,Phụ tùng Honda tiêu chuẩn,62.000 ₫,1
50720K27V00,Cần để chân sau phải,HONDA,Phụ tùng Honda tiêu chuẩn,79.000 ₫,1
50720K2CV00,Cần để chân sau phải,HONDA,Phụ tùng Honda tiêu chuẩn,70.000 ₫,1
50720K66V00,Cần để chân sau phải,HONDA,Phụ tùng Honda tiêu chuẩn,61.000 ₫,1
50720KT7761,Cần để chân sau phải,HONDA,Phụ tùng Honda tiêu chuẩn,128.000 ₫,2
50720KVGV40,Cần để chân sau phải,HONDA,Phụ tùng Honda tiêu chuẩn,88.000 ₫,1
50730K01900,Cần để chân sau phải,HONDA,Phụ tùng Honda tiêu chuẩn,104.000 ₫,1
50730K12900,Cần để chân sau trái,HONDA,Phụ tùng Honda tiêu chuẩn,62.000 ₫,1
50730K27V00,Cần để chân sau trái,HONDA,Phụ tùng Honda tiêu chuẩn,79.000 ₫,1
50730K2CV00,Cần để chân sau trái,HONDA,Phụ tùng Honda tiêu chuẩn,77.000 ₫,1
50740K01900,Cần để chân sau trái,HONDA,Phụ tùng Honda tiêu chuẩn,104.000 ₫,1
50740K1NV00,Cần để chân sau trái,HONDA,Phụ tùng Honda tiêu chuẩn,121.000 ₫,2
50740K53DB0,Cần để chân sau trái,HONDA,Phụ tùng Honda tiêu chuẩn,410.000 ₫,1
50741K1NV00ZB,Ốp để chân trái *NH1*,HONDA,Phụ tùng Honda tiêu chuẩn,16.000 ₫,1
50742K97T00ZA,Nắp ốp để chân ngoài trái *NH1*,HONDA,Phụ tùng Honda tiêu chuẩn,24.000 ₫,1
51400GGE901,Bộ giảm xóc trước phải,HONDA,Phụ tùng Honda tiêu chuẩn,1.015.000 ₫,1
51400K16911,Bộ giảm xóc trước phải,HONDA,Phụ tùng Honda tiêu chuẩn,754.000 ₫,1
51400K1FV01,Bộ giảm xóc trước phải,HONDA,Phụ tùng Honda tiêu chuẩn,680.000 ₫,1
51400K1NV91,BỘ GIẢM XÓC TRƯỚC PHẢI,HONDA,Phụ tùng Honda tiêu chuẩn,961.000 ₫,1
51400K27V61,Bộ giảm xóc trước phải,HONDA,Phụ tùng Honda tiêu chuẩn,977.000 ₫,2
51400K29901,Bộ giảm xóc trước phải,HONDA,Phụ tùng Honda tiêu chuẩn,1.052.000 ₫,1
51400K29951,Bộ giảm xóc trước phải,HONDA,Phụ tùng Honda tiêu chuẩn,1.072.000 ₫,1
51400K2CV31,Bộ giảm xóc trước phải,HONDA,Phụ tùng Honda tiêu chuẩn,931.000 ₫,1
51400K56N11,Giảm xóc trước phải,HONDA,Phụ tùng Honda tiêu chuẩn,901.000 ₫,1
51400K56V61,Giảm xóc trước phải,HONDA,Phụ tùng Honda tiêu chuẩn,861.000 ₫,1
51400K66V01,Bộ giảm xóc trước phải,HONDA,Phụ tùng Honda tiêu chuẩn,686.000 ₫,1
51400K66V11,Bộ giảm xóc trước phải,HONDA,Phụ tùng Honda tiêu chuẩn,686.000 ₫,1
51400K73M81,BỘ GIẢM XÓC TRƯỚC PHẢI,HONDA,Phụ tùng Honda tiêu chuẩn,755.000 ₫,1
51400K73T31,Giảm xóc trước phải,HONDA,Phụ tùng Honda tiêu chuẩn,860.000 ₫,1
51400K77V01,Giảm xóc trước phải,HONDA,Phụ tùng Honda tiêu chuẩn,1.131.000 ₫,1
51400K89V01,Giảm xóc trước phải,HONDA,Phụ tùng Honda tiêu chuẩn,623.000 ₫,1
51400KEV901,Bộ giảm xóc trước phải,HONDA,Phụ tùng Honda tiêu chuẩn,623.000 ₫,1
51400KFV831,Bộ giảm xóc trước phải,HONDA,Phụ tùng Honda tiêu chuẩn,752.000 ₫,2
51400KRS971,Bộ giảm xóc trước phải,HONDA,Phụ tùng Honda tiêu chuẩn,650.000 ₫,1
51400KTL641,Bộ giảm xóc trước phải,HONDA,Phụ tùng Honda tiêu chuẩn,718.000 ₫,1
51400KTL681,Bộ giảm xóc trước phải,HONDA,Phụ tùng Honda tiêu chuẩn,641.000 ₫,1
51400KTM881,Bộ giảm xóc trước phải,HONDA,Phụ tùng Honda tiêu chuẩn,791.000 ₫,1
51400KVB911,Bộ giảm xóc trước phải,HONDA,Phụ tùng Honda tiêu chuẩn,777.000 ₫,1
51400KVG951,Bộ giảm xóc trước phải,HONDA,Phụ tùng Honda tiêu chuẩn,717.000 ₫,1
51400KVGV41,Bộ giảm xóc trước phải,HONDA,Phụ tùng Honda tiêu chuẩn,1.018.000 ₫,1
51400KVRV11,Giảm xóc trước phải,HONDA,Phụ tùng Honda tiêu chuẩn,593.000 ₫,1
51400KWW651,Giảm xóc trước phải,HONDA,Phụ tùng Honda tiêu chuẩn,763.000 ₫,1
51400KWWB21,Giảm xóc trước phải,HONDA,Phụ tùng Honda tiêu chuẩn,700.000 ₫,2
51400KWWV01,Bộ giảm xóc trước phải,HONDA,Phụ tùng Honda tiêu chuẩn,743.000 ₫,1
51400KYZV01,Bộ giảm xóc trước phải,HONDA,Phụ tùng Honda tiêu chuẩn,883.000 ₫,1
51400KZR701,Bộ giảm xóc trước phải,HONDA,Phụ tùng Honda tiêu chuẩn,754.000 ₫,1
51400KZVV31,Bộ giảm xóc trước phải,HONDA,Phụ tùng Honda tiêu chuẩn,670.000 ₫,1
51401KPH971,Lò xo giảm xóc trước,HONDA,Phụ tùng Honda tiêu chuẩn,36.000 ₫,1
51401KRS971,LÒ XO GIẢM XÓC TRƯỚC,HONDA,Phụ tùng Honda tiêu chuẩn,30.000 ₫,1
51410GGE901,ống giảm xóc trước,HONDA,Phụ tùng Honda tiêu chuẩn,392.000 ₫,1
51410K01901,Ống giảm xóc trước,HONDA,Phụ tùng Honda tiêu chuẩn,358.000 ₫,1
51410K0RV01,ỐNG GIẢM XÓC TRƯỚC,HONDA,Phụ tùng Honda tiêu chuẩn,319.000 ₫,1
51410K12901,Ống giảm xóc trước,HONDA,Phụ tùng Honda tiêu chuẩn,298.000 ₫,1
51410K1FV01,Ống giảm xóc trước,HONDA,Phụ tùng Honda tiêu chuẩn,332.000 ₫,1
51410K56N11,Ống giảm xóc trước,HONDA,Phụ tùng Honda tiêu chuẩn,268.000 ₫,1
51410KEV901,ống giảm xóc trước,HONDA,Phụ tùng Honda tiêu chuẩn,259.000 ₫,2
51410KFV831,ống giảm xóc trước,HONDA,Phụ tùng Honda tiêu chuẩn,287.000 ₫,2
51410KPHE21,ống giảm xóc trước,HONDA,Phụ tùng Honda tiêu chuẩn,275.000 ₫,1
51410KTF641,ống giảm xóc trước,HONDA,Phụ tùng Honda tiêu chuẩn,418.000 ₫,2
51410KTL641,ống giảm xóc trước,HONDA,Phụ tùng Honda tiêu chuẩn,290.000 ₫,2
51410KVB901,ống giảm xóc trước,HONDA,Phụ tùng Honda tiêu chuẩn,338.000 ₫,1
51410KVBT01,ống giảm xóc trước,HONDA,Phụ tùng Honda tiêu chuẩn,359.000 ₫,1
51410KWB601,ống giảm xóc trước,HONDA,Phụ tùng Honda tiêu chuẩn,319.000 ₫,1
51410KWB921,ống giảm xóc trước,HONDA,Phụ tùng Honda tiêu chuẩn,292.000 ₫,3
51410KWN711,Ống giảm xóc trước,HONDA,Phụ tùng Honda tiêu chuẩn,372.000 ₫,1
51410KWN901,ống giảm xóc trước,HONDA,Phụ tùng Honda tiêu chuẩn,1.020.000 ₫,2
51410KWW641,ống giảm xóc trước,HONDA,Phụ tùng Honda tiêu chuẩn,272.000 ₫,3
51420K90V01,Ống vỏ giảm xóc trước phải,HONDA,Phụ tùng Honda tiêu chuẩn,282.000 ₫,1
51490GAA305,Bộ phớt giảm xóc trước,HONDA,Phụ tùng Honda tiêu chuẩn,114.000 ₫,1
51490KGH901,Bộ phớt giảm xóc trước,HONDA,Phụ tùng Honda tiêu chuẩn,84.000 ₫,6
51490KL8900,Bộ phớt giảm xóc trước,HONDA,Phụ tùng Honda tiêu chuẩn,91.000 ₫,2
51490KRM852,Bộ phớt giảm xóc trước,HONDA,Phụ tùng Honda tiêu chuẩn,145.000 ₫,4
51500GGE901,Bộ giảm xóc trước trái,HONDA,Phụ tùng Honda tiêu chuẩn,1.015.000 ₫,1
51500K16911,Bộ giảm xóc trước trái,HONDA,Phụ tùng Honda tiêu chuẩn,766.000 ₫,1
51500K1GV01,Bộ giảm xóc trước trái,HONDA,Phụ tùng Honda tiêu chuẩn,680.000 ₫,1
51500K1NVB1,BỘ GIẢM XÓC TRƯỚC TRÁI,HONDA,Phụ tùng Honda tiêu chuẩn,1.031.000 ₫,1
51500K27V61,Giảm xóc trước trái,HONDA,Phụ tùng Honda tiêu chuẩn,1.026.000 ₫,2
51500K29901,Bộ Giảm xóc trước trái,HONDA,Phụ tùng Honda tiêu chuẩn,1.072.000 ₫,1
51500K29951,Bộ giảm xóc trước trái,HONDA,Phụ tùng Honda tiêu chuẩn,1.072.000 ₫,1
51500K29VC1,Bộ giảm xóc trước trái,HONDA,Phụ tùng Honda tiêu chuẩn,1.072.000 ₫,1
51500K2CV11,Bộ giảm xóc trước trái,HONDA,Phụ tùng Honda tiêu chuẩn,680.000 ₫,1
51500K2CV31,Bộ giảm xóc trước trái,HONDA,Phụ tùng Honda tiêu chuẩn,941.000 ₫,1
51500K56N11,Giảm xóc trước trái,HONDA,Phụ tùng Honda tiêu chuẩn,871.000 ₫,1
51500K56V51,Giảm xóc trước trái,HONDA,Phụ tùng Honda tiêu chuẩn,781.000 ₫,1
51500K56V61,Giảm xóc trước trái,HONDA,Phụ tùng Honda tiêu chuẩn,781.000 ₫,1
51500K66V01,Bộ giảm xóc trước trái,HONDA,Phụ tùng Honda tiêu chuẩn,686.000 ₫,1
51500K66V11,Bộ giảm xóc trước trái,HONDA,Phụ tùng Honda tiêu chuẩn,686.000 ₫,1
51500K66VF1,Bộ giảm xóc trước trái,HONDA,Phụ tùng Honda tiêu chuẩn,697.000 ₫,1
51500K73M81,BỘ GIẢM XÓC TRƯỚC TRÁI,HONDA,Phụ tùng Honda tiêu chuẩn,732.000 ₫,1
51500K73T31,Giảm xóc trước trái,HONDA,Phụ tùng Honda tiêu chuẩn,847.000 ₫,1
51500K77V01,Giảm xóc trước trái,HONDA,Phụ tùng Honda tiêu chuẩn,1.157.000 ₫,1
51500K89V01,Giảm xóc trước trái,HONDA,Phụ tùng Honda tiêu chuẩn,623.000 ₫,1
51500KEV901,Giảm xóc trước trái,HONDA,Phụ tùng Honda tiêu chuẩn,623.000 ₫,1
51500KFV791,Giảm xóc trước trái,HONDA,Phụ tùng Honda tiêu chuẩn,726.000 ₫,1
51500KFV831,Giảm xóc trước trái,HONDA,Phụ tùng Honda tiêu chuẩn,760.000 ₫,2
51500KRS971,Giảm xóc trước trái,HONDA,Phụ tùng Honda tiêu chuẩn,663.000 ₫,1
51500KTL641,Giảm xóc trước trái,HONDA,Phụ tùng Honda tiêu chuẩn,747.000 ₫,1
51500KTL681,Giảm xóc trước trái,HONDA,Phụ tùng Honda tiêu chuẩn,658.000 ₫,1
51500KTM881,Giảm xóc trước trái,HONDA,Phụ tùng Honda tiêu chuẩn,791.000 ₫,1
51500KVB911,Bộ giảm xóc trước trái,HONDA,Phụ tùng Honda tiêu chuẩn,791.000 ₫,1
51500KVG951,Bộ giảm xóc trước trái,HONDA,Phụ tùng Honda tiêu chuẩn,717.000 ₫,1
51500KVGV41,Bộ giảm xóc trước trái,HONDA,Phụ tùng Honda tiêu chuẩn,1.054.000 ₫,1
51500KVRV11,Giảm xóc trước trái,HONDA,Phụ tùng Honda tiêu chuẩn,635.000 ₫,1
51500KWW651,Giảm xóc trước trái,HONDA,Phụ tùng Honda tiêu chuẩn,758.000 ₫,1
51500KWWB11,Giảm xóc trước trái,HONDA,Phụ tùng Honda tiêu chuẩn,814.000 ₫,2
51500KWWB21,Giảm xóc trước trái,HONDA,Phụ tùng Honda tiêu chuẩn,740.000 ₫,1
51500KWWV01,Giảm xóc trước trái,HONDA,Phụ tùng Honda tiêu chuẩn,791.000 ₫,1
51500KYZV01,Giảm xóc trước trái,HONDA,Phụ tùng Honda tiêu chuẩn,877.000 ₫,1
51500KZR701,Giảm xóc trước trái,HONDA,Phụ tùng Honda tiêu chuẩn,754.000 ₫,1
51500KZVV31,Bộ giảm xóc trước bên trái,HONDA,Phụ tùng Honda tiêu chuẩn,670.000 ₫,1
51520K90V01,Ống vỏ giảm xóc trước trái,HONDA,Phụ tùng Honda tiêu chuẩn,290.000 ₫,1
52100K27V50,Bộ càng sau,HONDA,Phụ tùng Honda tiêu chuẩn,723.000 ₫,1
52101K56V50,Bu lông càng sau,HONDA,Phụ tùng Honda tiêu chuẩn,36.000 ₫,1
52119KVG900,Đệm càng sau,HONDA,Phụ tùng Honda tiêu chuẩn,47.000 ₫,1
52200K56V50ZA,Bộ càng sau *NH1*,HONDA,Phụ tùng Honda tiêu chuẩn,951.000 ₫,1
52200K89V00ZA,Bộ càng sau *NH1*,HONDA,Phụ tùng Honda tiêu chuẩn,475.000 ₫,1
52200KPH700ZB,Càng sau *NHA62M*,HONDA,Phụ tùng Honda tiêu chuẩn,988.000 ₫,1
52200KYZV10ZB,BỘ CÀNG SAU *NHA62M*,HONDA,Phụ tùng Honda tiêu chuẩn,690.000 ₫,1
52400GGE901,Bộ giảm xóc sau,HONDA,Phụ tùng Honda tiêu chuẩn,806.000 ₫,2
52400K01901,Bộ giảm xóc sau,HONDA,Phụ tùng Honda tiêu chuẩn,851.000 ₫,1
52400K12901,Bộ giảm xóc sau,HONDA,Phụ tùng Honda tiêu chuẩn,589.000 ₫,1
52400K1FV01,Giảm xóc sau,HONDA,Phụ tùng Honda tiêu chuẩn,353.000 ₫,2
52400K1NV01,Bộ giảm xóc sau,HONDA,Phụ tùng Honda tiêu chuẩn,760.000 ₫,1
52400K1NV11,Bộ giảm xóc sau,HONDA,Phụ tùng Honda tiêu chuẩn,760.000 ₫,1
52400K27V01,Bộ giảm xóc sau,HONDA,Phụ tùng Honda tiêu chuẩn,572.000 ₫,2
52400K29901,Bộ giảm xóc sau,HONDA,Phụ tùng Honda tiêu chuẩn,834.000 ₫,1
52400K29951,Bộ giảm xóc sau,HONDA,Phụ tùng Honda tiêu chuẩn,834.000 ₫,1
52400K2CV01,Bộ giảm xóc sau,HONDA,Phụ tùng Honda tiêu chuẩn,490.000 ₫,1
52400K2CV31,Bộ giảm xóc sau,HONDA,Phụ tùng Honda tiêu chuẩn,549.000 ₫,1
52400K56N11,Bộ giảm xóc sau,HONDA,Phụ tùng Honda tiêu chuẩn,1.303.000 ₫,1
52400K66VG1,Bộ giảm xóc sau,HONDA,Phụ tùng Honda tiêu chuẩn,504.000 ₫,2
52400K77V01,Bộ giảm xóc sau,HONDA,Phụ tùng Honda tiêu chuẩn,706.000 ₫,3
52400KFV831,Bộ giảm xóc sau phải,HONDA,Phụ tùng Honda tiêu chuẩn,592.000 ₫,1
52400KRS861,Bộ giảm xóc sau,HONDA,Phụ tùng Honda tiêu chuẩn,364.000 ₫,1
52400KRS901,Bộ giảm xóc sau,HONDA,Phụ tùng Honda tiêu chuẩn,364.000 ₫,1
52400KTL681,Bộ giảm xóc sau,HONDA,Phụ tùng Honda tiêu chuẩn,378.000 ₫,1
52400KTL741,Bộ giảm xóc sau,HONDA,Phụ tùng Honda tiêu chuẩn,1.154.000 ₫,2
52400KTL781,Bộ giảm xóc sau,HONDA,Phụ tùng Honda tiêu chuẩn,398.000 ₫,1
52400KVB951,Bộ giảm xóc sau,HONDA,Phụ tùng Honda tiêu chuẩn,487.000 ₫,1
52400KVG951,Bộ giảm xóc sau,HONDA,Phụ tùng Honda tiêu chuẩn,416.000 ₫,1
52400KVGV01,Bộ giảm xóc sau,HONDA,Phụ tùng Honda tiêu chuẩn,455.000 ₫,1
52400KVGV41,Giảm xóc sau,HONDA,Phụ tùng Honda tiêu chuẩn,601.000 ₫,1
52400KVR881,Bộ giảm xóc sau,HONDA,Phụ tùng Honda tiêu chuẩn,406.000 ₫,2
52400KWB841,BỘ GIẢM XÓC SAU,HONDA,Phụ tùng Honda tiêu chuẩn,364.000 ₫,1
52400KWW641,Bộ giảm xóc sau,HONDA,Phụ tùng Honda tiêu chuẩn,447.000 ₫,1
52400KWWB11,Bộ giảm xóc sau,HONDA,Phụ tùng Honda tiêu chuẩn,490.000 ₫,2
52400KWWB21,Bộ giảm xóc sau,HONDA,Phụ tùng Honda tiêu chuẩn,361.000 ₫,1
52400KWWE01,Bộ giảm xóc sau,HONDA,Phụ tùng Honda tiêu chuẩn,516.000 ₫,2
52400KYL841,Giảm xóc sau,HONDA,Phụ tùng Honda tiêu chuẩn,583.000 ₫,1
52400KYZV61,Bộ giảm xóc sau,HONDA,Phụ tùng Honda tiêu chuẩn,452.000 ₫,1
52400KZVV31,Bộ giảm xóc sau phải,HONDA,Phụ tùng Honda tiêu chuẩn,532.000 ₫,1
52485GA7003,Bạc cao su giảm xóc sau dưới,HONDA,Phụ tùng Honda tiêu chuẩn,8.000 ₫,2
52500KFV831,Bộ giảm xóc sau trái,HONDA,Phụ tùng Honda tiêu chuẩn,592.000 ₫,1
52500KFVM41,Bộ giảm xóc sau trái,HONDA,Phụ tùng Honda tiêu chuẩn,515.000 ₫,1
52500KZVV31,Bộ giảm xóc sau trái,HONDA,Phụ tùng Honda tiêu chuẩn,532.000 ₫,1
53100GBGB20,Tay lái,HONDA,Phụ tùng Honda tiêu chuẩn,253.000 ₫,1
53100GGE940,Tay lái,HONDA,Phụ tùng Honda tiêu chuẩn,496.000 ₫,1
53100K01901,Tay lái,HONDA,Phụ tùng Honda tiêu chuẩn,869.000 ₫,1
53100K03M30,Tay lái,HONDA,Phụ tùng Honda tiêu chuẩn,338.000 ₫,1
53100K03M50,Tay lái,HONDA,Phụ tùng Honda tiêu chuẩn,261.000 ₫,1
53100K03M60,Tay lái,HONDA,Phụ tùng Honda tiêu chuẩn,410.000 ₫,1
53100K03M70,Tay lái,HONDA,Phụ tùng Honda tiêu chuẩn,410.000 ₫,1
53100K07940,Tay lái,HONDA,Phụ tùng Honda tiêu chuẩn,435.000 ₫,1
53100K0RV00,Tay lái,HONDA,Phụ tùng Honda tiêu chuẩn,730.000 ₫,1
53100K12900,Tay lái,HONDA,Phụ tùng Honda tiêu chuẩn,452.000 ₫,1
53100K12V00,Tay lái,HONDA,Phụ tùng Honda tiêu chuẩn,382.000 ₫,1
53100K1FV00,Tay lái,HONDA,Phụ tùng Honda tiêu chuẩn,409.000 ₫,1
53100K1GV00,Tay lái,HONDA,Phụ tùng Honda tiêu chuẩn,409.000 ₫,1
53100K1NV00,Tay lái,HONDA,Phụ tùng Honda tiêu chuẩn,373.000 ₫,1
53100K1NV10,Tay lái,HONDA,Phụ tùng Honda tiêu chuẩn,373.000 ₫,1
53100K27V00,Tay lái,HONDA,Phụ tùng Honda tiêu chuẩn,543.000 ₫,1
53100K29900,Tay lái,HONDA,Phụ tùng Honda tiêu chuẩn,418.000 ₫,1
53100K29V80,Tay lái,HONDA,Phụ tùng Honda tiêu chuẩn,418.000 ₫,1
53100K2CV00,Tay lái,HONDA,Phụ tùng Honda tiêu chuẩn,344.000 ₫,1
53100K2ZV00,Tay lái,HONDA,Phụ tùng Honda tiêu chuẩn,399.000 ₫,1
53100K3AV00,Tay lái,HONDA,Phụ tùng Honda tiêu chuẩn,407.000 ₫,1
53100K44V00,Tay lái,HONDA,Phụ tùng Honda tiêu chuẩn,342.000 ₫,1
53100K44V80,Tay lái,HONDA,Phụ tùng Honda tiêu chuẩn,333.000 ₫,1
53100K56N10,Tay lái,HONDA,Phụ tùng Honda tiêu chuẩn,367.000 ₫,1
53100K56V50,Tay lái,HONDA,Phụ tùng Honda tiêu chuẩn,305.000 ₫,1
53100K57A00,Tay lái,HONDA,Phụ tùng Honda tiêu chuẩn,270.000 ₫,1
53100K57A10,Tay lái,HONDA,Phụ tùng Honda tiêu chuẩn,276.000 ₫,1
53100K57V00,Tay lái,HONDA,Phụ tùng Honda tiêu chuẩn,342.000 ₫,1
53100K57V10,Tay lái,HONDA,Phụ tùng Honda tiêu chuẩn,350.000 ₫,1
53100K66V00,Tay lái,HONDA,Phụ tùng Honda tiêu chuẩn,456.000 ₫,1
53100K73V40,Tay lái,HONDA,Phụ tùng Honda tiêu chuẩn,295.000 ₫,1
53100K77V00,Tay lái,HONDA,Phụ tùng Honda tiêu chuẩn,838.000 ₫,1
53100K89V00,Tay lái,HONDA,Phụ tùng Honda tiêu chuẩn,307.000 ₫,1
53100KRSW00,Tay lái,HONDA,Phụ tùng Honda tiêu chuẩn,319.000 ₫,1
53100KRSW20,Tay lái,HONDA,Phụ tùng Honda tiêu chuẩn,228.000 ₫,1
53100KVB920,Tay lái,HONDA,Phụ tùng Honda tiêu chuẩn,521.000 ₫,1
53100KVG910,Tay lái,HONDA,Phụ tùng Honda tiêu chuẩn,558.000 ₫,1
53100KVGV40,Tay lái,HONDA,Phụ tùng Honda tiêu chuẩn,509.000 ₫,1
53100KWWB80,Tay láI (cơ),HONDA,Phụ tùng Honda tiêu chuẩn,327.000 ₫,1
53100KWWB90,Tay láI (đĩa),HONDA,Phụ tùng Honda tiêu chuẩn,275.000 ₫,1
53100KWWE20,Tay lái,HONDA,Phụ tùng Honda tiêu chuẩn,338.000 ₫,1
53100KYZV00,Tay lái,HONDA,Phụ tùng Honda tiêu chuẩn,362.000 ₫,1
53100KYZV20,Tay lái,HONDA,Phụ tùng Honda tiêu chuẩn,344.000 ₫,1
53102GN5900,Cao su bắt tay lái,HONDA,Phụ tùng Honda tiêu chuẩn,10.000 ₫,1
53102K0RV00,Cao su bắt tay lái,HONDA,Phụ tùng Honda tiêu chuẩn,30.000 ₫,1
53102K12910,Đối trọng A tay lái,HONDA,Phụ tùng Honda tiêu chuẩn,25.000 ₫,1
53102K2CV00,Nắp tay dắt,HONDA,Phụ tùng Honda tiêu chuẩn,28.000 ₫,4
53102K57V00,Đối trọng A tay lái,HONDA,Phụ tùng Honda tiêu chuẩn,22.000 ₫,1
53102K66V00,Nắp tay dắt,HONDA,Phụ tùng Honda tiêu chuẩn,27.000 ₫,2
53102K97T00,Đối trọng A tay lái,HONDA,Phụ tùng Honda tiêu chuẩn,51.000 ₫,2
53102KVBS00,Đối trọng A tay lái,HONDA,Phụ tùng Honda tiêu chuẩn,28.000 ₫,2
53102KVBT00,Đối trọng A tay lái,HONDA,Phụ tùng Honda tiêu chuẩn,30.000 ₫,1
53104GGC900,Đối trọng tay lái,HONDA,Phụ tùng Honda tiêu chuẩn,33.000 ₫,1
53104GN5900ZM,Nắp trên tay lái *R150CU*,HONDA,Phụ tùng Honda tiêu chuẩn,262.000 ₫,1
53104K29900,Đối trọng tay lái,HONDA,Phụ tùng Honda tiêu chuẩn,34.000 ₫,1
53104KFV790ZA,Nắp trên tay lái *PB373M*,HONDA,Phụ tùng Honda tiêu chuẩn,262.000 ₫,1
53104KFV790ZB,Nắp trên tay lái *R150CU*,HONDA,Phụ tùng Honda tiêu chuẩn,262.000 ₫,1
53104KPH950,Cục đỡ tay lái B,HONDA,Phụ tùng Honda tiêu chuẩn,37.000 ₫,1
53105GN5940ZA,Nắp dưới tay lái *R150CU*,HONDA,Phụ tùng Honda tiêu chuẩn,262.000 ₫,1
53105KEV901,Đầu tay lái A,HONDA,Phụ tùng Honda tiêu chuẩn,37.000 ₫,1
53105KFV790ZA,Nắp dưới tay lái *PB373M*,HONDA,Phụ tùng Honda tiêu chuẩn,262.000 ₫,1
53105KPH690,Đầu tay lái A,HONDA,Phụ tùng Honda tiêu chuẩn,68.000 ₫,1
53105KPH950,Đầu tay lái A,HONDA,Phụ tùng Honda tiêu chuẩn,37.000 ₫,1
53105KWB600,Đối trọng A đầu tay lái,HONDA,Phụ tùng Honda tiêu chuẩn,37.000 ₫,1
53105KWW640,Đối trọng A đầu tay lái,HONDA,Phụ tùng Honda tiêu chuẩn,44.000 ₫,2
53106KR3000,Cao su đối trọng đầu tay lái A,HONDA,Phụ tùng Honda tiêu chuẩn,10.000 ₫,2
53106KR3770,Cao su đệm đầu tay lái,HONDA,Phụ tùng Honda tiêu chuẩn,8.000 ₫,1
53108KR3770,Kẹp cao su giá giữ đầu tay lái,HONDA,Phụ tùng Honda tiêu chuẩn,16.000 ₫,2
53115K1FV00ZC,Bộ nắp ốp đồng hồ *NHB25M*,HONDA,Phụ tùng Honda tiêu chuẩn,208.000 ₫,1
53115K1FV00ZD,Bộ nắp ốp đồng hồ *NHA76M*,HONDA,Phụ tùng Honda tiêu chuẩn,208.000 ₫,1
53115K1FV00ZE,Bộ nắp ốp đồng hồ *NHA69P*,HONDA,Phụ tùng Honda tiêu chuẩn,208.000 ₫,1
53115K1FV00ZG,Bộ nắp sau tay lái *NHC04M*,HONDA,Phụ tùng Honda tiêu chuẩn,198.000 ₫,1
53115K27V00ZA,Bộ nắp ốp đồng hồ NHA62M,HONDA,Phụ tùng Honda tiêu chuẩn,199.000 ₫,1
53115K27V00ZB,Bộ nắp ốp đồng hồ *Y208M*,HONDA,Phụ tùng Honda tiêu chuẩn,199.000 ₫,1
53115K27V00ZE,Bộ nắp ốp đồng hồ *R340C*,HONDA,Phụ tùng Honda tiêu chuẩn,204.000 ₫,1
53115K27V00ZJ,Bộ nắp ốp đồng hồ*Y183M*,HONDA,Phụ tùng Honda tiêu chuẩn,199.000 ₫,1
53115K27V50ZG,Bộ nắp ốp đồng hồ*NHA62M*,HONDA,Phụ tùng Honda tiêu chuẩn,199.000 ₫,1
53115K27V50ZH,Bộ nắp ốp đồng hồ*NH1*,HONDA,Phụ tùng Honda tiêu chuẩn,199.000 ₫,1
53115K66V00ZB,Bộ nắp ốp đồng hồ *YR322C*,HONDA,Phụ tùng Honda tiêu chuẩn,182.000 ₫,1
53115K66V00ZC,Bộ nắp ốp đồng hồ *R340C*,HONDA,Phụ tùng Honda tiêu chuẩn,219.000 ₫,1
53115K66V00ZG,Bộ nắp ốp đồng hồ *NHB35P*,HONDA,Phụ tùng Honda tiêu chuẩn,182.000 ₫,1
53115K66V00ZH,Bộ nắp ốp đồng hồ *NHB25M*,HONDA,Phụ tùng Honda tiêu chuẩn,219.000 ₫,1
53115K66V00ZJ,Bộ nắp ốp đồng hồ *NHA62M*,HONDA,Phụ tùng Honda tiêu chuẩn,182.000 ₫,1
53115K66V00ZL,Bộ nắp ốp đồng hồ *NHB83M*,HONDA,Phụ tùng Honda tiêu chuẩn,182.000 ₫,1
53115K66VG0ZB,Bộ nắp ốp đồng hồ *NHB83M*,HONDA,Phụ tùng Honda tiêu chuẩn,178.000 ₫,1
53115K66VG0ZC,Bộ nắp ốp đồng hồ *NHB25M*,HONDA,Phụ tùng Honda tiêu chuẩn,219.000 ₫,1
53115K66VG0ZD,Bộ nắp ốp đồng hồ *NHB24M*,HONDA,Phụ tùng Honda tiêu chuẩn,182.000 ₫,1
53115K66VG0ZE,Bộ nắp ốp đồng hồ *Y221M*,HONDA,Phụ tùng Honda tiêu chuẩn,178.000 ₫,1
53125KWW640,Đối trọng B đầu tay lái,HONDA,Phụ tùng Honda tiêu chuẩn,47.000 ₫,1
53125KYZ900,Đối trọng B đầu tay lái,HONDA,Phụ tùng Honda tiêu chuẩn,53.000 ₫,1
53140GBGB20,Tay ga,HONDA,Phụ tùng Honda tiêu chuẩn,28.000 ₫,1
53140GGE900,Tay ga,HONDA,Phụ tùng Honda tiêu chuẩn,36.000 ₫,1
53140K03N30,Tay nắm,HONDA,Phụ tùng Honda tiêu chuẩn,31.000 ₫,1
53140K1NV00ZB,Tay ga *NH1*,HONDA,Phụ tùng Honda tiêu chuẩn,37.000 ₫,1
53140K29900,Tay ga,HONDA,Phụ tùng Honda tiêu chuẩn,47.000 ₫,1
53140K29960ZA,Tay ga *YR337R*,HONDA,Phụ tùng Honda tiêu chuẩn,47.000 ₫,1
53140K44V00,TAY NẮM BÊN PHẢI,HONDA,Phụ tùng Honda tiêu chuẩn,31.000 ₫,4
53140K56N10,Tay ga,HONDA,Phụ tùng Honda tiêu chuẩn,31.000 ₫,1
53140K66V00,Tay ga,HONDA,Phụ tùng Honda tiêu chuẩn,22.000 ₫,1
53140KET900,Tay ga,HONDA,Phụ tùng Honda tiêu chuẩn,36.000 ₫,1
53140KEV880,Tay ga,HONDA,Phụ tùng Honda tiêu chuẩn,37.000 ₫,1
53140KPH970,Tay ga,HONDA,Phụ tùng Honda tiêu chuẩn,36.000 ₫,1
53140KRSW00,Tay ga,HONDA,Phụ tùng Honda tiêu chuẩn,36.000 ₫,1
53140KVB900,Tay ga,HONDA,Phụ tùng Honda tiêu chuẩn,44.000 ₫,1
53140KVBT00,Tay ga,HONDA,Phụ tùng Honda tiêu chuẩn,34.000 ₫,2
53140KVV910,Tay ga,HONDA,Phụ tùng Honda tiêu chuẩn,39.000 ₫,1
53140KWW620,Tay ga,HONDA,Phụ tùng Honda tiêu chuẩn,21.000 ₫,3
53150K01600ZC,Bộ nắp trước tay lái*R350*,HONDA,Phụ tùng Honda tiêu chuẩn,365.000 ₫,1
53150K01610ZC,Bộ nắp trước tay lái *NHB35P*,HONDA,Phụ tùng Honda tiêu chuẩn,365.000 ₫,1
53150K01900ZD,Bộ nắp trước tay lái *NHB35*,HONDA,Phụ tùng Honda tiêu chuẩn,365.000 ₫,1
53150K01900ZE,Bộ nắp trước tay lái *NHB25*,HONDA,Phụ tùng Honda tiêu chuẩn,365.000 ₫,1
53150K77V00ZE,Bộ nắp trước tay lái *NHB25M*,HONDA,Phụ tùng Honda tiêu chuẩn,362.000 ₫,1
53150K77V00ZG,Bộ nắp trước tay lái *R368C*,HONDA,Phụ tùng Honda tiêu chuẩn,362.000 ₫,1
53150K77V00ZH,Bộ nắp trước tay lái *NHB86M*,HONDA,Phụ tùng Honda tiêu chuẩn,362.000 ₫,1
53150K77V00ZJ,Bộ nắp trước tay lái *NHB35P*,HONDA,Phụ tùng Honda tiêu chuẩn,362.000 ₫,1
53160K0RV00ZA,Bộ ốp tay lái *NH1*,HONDA,Phụ tùng Honda tiêu chuẩn,99.000 ₫,1
53166GGE900,Tay nắm bên trái,HONDA,Phụ tùng Honda tiêu chuẩn,25.000 ₫,1
53166GN5900,Tay nắm bên trái,HONDA,Phụ tùng Honda tiêu chuẩn,22.000 ₫,1
53166K07900,Tay nắm bên trái,HONDA,Phụ tùng Honda tiêu chuẩn,31.000 ₫,2
53166K1NV00ZB,Tay nắm bên trái *NH1*,HONDA,Phụ tùng Honda tiêu chuẩn,28.000 ₫,1
53166K29900,Tay nắm bên trái,HONDA,Phụ tùng Honda tiêu chuẩn,27.000 ₫,1
53166K29960ZA,Tay nắm bên trái *YR337R*,HONDA,Phụ tùng Honda tiêu chuẩn,30.000 ₫,1
53166KET900,Tay nắm bên trái,HONDA,Phụ tùng Honda tiêu chuẩn,22.000 ₫,1
53166KFLD20,Tay nắm bên trái,HONDA,Phụ tùng Honda tiêu chuẩn,19.000 ₫,1
53166KVB900,Tay nắm bên trái,HONDA,Phụ tùng Honda tiêu chuẩn,24.000 ₫,1
53166KVV910,Tay nắm bên trái,HONDA,Phụ tùng Honda tiêu chuẩn,24.000 ₫,1
53166KWB600,Tay nắm bên trái,HONDA,Phụ tùng Honda tiêu chuẩn,16.000 ₫,4
53167KFM900,Giá bắt tay ga trên,HONDA,Phụ tùng Honda tiêu chuẩn,24.000 ₫,1
53168K03N30,Cụm giữ tay ga sau,HONDA,Phụ tùng Honda tiêu chuẩn,17.000 ₫,1
53168KFM902,Ốp phía dưới tay ga,HONDA,Phụ tùng Honda tiêu chuẩn,25.000 ₫,1
53171KET900,Giá bắt tay phanh,HONDA,Phụ tùng Honda tiêu chuẩn,71.000 ₫,1
53172KCWJ11,Giá bắt tay phanh bên trái,HONDA,Phụ tùng Honda tiêu chuẩn,147.000 ₫,1
53174KVB970,ốp giá bắt tay phanh bên trái,HONDA,Phụ tùng Honda tiêu chuẩn,16.000 ₫,1
53175GFM971,Tay phanh bên phải,HONDA,Phụ tùng Honda tiêu chuẩn,107.000 ₫,1
53175GN5890,Tay phanh bên phải,HONDA,Phụ tùng Honda tiêu chuẩn,48.000 ₫,1
53175K04931,Tay phanh bên phải,HONDA,Phụ tùng Honda tiêu chuẩn,310.000 ₫,1
53175K81N51,Tay phanh bên phải,HONDA,Phụ tùng Honda tiêu chuẩn,56.000 ₫,1
53175KET921,Tay phanh bên phải,HONDA,Phụ tùng Honda tiêu chuẩn,74.000 ₫,1
53175KRS690,Tay phanh bên phải,HONDA,Phụ tùng Honda tiêu chuẩn,30.000 ₫,1
53175KRS970,Tay phanh bên phải,HONDA,Phụ tùng Honda tiêu chuẩn,44.000 ₫,1
53175KRST80,Tay phanh bên phải,HONDA,Phụ tùng Honda tiêu chuẩn,45.000 ₫,2
53175KVGA21,Tay phanh bên phải,HONDA,Phụ tùng Honda tiêu chuẩn,84.000 ₫,1
53175KWWB20,Tay phanh bên phải,HONDA,Phụ tùng Honda tiêu chuẩn,39.000 ₫,1
53175KWWC00,Tay phanh bên phải,HONDA,Phụ tùng Honda tiêu chuẩn,76.000 ₫,2
53175KZLE00,Tay phanh bên phải,HONDA,Phụ tùng Honda tiêu chuẩn,53.000 ₫,1
53175ML5006,Tay phanh phải,HONDA,Phụ tùng Honda tiêu chuẩn,108.000 ₫,1
53176GBL870,Chắn bụi cần tăng chỉnh phanh,HONDA,Phụ tùng Honda tiêu chuẩn,22.000 ₫,1
53178GFM900,Tay phanh bên trái,HONDA,Phụ tùng Honda tiêu chuẩn,90.000 ₫,1
53178GFMJ10,Tay phanh bên trái,HONDA,Phụ tùng Honda tiêu chuẩn,54.000 ₫,1
53178K1FV00,Tay phanh bên trái,HONDA,Phụ tùng Honda tiêu chuẩn,85.000 ₫,1
53178K29VC0,Tay phanh bên trái,HONDA,Phụ tùng Honda tiêu chuẩn,65.000 ₫,2
53178K2PV60,Tay phanh bên trái,HONDA,Phụ tùng Honda tiêu chuẩn,104.000 ₫,1
53178K2PVE0,Tay côn,HONDA,Phụ tùng Honda tiêu chuẩn,104.000 ₫,2
53178K2SN00,Tay phanh bên trái,HONDA,Phụ tùng Honda tiêu chuẩn,82.000 ₫,1
53178K35V00,Tay phanh bên trái,HONDA,Phụ tùng Honda tiêu chuẩn,68.000 ₫,2
53178KVGA20,Tay phanh bên trái,HONDA,Phụ tùng Honda tiêu chuẩn,90.000 ₫,3
53178KWC900,Tay phanh bên trái,HONDA,Phụ tùng Honda tiêu chuẩn,105.000 ₫,1
53178KWN930,Tay phanh bên trái,HONDA,Phụ tùng Honda tiêu chuẩn,114.000 ₫,1
53178KZL940,Tay phanh bên trái,HONDA,Phụ tùng Honda tiêu chuẩn,64.000 ₫,2
53184KCWJ10,Cần tăng chỉnh phanh,HONDA,Phụ tùng Honda tiêu chuẩn,102.000 ₫,1
53185KVB920,Cần khóa phanh sau,HONDA,Phụ tùng Honda tiêu chuẩn,24.000 ₫,1
53199KVG910,Lò xo hồi vị khóa phanh,HONDA,Phụ tùng Honda tiêu chuẩn,8.000 ₫,9
53199KZLE00,Lò xo hồi vị khóa phanh,HONDA,Phụ tùng Honda tiêu chuẩn,8.000 ₫,1
53200K44V00ZA,Bộ nắp tay lái trước *YR320M*,HONDA,Phụ tùng Honda tiêu chuẩn,168.000 ₫,1
53200K44V00ZD,Bộ nắp tay lái trước *PB390M*,HONDA,Phụ tùng Honda tiêu chuẩn,168.000 ₫,1
53200K44V00ZE,Bộ nắp tay lái trước *NHB35P*,HONDA,Phụ tùng Honda tiêu chuẩn,168.000 ₫,2
53200K44V00ZF,Bộ nắp tay lái trước *NHB25M*,HONDA,Phụ tùng Honda tiêu chuẩn,168.000 ₫,1
53200K44V00ZG,Bộ nắp tay lái trước *R340C*,HONDA,Phụ tùng Honda tiêu chuẩn,168.000 ₫,1
53200K44V00ZH,Bộ nắp tay lái trước *NH411M*,HONDA,Phụ tùng Honda tiêu chuẩn,168.000 ₫,1
53200K44V20ZJ,Bộ nắp trước tay lái *R340*,HONDA,Phụ tùng Honda tiêu chuẩn,646.000 ₫,1
53200K44V20ZK,Bộ nắp trước tay lái *YR317*,HONDA,Phụ tùng Honda tiêu chuẩn,646.000 ₫,1
53200K44V20ZL,Bộ nắp trước tay lái *PB390M*,HONDA,Phụ tùng Honda tiêu chuẩn,168.000 ₫,1
53200K44V40ZC,Bộ nắp tay lái trước *R340C*,HONDA,Phụ tùng Honda tiêu chuẩn,164.000 ₫,1
53200K44V40ZG,Bộ nắp tay lái trước *NHB25M*,HONDA,Phụ tùng Honda tiêu chuẩn,168.000 ₫,2
53203K07940ZC,Nắp trên tay lái phải *NH-B35P,HONDA,Phụ tùng Honda tiêu chuẩn,84.000 ₫,1
53203K07940ZD,Nắp trên tay lái phải *NH-A69P,HONDA,Phụ tùng Honda tiêu chuẩn,84.000 ₫,1
53203K07940ZF,Nắp trên tay lái phải *NHB25M*,HONDA,Phụ tùng Honda tiêu chuẩn,84.000 ₫,1
53203K0RV00,Nắp trên tay lái phải,HONDA,Phụ tùng Honda tiêu chuẩn,70.000 ₫,1
53203K12900ZA,Bộ nắp trước tay lái*NHB50*,HONDA,Phụ tùng Honda tiêu chuẩn,191.000 ₫,1
53203K12900ZG,Bộ nắp trước tay lái*R350*,HONDA,Phụ tùng Honda tiêu chuẩn,191.000 ₫,1
53203K12900ZH,Bộ nắp trước tay lái*NHB35*,HONDA,Phụ tùng Honda tiêu chuẩn,191.000 ₫,1
53203K12900ZJ,Bộ nắp trước tay lái *NHB25*,HONDA,Phụ tùng Honda tiêu chuẩn,191.000 ₫,1
53203K12930ZB,Nắp trên tay lái *YR299P*,HONDA,Phụ tùng Honda tiêu chuẩn,225.000 ₫,1
53203K12930ZD,Bộ nắp trước tay lái *PB390M*,HONDA,Phụ tùng Honda tiêu chuẩn,191.000 ₫,1
53203K12930ZE,Nắp trên tay lái *NHB35P*,HONDA,Phụ tùng Honda tiêu chuẩn,191.000 ₫,1
53203K12930ZF,Nắp trên tay lái *NHB25M*,HONDA,Phụ tùng Honda tiêu chuẩn,187.000 ₫,1
53203K12930ZH,Nắp trên tay lái *PB403P*,HONDA,Phụ tùng Honda tiêu chuẩn,191.000 ₫,1
53203K12V00ZC,Bộ nắp trước tay lái *R368C*,HONDA,Phụ tùng Honda tiêu chuẩn,204.000 ₫,1
53203K12V00ZD,Bộ nắp trước tay lái *PB403P*,HONDA,Phụ tùng Honda tiêu chuẩn,204.000 ₫,1
53203K12V00ZH,Bộ nắp trước tay lái *R350C*,HONDA,Phụ tùng Honda tiêu chuẩn,204.000 ₫,1
53203KVGV40,Tấm chắn đồng hồ,HONDA,Phụ tùng Honda tiêu chuẩn,61.000 ₫,1
53203KWWA00YE,Nắp trên tay lái *NHB25M*,HONDA,Phụ tùng Honda tiêu chuẩn,211.000 ₫,1
53203KWWA00YS,Nắp trên tay lái *NHB35M*,HONDA,Phụ tùng Honda tiêu chuẩn,325.000 ₫,1
53203KWWA00ZC,Nắp trên tay lái *B203M*,HONDA,Phụ tùng Honda tiêu chuẩn,211.000 ₫,1
53203KWWA00ZP,Nắp trên tay lái *R340C*,HONDA,Phụ tùng Honda tiêu chuẩn,325.000 ₫,1
53203KWWA00ZQ,Nắp trên tay lái *NHA69P*,HONDA,Phụ tùng Honda tiêu chuẩn,325.000 ₫,1
53203KWWA00ZT,Nắp trên tay lái *R313C*,HONDA,Phụ tùng Honda tiêu chuẩn,213.000 ₫,1
53204K07940ZC,Nắp trên tay lái trái *NH-B35P,HONDA,Phụ tùng Honda tiêu chuẩn,84.000 ₫,1
53204K07940ZF,Nắp trên tay lái trái *NHB25M*,HONDA,Phụ tùng Honda tiêu chuẩn,84.000 ₫,1
53204K0RAF0ZD,NẮP ỐP ĐỒNG HỒ *NHA76M*,HONDA,Phụ tùng Honda tiêu chuẩn,119.000 ₫,1
53204K0RV00ZA,Nắp ốp đồng hồ *NH1*,HONDA,Phụ tùng Honda tiêu chuẩn,113.000 ₫,1
53204K0RV00ZD,Nắp ốp đồng hồ *NHB35P*,HONDA,Phụ tùng Honda tiêu chuẩn,114.000 ₫,1
53204K1FV00,Nắp mặt đồng hồ tốc độ,HONDA,Phụ tùng Honda tiêu chuẩn,204.000 ₫,1
53204K1FV10,Nắp mặt đồng hồ tốc độ,HONDA,Phụ tùng Honda tiêu chuẩn,204.000 ₫,1
53204K1GV00,Nắp mặt đồng hồ tốc độ,HONDA,Phụ tùng Honda tiêu chuẩn,204.000 ₫,1
53204K29910ZL,Bộ nắp trước tay lái *NHB25*,HONDA,Phụ tùng Honda tiêu chuẩn,255.000 ₫,1
53204K29930ZJ,Bộ nắp trước tay lái *R350C*,HONDA,Phụ tùng Honda tiêu chuẩn,261.000 ₫,1
53204K29930ZK,Bộ nắp trước tay lái *R340C*,HONDA,Phụ tùng Honda tiêu chuẩn,255.000 ₫,1
53204K29930ZM,Bộ nắp trước tay lái *NHB35P*,HONDA,Phụ tùng Honda tiêu chuẩn,261.000 ₫,1
53204K29930ZN,Bộ nắp trước tay lái *NHB18M*,HONDA,Phụ tùng Honda tiêu chuẩn,261.000 ₫,1
53204K29930ZQ,Bộ nắp trước tay lái *R368C*,HONDA,Phụ tùng Honda tiêu chuẩn,282.000 ₫,1
53204K29930ZR,Bộ nắp trước tay lái *PB408P*,HONDA,Phụ tùng Honda tiêu chuẩn,276.000 ₫,1
53204K66V00ZB,Nắp ốp đồng hồ *NHB25M*,HONDA,Phụ tùng Honda tiêu chuẩn,228.000 ₫,1
53204K66V00ZC,Nắp ốp đồng hồ *NHB18M*,HONDA,Phụ tùng Honda tiêu chuẩn,245.000 ₫,2
53204K66V00ZE,Nắp ốp đồng hồ *Y221M*,HONDA,Phụ tùng Honda tiêu chuẩn,235.000 ₫,1
53204K66V00ZF,Nắp ốp đồng hồ *NHB83M*,HONDA,Phụ tùng Honda tiêu chuẩn,228.000 ₫,1
53204K66V00ZG,Nắp đồng hồ tốc độ *R340C*,HONDA,Phụ tùng Honda tiêu chuẩn,228.000 ₫,1
53204K66V00ZK,Nắp đồng hồ tốc độ *PB421M*,HONDA,Phụ tùng Honda tiêu chuẩn,228.000 ₫,1
53204KVGV40ZB,Nắp ốp đồng hồ *NHB24M*,HONDA,Phụ tùng Honda tiêu chuẩn,196.000 ₫,1
53204KVGV40ZD,Nắp ốp đồng hồ *Y208M*,HONDA,Phụ tùng Honda tiêu chuẩn,196.000 ₫,1
53204KYL840ZA,Nắp trên tay lái trái *B206M*,HONDA,Phụ tùng Honda tiêu chuẩn,61.000 ₫,1
53205K01900ZC,Nắp trước tay lái *R-350C*,HONDA,Phụ tùng Honda tiêu chuẩn,342.000 ₫,1
53205K03M60ZC,Bộ ốp nắp tay lái trước R340C,HONDA,Phụ tùng Honda tiêu chuẩn,199.000 ₫,1
53205K03M60ZE,Bộ ốp nắp tay lái trước NHB25M,HONDA,Phụ tùng Honda tiêu chuẩn,201.000 ₫,2
53205K03M70ZC,Bộ ốp nắp tay lái trước R340C,HONDA,Phụ tùng Honda tiêu chuẩn,199.000 ₫,1
53205K07940,Nắp tay lái trước,HONDA,Phụ tùng Honda tiêu chuẩn,158.000 ₫,1
53205K0RV00ZA,Nắp trước tay lái *R368C*,HONDA,Phụ tùng Honda tiêu chuẩn,307.000 ₫,2
53205K0RV00ZD,Nắp trước tay lái *NHB35P*,HONDA,Phụ tùng Honda tiêu chuẩn,307.000 ₫,1
53205K0RV00ZE,Nắp trước tay lái *NHB25M*,HONDA,Phụ tùng Honda tiêu chuẩn,307.000 ₫,2
53205K0RV00ZF,Nắp trước tay lái *NHA76M*,HONDA,Phụ tùng Honda tiêu chuẩn,339.000 ₫,1
53205K0RV00ZG,Nắp trước tay lái *NHC60P*,HONDA,Phụ tùng Honda tiêu chuẩn,339.000 ₫,1
53205K12900ZB,Nắp trước tay lái *YR-303M*,HONDA,Phụ tùng Honda tiêu chuẩn,178.000 ₫,1
53205K12V00ZA,Nắp trước tay lái *Y229P*,HONDA,Phụ tùng Honda tiêu chuẩn,181.000 ₫,1
53205K12V00ZC,Nắp trước tay lái *YR299P*,HONDA,Phụ tùng Honda tiêu chuẩn,181.000 ₫,1
53205K12V00ZH,Nắp trước tay lái,HONDA,Phụ tùng Honda tiêu chuẩn,181.000 ₫,1
53205K12V00ZJ,Nắp trước tay lái *NHB18M*,HONDA,Phụ tùng Honda tiêu chuẩn,170.000 ₫,1
53205K12V00ZM,Nắp trước tay lái *R350C*,HONDA,Phụ tùng Honda tiêu chuẩn,167.000 ₫,1
53205K1FV00ZA,Nắp trước tay lái *R368C*,HONDA,Phụ tùng Honda tiêu chuẩn,187.000 ₫,1
53205K1FV00ZC,Nắp trước tay lái *NHC04M*,HONDA,Phụ tùng Honda tiêu chuẩn,204.000 ₫,1
53205K1FV00ZD,Nắp trước tay lái *NHB25M*,HONDA,Phụ tùng Honda tiêu chuẩn,204.000 ₫,1
53205K1FV00ZE,Nắp trước tay lái *NHA76M*,HONDA,Phụ tùng Honda tiêu chuẩn,231.000 ₫,1
53205K1FV00ZF,Nắp trước tay lái *NHA69P*,HONDA,Phụ tùng Honda tiêu chuẩn,204.000 ₫,1
53205K1FV00ZG,Nắp trước tay lái *R340C*,HONDA,Phụ tùng Honda tiêu chuẩn,204.000 ₫,1
53205K1FV00ZH,NẮP TRƯỚC TAY LÁI *NH262M*,HONDA,Phụ tùng Honda tiêu chuẩn,204.000 ₫,1
53205K1FV00ZJ,Nắp trước tay lái *NHC34M*,HONDA,Phụ tùng Honda tiêu chuẩn,204.000 ₫,1
53205K1FV00ZK,Nắp trước tay lái *NHB35P*,HONDA,Phụ tùng Honda tiêu chuẩn,204.000 ₫,1
53205K1NV00ZA,Nắp trước tay lái *R350C*,HONDA,Phụ tùng Honda tiêu chuẩn,252.000 ₫,1
53205K1NV00ZB,Nắp trước tay lái *PB410P*,HONDA,Phụ tùng Honda tiêu chuẩn,252.000 ₫,1
53205K1NV00ZC,Nắp trước tay lái *NHC46P*,HONDA,Phụ tùng Honda tiêu chuẩn,252.000 ₫,1
53205K1NV00ZE,Nắp trước tay lái *NHB18M*,HONDA,Phụ tùng Honda tiêu chuẩn,252.000 ₫,1
53205K1NV00ZF,Nắp trước tay lái *NHC60P*,HONDA,Phụ tùng Honda tiêu chuẩn,261.000 ₫,2
53205K1NV00ZG,Nắp trước tay lái *NHA76M*,HONDA,Phụ tùng Honda tiêu chuẩn,255.000 ₫,1
53205K27V00ZA,Nắp trước tay lái *NHB25M*,HONDA,Phụ tùng Honda tiêu chuẩn,288.000 ₫,1
53205K29900ZF,Nắp trước tay lái*NHB35P*,HONDA,Phụ tùng Honda tiêu chuẩn,252.000 ₫,2
53205K29900ZM,Nắp trước giá bắt tay lái,HONDA,Phụ tùng Honda tiêu chuẩn,282.000 ₫,1
53205K29900ZN,Nắp trước giá bắt tay lái,HONDA,Phụ tùng Honda tiêu chuẩn,282.000 ₫,1
53205K29900ZR,Nắp trước giá bắt tay lái,HONDA,Phụ tùng Honda tiêu chuẩn,276.000 ₫,1
53205K2CV00ZA,Nắp trước tay lái *R350C*,HONDA,Phụ tùng Honda tiêu chuẩn,167.000 ₫,2
53205K2CV00ZD,Nắp trước tay lái *NHB35P*,HONDA,Phụ tùng Honda tiêu chuẩn,167.000 ₫,2
53205K2CV00ZF,Nắp trước tay lái *NHA76M*,HONDA,Phụ tùng Honda tiêu chuẩn,167.000 ₫,2
53205K2CV00ZH,Nắp trước tay lái *NHC34M*,HONDA,Phụ tùng Honda tiêu chuẩn,167.000 ₫,1
53205K2CV00ZJ,Nắp trước tay lái *PB425M*,HONDA,Phụ tùng Honda tiêu chuẩn,167.000 ₫,1
53205K2CV00ZK,Nắp trước tay lái *PB426P*,HONDA,Phụ tùng Honda tiêu chuẩn,167.000 ₫,1
53205K2CV90ZB,Nắp trước tay lái *PB434M*,HONDA,Phụ tùng Honda tiêu chuẩn,165.000 ₫,1
53205K2CV90ZC,Nắp trước tay lái *NHB35P*,HONDA,Phụ tùng Honda tiêu chuẩn,165.000 ₫,2
53205K2CV90ZG,Nắp trước tay lái *NHA76M*,HONDA,Phụ tùng Honda tiêu chuẩn,165.000 ₫,1
53205K2CV90ZL,NẮP TRƯỚC TAY LÁI *NHD01P*,HONDA,Phụ tùng Honda tiêu chuẩn,165.000 ₫,1
53205K2PM00ZA,Nắp trước tay lái *NH1*,HONDA,Phụ tùng Honda tiêu chuẩn,133.000 ₫,1
53205K2PVE0ZA,NẮP TRƯỚC TAY LÁI *NH1*,HONDA,Phụ tùng Honda tiêu chuẩn,130.000 ₫,1
53205K2PVH0,NẮP TRƯỚC TAY LÁI,HONDA,Phụ tùng Honda tiêu chuẩn,130.000 ₫,1
53205K2ZV00ZC,Nắp trước tay lái *NHA76*,HONDA,Phụ tùng Honda tiêu chuẩn,215.000 ₫,1
53205K44V00ZE,Ốp tay lái trước *NHB35*,HONDA,Phụ tùng Honda tiêu chuẩn,356.000 ₫,1
53205K44V00ZM,Nắp trước tay lái *Y229P*,HONDA,Phụ tùng Honda tiêu chuẩn,356.000 ₫,1
53205K44V00ZP,Nắp trước tay lái *NHB55P*,HONDA,Phụ tùng Honda tiêu chuẩn,356.000 ₫,1
53205K44V00ZQ,Nắp trước tay lái *G209P*,HONDA,Phụ tùng Honda tiêu chuẩn,356.000 ₫,1
53205K44V00ZR,Nắp trước tay lái *PB420M*,HONDA,Phụ tùng Honda tiêu chuẩn,356.000 ₫,2
53205K56V00,Nắp trước tay lái,HONDA,Phụ tùng Honda tiêu chuẩn,147.000 ₫,2
53205K56V50,Nắp trước tay lái,HONDA,Phụ tùng Honda tiêu chuẩn,130.000 ₫,1
53205K57A00ZA,Nắp trước tay lái *R340C*,HONDA,Phụ tùng Honda tiêu chuẩn,158.000 ₫,1
53205K57A00ZB,Nắp trước tay lái *NHB55P*,HONDA,Phụ tùng Honda tiêu chuẩn,158.000 ₫,1
53205K57A00ZD,Nắp trước tay lái *B189C*,HONDA,Phụ tùng Honda tiêu chuẩn,158.000 ₫,1
53205K57A10ZA,Nắp trước tay lái *R340C*,HONDA,Phụ tùng Honda tiêu chuẩn,158.000 ₫,1
53205K57A10ZB,Nắp trước tay lái *NHB55P*,HONDA,Phụ tùng Honda tiêu chuẩn,198.000 ₫,1
53205K57A10ZC,Nắp trước tay lái *NHB25M*,HONDA,Phụ tùng Honda tiêu chuẩn,158.000 ₫,1
53205K57A10ZD,Nắp trước tay lái *B189C*,HONDA,Phụ tùng Honda tiêu chuẩn,158.000 ₫,1
53205K57V00ZA,Ốp tay lái trước,HONDA,Phụ tùng Honda tiêu chuẩn,241.000 ₫,1
53205K57V00ZB,Ốp tay lái trước,HONDA,Phụ tùng Honda tiêu chuẩn,239.000 ₫,1
53205K57V00ZC,Ốp tay lái trước,HONDA,Phụ tùng Honda tiêu chuẩn,239.000 ₫,1
53205K57V00ZD,Ốp tay lái trước,HONDA,Phụ tùng Honda tiêu chuẩn,239.000 ₫,1
53205K57V00ZE,Ốp tay lái trước,HONDA,Phụ tùng Honda tiêu chuẩn,239.000 ₫,1
53205K57V10ZA,Ốp tay lái trước,HONDA,Phụ tùng Honda tiêu chuẩn,239.000 ₫,1
53205K57V10ZB,Ốp tay lái trước,HONDA,Phụ tùng Honda tiêu chuẩn,239.000 ₫,1
53205K57V10ZC,Ốp tay lái trước,HONDA,Phụ tùng Honda tiêu chuẩn,239.000 ₫,1
53205K66V00ZE,Nắp trước tay lái *Y221M*,HONDA,Phụ tùng Honda tiêu chuẩn,215.000 ₫,1
53205K66V00ZF,Nắp trước tay lái *NHB83M*,HONDA,Phụ tùng Honda tiêu chuẩn,208.000 ₫,1
53205K66V00ZG,Nắp trước tay lái *NHB56M*,HONDA,Phụ tùng Honda tiêu chuẩn,215.000 ₫,1
53205K73V40ZH,Nắp trước tay lái *NHB55P*,HONDA,Phụ tùng Honda tiêu chuẩn,225.000 ₫,1
53205K73V40ZM,NẮP TRƯỚC TAY LÁI *R368C*,HONDA,Phụ tùng Honda tiêu chuẩn,218.000 ₫,1
53205K73V40ZN,NẮP TRƯỚC TAY LÁI *PB421M*,HONDA,Phụ tùng Honda tiêu chuẩn,225.000 ₫,2
53205K77V00ZG,Nắp tay lái trước,HONDA,Phụ tùng Honda tiêu chuẩn,362.000 ₫,1
53205K77V00ZJ,Nắp tay lái trước,HONDA,Phụ tùng Honda tiêu chuẩn,362.000 ₫,1
53205K77V00ZS,Nắp trước giá bắt tay lái *NHA76M*,HONDA,Phụ tùng Honda tiêu chuẩn,399.000 ₫,1
53205K89V00YA,"Ốp tay lái trước ""NHC26M""",HONDA,Phụ tùng Honda tiêu chuẩn,262.000 ₫,1
53205K89V00ZA,Ốp tay lái trước *R263*,HONDA,Phụ tùng Honda tiêu chuẩn,281.000 ₫,1
53205K89V00ZC,Ốp tay lái trước *NHB25M*,HONDA,Phụ tùng Honda tiêu chuẩn,281.000 ₫,1
53205K89V00ZD,Ốp tay lái trước *GY150P*,HONDA,Phụ tùng Honda tiêu chuẩn,281.000 ₫,1
53205K89V00ZE,Ốp tay lái trước *B203M*,HONDA,Phụ tùng Honda tiêu chuẩn,281.000 ₫,2
53205K89V00ZN,Nắp trước tay lái *PB421M*,HONDA,Phụ tùng Honda tiêu chuẩn,259.000 ₫,1
53205K89V00ZU,Ốp trước tay lái *R389*,HONDA,Phụ tùng Honda tiêu chuẩn,245.000 ₫,1
53205K89V00ZV,Ốp trước tay lái *NHA76*,HONDA,Phụ tùng Honda tiêu chuẩn,255.000 ₫,1
53205K89V00ZW,Ốp tay lái trước*Y229P*,HONDA,Phụ tùng Honda tiêu chuẩn,262.000 ₫,1
53205K89V00ZX,ỐP TAY LÁI TRƯỚC*NHC60P*,HONDA,Phụ tùng Honda tiêu chuẩn,262.000 ₫,1
53205KFL890ZD,Nắp trước tay lái *PB171MU*,HONDA,Phụ tùng Honda tiêu chuẩn,175.000 ₫,1
53205KFL890ZE,Nắp trước tay lái *R263*,HONDA,Phụ tùng Honda tiêu chuẩn,170.000 ₫,1
53205KFLD21ZA,Nắp trước tay lái *B142P*,HONDA,Phụ tùng Honda tiêu chuẩn,225.000 ₫,1
53205KFLD21ZD,Nắp trước tay lái *PB305P*,HONDA,Phụ tùng Honda tiêu chuẩn,225.000 ₫,1
53205KFLD21ZF,Nắp trước tay lái *R203M*,HONDA,Phụ tùng Honda tiêu chuẩn,225.000 ₫,1
53205KFLD21ZL,Nắp trước tay lái *PB141M*,HONDA,Phụ tùng Honda tiêu chuẩn,225.000 ₫,1
53205KFLD21ZQ,Nắp trước tay lái *Y106*,HONDA,Phụ tùng Honda tiêu chuẩn,225.000 ₫,1
53205KFLD21ZR,Nắp trước tay lái *R150CU*,HONDA,Phụ tùng Honda tiêu chuẩn,225.000 ₫,1
53205KTL640ZC,Nắp trước tay lái *R263*,HONDA,Phụ tùng Honda tiêu chuẩn,244.000 ₫,1
53205KTL640ZG,Nắp trước tay lái *PB373M*,HONDA,Phụ tùng Honda tiêu chuẩn,244.000 ₫,1
53205KTL640ZH,NẮP TAY LÁI TRƯỚC *NHA35M*,HONDA,Phụ tùng Honda tiêu chuẩn,244.000 ₫,2
53205KTL680ZE,Nắp trước tay lái *NH411M*,HONDA,Phụ tùng Honda tiêu chuẩn,247.000 ₫,1
53205KTL680ZF,Nắp trước tay lái *RP138M*,HONDA,Phụ tùng Honda tiêu chuẩn,247.000 ₫,1
53205KTLV00ZB,Nắp trước tay lái *NHA69P*,HONDA,Phụ tùng Honda tiêu chuẩn,230.000 ₫,1
53205KTLV00ZN,Nắp trước tay lái *R263*,HONDA,Phụ tùng Honda tiêu chuẩn,230.000 ₫,1
53205KTLV00ZX,Nắp trước tay lái*NHB55P*,HONDA,Phụ tùng Honda tiêu chuẩn,230.000 ₫,1
53205KTLV00ZY,Nắp trước tay lái*NHB25M*,HONDA,Phụ tùng Honda tiêu chuẩn,230.000 ₫,1
53205KTM860ZH,Nắp trước tay lái *R313C*,HONDA,Phụ tùng Honda tiêu chuẩn,278.000 ₫,1
53205KTM860ZJ,Nắp trước tay lái *NHA69P*,HONDA,Phụ tùng Honda tiêu chuẩn,278.000 ₫,1
53205KTM980ZA,Nắp trước tay lái *NHA69P*,HONDA,Phụ tùng Honda tiêu chuẩn,278.000 ₫,1
53205KTM980ZD,Nắp trước tay lái *NHA96P*,HONDA,Phụ tùng Honda tiêu chuẩn,278.000 ₫,1
53205KVB970ZB,Nắp tay lái trước *NHA69P*,HONDA,Phụ tùng Honda tiêu chuẩn,373.000 ₫,1
53205KVG910,Nắp trước tay lái,HONDA,Phụ tùng Honda tiêu chuẩn,210.000 ₫,1
53205KVGV00ZC,Nắp trước tay lái *R313C*,HONDA,Phụ tùng Honda tiêu chuẩn,252.000 ₫,1
53205KVGV00ZE,Nắp trước tay lái *NHA69P*,HONDA,Phụ tùng Honda tiêu chuẩn,252.000 ₫,1
53205KVGV40ZC,Nắp trước tay lái *R340C*,HONDA,Phụ tùng Honda tiêu chuẩn,281.000 ₫,1
53205KVGV40ZE,Nắp trước tay lái *NHB25M*,HONDA,Phụ tùng Honda tiêu chuẩn,281.000 ₫,1
53205KVR920ZA,Nắp trước tay lái *BG132M*,HONDA,Phụ tùng Honda tiêu chuẩn,245.000 ₫,1
53205KVR920ZB,Nắp trước tay lái *NHA69P*,HONDA,Phụ tùng Honda tiêu chuẩn,245.000 ₫,1
53205KVR920ZD,Nắp trước tay lái *R263*,HONDA,Phụ tùng Honda tiêu chuẩn,245.000 ₫,1
53205KVR920ZE,Nắp trước tay lái *YR272M*,HONDA,Phụ tùng Honda tiêu chuẩn,245.000 ₫,1
53205KVR920ZK,Nắp trước tay lái *PB373M*,HONDA,Phụ tùng Honda tiêu chuẩn,245.000 ₫,1
53205KVR920ZL,Nắp trước tay lái *R313C*,HONDA,Phụ tùng Honda tiêu chuẩn,245.000 ₫,1
53205KWWB20,Nắp trước tay lái,HONDA,Phụ tùng Honda tiêu chuẩn,156.000 ₫,1
53205KWWV00ZC,Nắp trước tay lái *R313C*,HONDA,Phụ tùng Honda tiêu chuẩn,345.000 ₫,1
53205KWWV00ZG,Nắp trước tay lái *NHA69P*,HONDA,Phụ tùng Honda tiêu chuẩn,342.000 ₫,1
53205KYL840ZB,Nắp trước tay lái *NHB25M*,HONDA,Phụ tùng Honda tiêu chuẩn,282.000 ₫,1
53205KYZV00ZA,Nắp trước tay lái *Y208M*,HONDA,Phụ tùng Honda tiêu chuẩn,264.000 ₫,1
53205KYZV00ZB,Nắp trước tay lái *NHB24M*,HONDA,Phụ tùng Honda tiêu chuẩn,273.000 ₫,1
53205KYZV00ZK,Nắp trước tay lái *R340C*,HONDA,Phụ tùng Honda tiêu chuẩn,264.000 ₫,1
53205KYZV00ZL,Nắp trước tay lái *NHB25M*,HONDA,Phụ tùng Honda tiêu chuẩn,264.000 ₫,1
53205KYZV00ZM,Nắp tay lái trước *NHB12M*,HONDA,Phụ tùng Honda tiêu chuẩn,264.000 ₫,1
53205KZLE10ZA,Nắp trước tay lái*NH411M*,HONDA,Phụ tùng Honda tiêu chuẩn,319.000 ₫,1
53205KZLE10ZC,Nắp trước tay lái*PB390M*,HONDA,Phụ tùng Honda tiêu chuẩn,319.000 ₫,1
53205KZLE10ZG,Nắp trước tay lái *R350C*,HONDA,Phụ tùng Honda tiêu chuẩn,319.000 ₫,1
53205KZLE10ZJ,Nắp trước tay lái *YR303M*,HONDA,Phụ tùng Honda tiêu chuẩn,319.000 ₫,1
53205KZLE10ZK,Nắp trước tay lái *R340C*,HONDA,Phụ tùng Honda tiêu chuẩn,319.000 ₫,1
53205KZLE10ZL,Nắp trước tay lái *NHB35P*,HONDA,Phụ tùng Honda tiêu chuẩn,319.000 ₫,1
53205KZLE10ZM,Nắp trước tay lái *NHA69P*,HONDA,Phụ tùng Honda tiêu chuẩn,319.000 ₫,1
53205KZVT00ZW,Nắp trên tay lái*R150CU*,HONDA,Phụ tùng Honda tiêu chuẩn,187.000 ₫,1
53206K01900ZA,Nắp sau tay lái *NH-1*,HONDA,Phụ tùng Honda tiêu chuẩn,65.000 ₫,1
53206K07940,Nắp tay lái sau,HONDA,Phụ tùng Honda tiêu chuẩn,145.000 ₫,1
53206K12900ZC,NẮP SAU TAY LÁI *YR-299P*,HONDA,Phụ tùng Honda tiêu chuẩn,204.000 ₫,1
53206K12900ZD,Nắp sau tay lái *R-350C*,HONDA,Phụ tùng Honda tiêu chuẩn,204.000 ₫,1
53206K12900ZG,Nắp sau tay lái *NH-B35P*,HONDA,Phụ tùng Honda tiêu chuẩn,204.000 ₫,1
53206K12V00ZA,Nắp sau tay lái *Y229P*,HONDA,Phụ tùng Honda tiêu chuẩn,173.000 ₫,1
53206K12V00ZC,Nắp sau tay lái *YR299P*,HONDA,Phụ tùng Honda tiêu chuẩn,173.000 ₫,1
53206K12V00ZE,Nắp sau tay lái *PB403P*,HONDA,Phụ tùng Honda tiêu chuẩn,173.000 ₫,1
53206K12V00ZJ,Nắp sau tay lái *NHB18M*,HONDA,Phụ tùng Honda tiêu chuẩn,181.000 ₫,1
53206K12V00ZM,Ốp sau tay lái *R350C*,HONDA,Phụ tùng Honda tiêu chuẩn,158.000 ₫,1
53206K12V00ZP,Ốp sau tay lái *NHA76*,HONDA,Phụ tùng Honda tiêu chuẩn,176.000 ₫,1
53206K1NV00ZB,Nắp sau tay lái *NH1*,HONDA,Phụ tùng Honda tiêu chuẩn,153.000 ₫,1
53206K29900ZA,Nắp tay lái sau*YR286R*,HONDA,Phụ tùng Honda tiêu chuẩn,111.000 ₫,1
53206K29900ZC,Nắp tay lái sau*NH1*,HONDA,Phụ tùng Honda tiêu chuẩn,111.000 ₫,1
53206K29960ZB,Nắp sau tay lái *R368C*,HONDA,Phụ tùng Honda tiêu chuẩn,193.000 ₫,1
53206K29960ZC,Nắp sau tay lái *PB408P*,HONDA,Phụ tùng Honda tiêu chuẩn,193.000 ₫,1
53206K29960ZD,Nắp sau tay lái *PB390M*,HONDA,Phụ tùng Honda tiêu chuẩn,193.000 ₫,1
53206K29960ZE,Nắp sau tay lái *NHB35P*,HONDA,Phụ tùng Honda tiêu chuẩn,193.000 ₫,1
53206K29960ZG,Nắp sau tay lái *NHB18M*,HONDA,Phụ tùng Honda tiêu chuẩn,193.000 ₫,1
53206K29960ZH,Nắp sau tay lái *GY150P*,HONDA,Phụ tùng Honda tiêu chuẩn,193.000 ₫,1
53206K29960ZL,Nắp sau tay lái,HONDA,Phụ tùng Honda tiêu chuẩn,193.000 ₫,1
53206K29960ZN,Nắp sau tay lái,HONDA,Phụ tùng Honda tiêu chuẩn,193.000 ₫,1
53206K2SV10ZA,NẮP SAU TAY LÁI *NH1*,HONDA,Phụ tùng Honda tiêu chuẩn,128.000 ₫,1
53206K56V50ZA,Nắp sau tay lái *NH1*,HONDA,Phụ tùng Honda tiêu chuẩn,178.000 ₫,1
53206K73V40ZA,Nắp sau tay lái *YR303M*,HONDA,Phụ tùng Honda tiêu chuẩn,270.000 ₫,1
53206K73V40ZB,Nắp sau tay lái *R350C*,HONDA,Phụ tùng Honda tiêu chuẩn,270.000 ₫,1
53206K73V40ZD,Nắp sau tay lái *PB389M*,HONDA,Phụ tùng Honda tiêu chuẩn,270.000 ₫,1
53206K73V40ZE,Nắp sau tay lái *NHB25M*,HONDA,Phụ tùng Honda tiêu chuẩn,270.000 ₫,2
53206K73V40ZF,Nắp sau tay lái *NHA76M*,HONDA,Phụ tùng Honda tiêu chuẩn,270.000 ₫,1
53206K73V40ZG,Nắp sau tay lái *NHB55P*,HONDA,Phụ tùng Honda tiêu chuẩn,270.000 ₫,1
53206K73V80ZA,Nắp sau tay lái *R350C*,HONDA,Phụ tùng Honda tiêu chuẩn,236.000 ₫,1
53206K73V80ZB,Nắp sau tay lái *PB389M*,HONDA,Phụ tùng Honda tiêu chuẩn,236.000 ₫,1
53206K73V80ZC,Nắp sau tay lái *NH193P*,HONDA,Phụ tùng Honda tiêu chuẩn,308.000 ₫,1
53206K73V80ZD,Nắp sau tay lái *NHB25M*,HONDA,Phụ tùng Honda tiêu chuẩn,236.000 ₫,1
53206K73V80ZE,Nắp sau tay lái *NHB24M*,HONDA,Phụ tùng Honda tiêu chuẩn,236.000 ₫,1
53206K73V80ZF,Nắp sau tay lái *NHA76M*,HONDA,Phụ tùng Honda tiêu chuẩn,236.000 ₫,1
53206K89H00ZA,Nắp sau tay lái *NH1*,HONDA,Phụ tùng Honda tiêu chuẩn,113.000 ₫,1
53206K89V00ZA,Nắp sau tay lái *NH1*,HONDA,Phụ tùng Honda tiêu chuẩn,102.000 ₫,1
53206KFL851ZB,Nắp sau tay lái *NH1*,HONDA,Phụ tùng Honda tiêu chuẩn,105.000 ₫,1
53206KFL890ZD,Nắp sau tay lái *PB171MU*,HONDA,Phụ tùng Honda tiêu chuẩn,204.000 ₫,1
53206KTM901,Nắp sau tay lái,HONDA,Phụ tùng Honda tiêu chuẩn,449.000 ₫,1
53206KTM970,Nắp sau tay lái,HONDA,Phụ tùng Honda tiêu chuẩn,139.000 ₫,1
53206KVB950ZA,Nắp tay lái sau *NH1*,HONDA,Phụ tùng Honda tiêu chuẩn,64.000 ₫,1
53206KVG950,Nắp sau tay lái,HONDA,Phụ tùng Honda tiêu chuẩn,67.000 ₫,1
53206KVGV40ZC,Nắp sau tay lái *R340C*,HONDA,Phụ tùng Honda tiêu chuẩn,198.000 ₫,1
53206KVGV40ZD,Nắp sau tay lái *NHB35P*,HONDA,Phụ tùng Honda tiêu chuẩn,198.000 ₫,1
53206KVGV40ZE,Nắp sau tay lái *NHB25M*,HONDA,Phụ tùng Honda tiêu chuẩn,198.000 ₫,1
53206KVL930ZA,Nắp sau tay lái *NHA69P*,HONDA,Phụ tùng Honda tiêu chuẩn,250.000 ₫,1
53206KWWB20,Nắp sau tay lái,HONDA,Phụ tùng Honda tiêu chuẩn,198.000 ₫,1
53206KWWE00,Nắp sau tay lái,HONDA,Phụ tùng Honda tiêu chuẩn,133.000 ₫,1
53206KWWV00ZC,Nắp sau tay lái *R313C*,HONDA,Phụ tùng Honda tiêu chuẩn,296.000 ₫,1
53206KWWV00ZD,Nắp sau tay lái *R340C*,HONDA,Phụ tùng Honda tiêu chuẩn,293.000 ₫,1
53206KWWV00ZF,Nắp sau tay lái *NHA69P*,HONDA,Phụ tùng Honda tiêu chuẩn,293.000 ₫,1
53206KYL840,Nắp sau tay lái,HONDA,Phụ tùng Honda tiêu chuẩn,136.000 ₫,1
53206KYZV00ZA,Nắp sau tay lái *Y208M*,HONDA,Phụ tùng Honda tiêu chuẩn,296.000 ₫,1
53206KYZV00ZB,Nắp sau tay lái *NHB24M*,HONDA,Phụ tùng Honda tiêu chuẩn,305.000 ₫,1
53206KYZV00ZE,Nắp tay lái sau *R350C*,HONDA,Phụ tùng Honda tiêu chuẩn,305.000 ₫,1
53206KYZV00ZF,Nắp tay lái sau *R340C*,HONDA,Phụ tùng Honda tiêu chuẩn,296.000 ₫,1
53206KYZV00ZG,Nắp tay lái sau *NHB25M*,HONDA,Phụ tùng Honda tiêu chuẩn,296.000 ₫,2
53206KYZV00ZH,Nắp tay lái sau *NHB12M*,HONDA,Phụ tùng Honda tiêu chuẩn,296.000 ₫,1
53206KYZV00ZJ,Nắp sau tay lái *YR303M*,HONDA,Phụ tùng Honda tiêu chuẩn,296.000 ₫,1
53206KYZV00ZK,Nắp sau tay lái *PB389M*,HONDA,Phụ tùng Honda tiêu chuẩn,296.000 ₫,1
53206KZLE00ZA,Nắp sau tay lái *NH411M*,HONDA,Phụ tùng Honda tiêu chuẩn,292.000 ₫,1
53206KZLE00ZD,Nắp sau tay lái *NHA69P*,HONDA,Phụ tùng Honda tiêu chuẩn,292.000 ₫,2
53206KZLE00ZE,Nắp sau tay lái *NHA62M*,HONDA,Phụ tùng Honda tiêu chuẩn,292.000 ₫,1
53206KZLE00ZF,Nắp sau tay lái *PB390M*,HONDA,Phụ tùng Honda tiêu chuẩn,292.000 ₫,2
53206KZLE00ZG,Nắp sau tay lái *NHB35P*,HONDA,Phụ tùng Honda tiêu chuẩn,292.000 ₫,1
53206KZLE00ZH,Nắp sau tay lái *NHB25M*,HONDA,Phụ tùng Honda tiêu chuẩn,292.000 ₫,2
53206KZVT00ZV,Nắp dưới tay lái*R150CU*,HONDA,Phụ tùng Honda tiêu chuẩn,162.000 ₫,1
53207K07940,MẶT NẠ ĐỒNG HỒ,HONDA,Phụ tùng Honda tiêu chuẩn,59.000 ₫,1
53207K0RV00,Trang trí nắp tay lái,HONDA,Phụ tùng Honda tiêu chuẩn,82.000 ₫,1
53207K12900ZA,Trang trí nắp tay lái *NH-B24M,HONDA,Phụ tùng Honda tiêu chuẩn,127.000 ₫,1
53207K12950,Nắp trước tay lái,HONDA,Phụ tùng Honda tiêu chuẩn,335.000 ₫,1
53207K12V00,Trang trí nắp tay lái,HONDA,Phụ tùng Honda tiêu chuẩn,233.000 ₫,1
53207K1FV00ZB,Trang trí nắp tay lái *R340C*,HONDA,Phụ tùng Honda tiêu chuẩn,128.000 ₫,1
53207K1FV00ZD,Trang trí nắp tay lái *NHC34M*,HONDA,Phụ tùng Honda tiêu chuẩn,128.000 ₫,1
53207K1FV00ZE,Trang trí nắp tay lái *NHC04M*,HONDA,Phụ tùng Honda tiêu chuẩn,116.000 ₫,1
53207K1FV00ZF,Trang trí nắp tay lái *NHB25M*,HONDA,Phụ tùng Honda tiêu chuẩn,128.000 ₫,1
53207K1FV00ZG,Trang trí nắp tay lái *NHA76M*,HONDA,Phụ tùng Honda tiêu chuẩn,128.000 ₫,1
53207K1FV00ZK,Trang trí nắp tay lái *NHB35P*,HONDA,Phụ tùng Honda tiêu chuẩn,128.000 ₫,1
53207K1FV00ZL,Trang trí ốp tay lái *PB426*,HONDA,Phụ tùng Honda tiêu chuẩn,199.000 ₫,1
53207K1FV00ZM,Trang trí nắp tay lái *NHC60P*,HONDA,Phụ tùng Honda tiêu chuẩn,110.000 ₫,1
53207K1NV00,Nắp ốp đồng hồ,HONDA,Phụ tùng Honda tiêu chuẩn,230.000 ₫,1
53207K27V00ZB,Trang trí nắp tay lái FR Y208M,HONDA,Phụ tùng Honda tiêu chuẩn,101.000 ₫,1
53207K27V00ZE,Trang trí nắp tay lái FR R340C,HONDA,Phụ tùng Honda tiêu chuẩn,104.000 ₫,1
53207K27V00ZK,Trang trí nắp tay lái FR *NHA62M*,HONDA,Phụ tùng Honda tiêu chuẩn,101.000 ₫,1
53207K27V00ZP,Trang trí nắp tay lái FR *NHB25M*,HONDA,Phụ tùng Honda tiêu chuẩn,101.000 ₫,1
53207K29900,Nắp ốp đồng hồ,HONDA,Phụ tùng Honda tiêu chuẩn,259.000 ₫,1
53207K2PVH0ZA,NẮP TRÊN TAY LÁI PHẢI *NHB25M*,HONDA,Phụ tùng Honda tiêu chuẩn,130.000 ₫,1
53207K56V00ZA,Nắp trên tay lái phải *R340C*,HONDA,Phụ tùng Honda tiêu chuẩn,76.000 ₫,1
53207K56V00ZC,Nắp trên tay lái phải *NHB35P*,HONDA,Phụ tùng Honda tiêu chuẩn,76.000 ₫,1
53207K56V00ZD,Nắp trên tay lái phải *NHA76M*,HONDA,Phụ tùng Honda tiêu chuẩn,76.000 ₫,2
53207K56V00ZE,Nắp trên tay lái phải *Y106*,HONDA,Phụ tùng Honda tiêu chuẩn,76.000 ₫,1
53207K56V00ZF,Nắp trên tay lái phải *YR322*,HONDA,Phụ tùng Honda tiêu chuẩn,74.000 ₫,1
53207K56V00ZG,Nắp trên tay lái phải *B189*,HONDA,Phụ tùng Honda tiêu chuẩn,76.000 ₫,1
53207K56V50ZA,Nắp trên tay lái phải *R340*,HONDA,Phụ tùng Honda tiêu chuẩn,142.000 ₫,1
53207K56V50ZE,Nắp trên tay lái phải *NHA76M*,HONDA,Phụ tùng Honda tiêu chuẩn,142.000 ₫,1
53207K56V50ZF,Nắp trên tay lái phải *NHA40*,HONDA,Phụ tùng Honda tiêu chuẩn,164.000 ₫,1
53207K56V50ZG,Nắp trên tay lái phải *R389*,HONDA,Phụ tùng Honda tiêu chuẩn,142.000 ₫,1
53207K56V50ZH,Nắp trên tay lái phải *NHB24M*,HONDA,Phụ tùng Honda tiêu chuẩn,164.000 ₫,1
53207K56V50ZK,Nắp trên tay lái *NHB25M*,HONDA,Phụ tùng Honda tiêu chuẩn,141.000 ₫,1
53207KPH701ZA,Nắp ốp đồng hồ *NH411M*,HONDA,Phụ tùng Honda tiêu chuẩn,139.000 ₫,1
53207KVG900ZL,Trang trí nắp trước tay lái *N,HONDA,Phụ tùng Honda tiêu chuẩn,101.000 ₫,1
53207KVG900ZN,Trang trí nắp trước *NHA69P*,HONDA,Phụ tùng Honda tiêu chuẩn,102.000 ₫,1
53207KVG900ZS,Trang trí nắp trước *NHA96P*,HONDA,Phụ tùng Honda tiêu chuẩn,102.000 ₫,1
53207KVG900ZT,Trang trí nắp trước *R313C*,HONDA,Phụ tùng Honda tiêu chuẩn,102.000 ₫,1
53207KVGB20,Trang trí nắp trước tay lái (C,HONDA,Phụ tùng Honda tiêu chuẩn,335.000 ₫,1
53208K01900ZD,Trang trí ốp tay lái NH-B35P,HONDA,Phụ tùng Honda tiêu chuẩn,187.000 ₫,1
53208K0RV00ZA,Trang trí ốp tay lái *R368C*,HONDA,Phụ tùng Honda tiêu chuẩn,154.000 ₫,1
53208K0RV00ZD,Trang trí ốp tay lái *NHB35P*,HONDA,Phụ tùng Honda tiêu chuẩn,154.000 ₫,1
53208K0RV00ZE,Trang trí ốp tay lái *NHB25M*,HONDA,Phụ tùng Honda tiêu chuẩn,154.000 ₫,2
53208K1NV00,Vành đèn pha,HONDA,Phụ tùng Honda tiêu chuẩn,250.000 ₫,1
53208K29900,Vành đèn pha,HONDA,Phụ tùng Honda tiêu chuẩn,281.000 ₫,1
53208K77V00ZE,Trang trí ốp tay lái *NHB25M*,HONDA,Phụ tùng Honda tiêu chuẩn,181.000 ₫,1
53208K77V00ZG,Trang trí ốp tay lái *R368C*,HONDA,Phụ tùng Honda tiêu chuẩn,181.000 ₫,1
53208K77V00ZH,Trang trí ốp tay lái *NHB86M*,HONDA,Phụ tùng Honda tiêu chuẩn,181.000 ₫,1
53208K77V00ZJ,Trang trí ốp tay lái *NHB35P*,HONDA,Phụ tùng Honda tiêu chuẩn,181.000 ₫,1
53208K77V00ZW,Trang trí nắp tay lái *NHA76M*,HONDA,Phụ tùng Honda tiêu chuẩn,198.000 ₫,1
53209K07940ZD,NẮP ỐP ĐỒNG HỒ*NHB25M*,HONDA,Phụ tùng Honda tiêu chuẩn,178.000 ₫,1
53209K1NV00ZA,Ốp sau tay lái B *R350C*,HONDA,Phụ tùng Honda tiêu chuẩn,208.000 ₫,1
53209K1NV00ZB,Ốp sau tay lái B *PB410P*,HONDA,Phụ tùng Honda tiêu chuẩn,208.000 ₫,1
53209K1NV00ZE,Ốp sau tay lái B *NHB25M*,HONDA,Phụ tùng Honda tiêu chuẩn,204.000 ₫,1
53209K2PVH0,GIÁ GIỮ ĐỒNG HỒ TỐC ĐỘ,HONDA,Phụ tùng Honda tiêu chuẩn,19.000 ₫,1
53209K77V00ZA,Nắp ốp đồng hồ *NH1*,HONDA,Phụ tùng Honda tiêu chuẩn,87.000 ₫,1
53209K77V00ZD,Nắp ốp đồng hồ *NHA40M*,HONDA,Phụ tùng Honda tiêu chuẩn,87.000 ₫,1
53210K01600ZE,Bộ trang trí ốp tay lái*NHB35*,HONDA,Phụ tùng Honda tiêu chuẩn,205.000 ₫,1
53210K01930ZC,BO TAM TRANG TRI OP TRUOC TAY,HONDA,Phụ tùng Honda tiêu chuẩn,204.000 ₫,1
53210K0RVA0ZB,Bộ nắp ốp đồng hồ *NH1*,HONDA,Phụ tùng Honda tiêu chuẩn,145.000 ₫,1
53210K12900ZA,Bộ nắp sau tay lái*NHB50*,HONDA,Phụ tùng Honda tiêu chuẩn,208.000 ₫,1
53210K12900ZE,Bộ nắp sau tay lái*YR303*,HONDA,Phụ tùng Honda tiêu chuẩn,199.000 ₫,1
53210K12900ZF,Bộ nắp sau tay lái*R350*,HONDA,Phụ tùng Honda tiêu chuẩn,208.000 ₫,1
53210K12900ZG,Bộ nắp sau tay lái*NHB35*,HONDA,Phụ tùng Honda tiêu chuẩn,208.000 ₫,1
53210K27630ZE,Bộ ốp trước tay lái *NHB25M*,HONDA,Phụ tùng Honda tiêu chuẩn,253.000 ₫,1
53210K27V00ZA,Bộ nắp trước tay lái,HONDA,Phụ tùng Honda tiêu chuẩn,282.000 ₫,1
53210K27V50ZA,Bộ nắp trước tay lái*NHB51*,HONDA,Phụ tùng Honda tiêu chuẩn,276.000 ₫,1
53210K27V50ZC,Bộ nắp trước tay lái,HONDA,Phụ tùng Honda tiêu chuẩn,282.000 ₫,1
53210K2CV00ZA,Bộ nắp sau tay lái *R350C*,HONDA,Phụ tùng Honda tiêu chuẩn,185.000 ₫,3
53210K2CV00ZD,Bộ nắp sau tay lái *NHB35P*,HONDA,Phụ tùng Honda tiêu chuẩn,185.000 ₫,2
53210K2CV00ZH,Bộ nắp sau tay lái *NHC34M*,HONDA,Phụ tùng Honda tiêu chuẩn,185.000 ₫,1
53210K2CV00ZJ,Bộ nắp sau tay lái *PB425M*,HONDA,Phụ tùng Honda tiêu chuẩn,185.000 ₫,1
53210K2CV00ZK,Bộ nắp sau tay lái *PB426P*,HONDA,Phụ tùng Honda tiêu chuẩn,185.000 ₫,1
53210K2CV90ZB,Bộ nắp sau tay lái *NH1*,HONDA,Phụ tùng Honda tiêu chuẩn,181.000 ₫,1
53210K2CVF0ZC,Bộ nắp sau tay lái *NHC60P*,HONDA,Phụ tùng Honda tiêu chuẩn,185.000 ₫,1
53210K44V00ZA,Bộ nắp tay lái sau *YR320M*,HONDA,Phụ tùng Honda tiêu chuẩn,231.000 ₫,1
53210K44V00ZD,Bộ nắp tay lái sau *PB390M*,HONDA,Phụ tùng Honda tiêu chuẩn,231.000 ₫,1
53210K44V00ZF,Bộ nắp tay lái sau *NHB25M*,HONDA,Phụ tùng Honda tiêu chuẩn,231.000 ₫,1
53210K44V00ZG,Bộ nắp tay lái sau *R340C*,HONDA,Phụ tùng Honda tiêu chuẩn,231.000 ₫,1
53210K44V00ZH,Bộ nắp tay lái sau *NH411M*,HONDA,Phụ tùng Honda tiêu chuẩn,231.000 ₫,1
53210K44V20ZB,Bộ nắp sau tay lái *YR317M*,HONDA,Phụ tùng Honda tiêu chuẩn,176.000 ₫,1
53210K44V20ZD,Bộ nắp sau tay lái *R340C*,HONDA,Phụ tùng Honda tiêu chuẩn,231.000 ₫,1
53210K44V20ZK,Bộ ốp sau tay lái *Y229P*,HONDA,Phụ tùng Honda tiêu chuẩn,231.000 ₫,1
53210K44V20ZN,Bộ nắp sau tay lái *NHB55P*,HONDA,Phụ tùng Honda tiêu chuẩn,231.000 ₫,1
53210K44V20ZP,Bộ nắp sau tay lái *G209P*,HONDA,Phụ tùng Honda tiêu chuẩn,231.000 ₫,1
53210K44V20ZQ,Bộ nắp sau tay lái *NHC23M*,HONDA,Phụ tùng Honda tiêu chuẩn,231.000 ₫,1
53210K44V20ZR,Bộ nắp sau tay lái *PB420M*,HONDA,Phụ tùng Honda tiêu chuẩn,231.000 ₫,2
53210K73V40ZA,Bộ nắp trước tay lái *YR303M*,HONDA,Phụ tùng Honda tiêu chuẩn,256.000 ₫,1
53210K73V40ZB,Bộ nắp trước tay lái *R350C*,HONDA,Phụ tùng Honda tiêu chuẩn,225.000 ₫,1
53210K73V40ZC,Bộ nắp trước tay lái *R340C*,HONDA,Phụ tùng Honda tiêu chuẩn,256.000 ₫,1
53210K73V40ZD,Bộ nắp trước tay lái *PB389M*,HONDA,Phụ tùng Honda tiêu chuẩn,225.000 ₫,2
53210K73V40ZE,Bộ nắp trước tay lái *NHB25M*,HONDA,Phụ tùng Honda tiêu chuẩn,256.000 ₫,1
53210K73V40ZF,Bộ nắp trước tay lái *NHA76M*,HONDA,Phụ tùng Honda tiêu chuẩn,225.000 ₫,1
53210K73V40ZG,Bộ nắp trước tay lái *NHA62M*,HONDA,Phụ tùng Honda tiêu chuẩn,256.000 ₫,1
53210K73V40ZH,Bộ ốp trước tay lái *NHB55P*,HONDA,Phụ tùng Honda tiêu chuẩn,256.000 ₫,1
53210K73V40ZJ,BỘ NẮP TRƯỚC TAY LÁI *NH193P*,HONDA,Phụ tùng Honda tiêu chuẩn,225.000 ₫,2
53210K73V40ZL,BỘ ỐP TRƯỚC TAY LÁI *NHC34*,HONDA,Phụ tùng Honda tiêu chuẩn,218.000 ₫,1
53210KCW870,Bộ bi bát phuốc trên (22 viên),HONDA,Bát phốt,30.000 ₫,1
53210KRS970ZA,Bộ ốp sau tay lái *NH1*,HONDA,Phụ tùng Honda tiêu chuẩn,173.000 ₫,1
53210KVGV20ZB,Bộ nắp trước tay lái *NHA69P*,HONDA,Phụ tùng Honda tiêu chuẩn,270.000 ₫,1
53210KVGV20ZD,Bộ nắp trước tay lái *R313C*,HONDA,Phụ tùng Honda tiêu chuẩn,270.000 ₫,1
53210KVGV80ZA,Bộ nắp trước tay lái *NHB25F*,HONDA,Phụ tùng Honda tiêu chuẩn,382.000 ₫,1
53210KVGV80ZC,Bộ nắp trước tay lái *NHB25K*,HONDA,Phụ tùng Honda tiêu chuẩn,382.000 ₫,1
53210KVRC00,Bộ bi bát phuốc trên,HONDA,Bát phốt,17.000 ₫,7
53210KYZV20ZA,Bộ nắp trước tay lái *Y208M*,HONDA,Phụ tùng Honda tiêu chuẩn,270.000 ₫,1
53210KYZV20ZB,Bộ nắp trước tay lái *NHB24M*,HONDA,Phụ tùng Honda tiêu chuẩn,288.000 ₫,1
53210KYZV20ZC,Bộ nắp trước tay lái *NHA62M*,HONDA,Phụ tùng Honda tiêu chuẩn,270.000 ₫,1
53210KYZV20ZE,Bộ nắp trước tay lái *R350C*,HONDA,Phụ tùng Honda tiêu chuẩn,288.000 ₫,1
53210KYZV20ZF,Bộ nắp trước tay lái *R340C*,HONDA,Phụ tùng Honda tiêu chuẩn,270.000 ₫,1
53210KYZV20ZG,Bộ nắp trước tay lái *NHB25M*,HONDA,Phụ tùng Honda tiêu chuẩn,270.000 ₫,1
53210KYZV20ZH,Bộ nắp trước tay lái *NHB12M,HONDA,Phụ tùng Honda tiêu chuẩn,270.000 ₫,1
53210KYZV20ZJ,Bộ nắp trước tay lái *YR303M*,HONDA,Phụ tùng Honda tiêu chuẩn,272.000 ₫,1
53210KYZV20ZK,Bộ nắp trước tay lái *PB389M*,HONDA,Phụ tùng Honda tiêu chuẩn,272.000 ₫,1
53210KZLE00ZC,Bộ nắp trước tay lái *R340*,HONDA,Phụ tùng Honda tiêu chuẩn,339.000 ₫,1
53210KZLE00ZD,Bộ nắp trước tay lái *NHB35*,HONDA,Phụ tùng Honda tiêu chuẩn,339.000 ₫,1
53210KZLE00ZE,Bộ nắp trước tay lái *NHA69*,HONDA,Phụ tùng Honda tiêu chuẩn,339.000 ₫,1
53210KZLE00ZH,Bộ nắp trước tay lái *PB390M*,HONDA,Phụ tùng Honda tiêu chuẩn,339.000 ₫,1
53210KZLE00ZJ,Bộ nắp trước tay lái *NH411M*,HONDA,Phụ tùng Honda tiêu chuẩn,347.000 ₫,1
53210KZLE00ZK,Bộ nắp trước tay lái *NHB25M*,HONDA,Phụ tùng Honda tiêu chuẩn,339.000 ₫,1
53211268010,Côn phuộc trên,HONDA,Phụ tùng Honda tiêu chuẩn,105.000 ₫,1
53211K77V00ZA,Chụp nắp tay lái trước phải *NH1*,HONDA,Phụ tùng Honda tiêu chuẩn,27.000 ₫,1
53211KCW870,Côn phuốc trên,HONDA,Bát phốt,47.000 ₫,1
53212K77V00ZA,Chụp nắp tay lái trước trái *NH1*,HONDA,Phụ tùng Honda tiêu chuẩn,31.000 ₫,1
53212KCW870,Côn phuộc dưới,HONDA,Bát phốt,47.000 ₫,1
53214250000,Phớt chắn bụi cổ lái,HONDA,Phụ tùng Honda tiêu chuẩn,13.000 ₫,1
53215K12940ZA,Nắp sau tay lái *PB390M*,HONDA,Phụ tùng Honda tiêu chuẩn,204.000 ₫,1
53215K12940ZB,Nắp sau tay lái *NHB35P*,HONDA,Phụ tùng Honda tiêu chuẩn,204.000 ₫,1
53215K12940ZC,Nắp sau tay lái *NHB25M*,HONDA,Phụ tùng Honda tiêu chuẩn,204.000 ₫,1
53215K12940ZF,Nắp sau tay lái *YR299P*,HONDA,Phụ tùng Honda tiêu chuẩn,204.000 ₫,1
53215K12940ZG,Nắp sau tay lái *R350C*,HONDA,Phụ tùng Honda tiêu chuẩn,204.000 ₫,1
53215K12V00ZB,Nắp mặt đồng hồ tốc độ *NH411M*,HONDA,Phụ tùng Honda tiêu chuẩn,114.000 ₫,1
53215K12V00ZD,Nắp mặt đồng hồ tốc độ,HONDA,Phụ tùng Honda tiêu chuẩn,114.000 ₫,1
53215K2TV30ZA,NẮP MẶT ĐỒNG HỒ TỐC ĐỘ *NH411M*,HONDA,Phụ tùng Honda tiêu chuẩn,114.000 ₫,1
53215K56V00ZA,Nắp trên tay lái trái *R340C*,HONDA,Phụ tùng Honda tiêu chuẩn,93.000 ₫,1
53215K56V00ZB,Nắp trên tay lái trái *PB406M*,HONDA,Phụ tùng Honda tiêu chuẩn,90.000 ₫,1
53215K56V00ZD,Nắp trên tay lái trái *NHA76M*,HONDA,Phụ tùng Honda tiêu chuẩn,93.000 ₫,1
53215K56V00ZE,Nắp trên tay lái trái *Y106*,HONDA,Phụ tùng Honda tiêu chuẩn,93.000 ₫,1
53215K56V00ZF,Nắp trên tay lái trái *YR322*,HONDA,Phụ tùng Honda tiêu chuẩn,93.000 ₫,1
53215K56V00ZG,Nắp trên tay lái trái *B189*,HONDA,Phụ tùng Honda tiêu chuẩn,93.000 ₫,1
53215KCW870,Bộ bi bát phuốc dưới (17 viên),HONDA,Bát phốt,34.000 ₫,1
53216K56V00ZB,Bộ ốp tay lái *NH1*,HONDA,Phụ tùng Honda tiêu chuẩn,201.000 ₫,1
53216K56V20ZB,Nắp sau tay lái *R371R*,HONDA,Phụ tùng Honda tiêu chuẩn,201.000 ₫,1
53216KCW870,Vòng đệm phớt chắn bụ cổ lái,HONDA,Phụ tùng Honda tiêu chuẩn,14.000 ₫,1
53219K01900,Cụm trục cổ lái,HONDA,Phụ tùng Honda tiêu chuẩn,2.223.000 ₫,1
53219K0RV00,Cụm trục cổ lái,HONDA,Phụ tùng Honda tiêu chuẩn,1.947.000 ₫,1
53219K1WD00,Cụm trục cổ lái,HONDA,Phụ tùng Honda tiêu chuẩn,2.178.000 ₫,1
53219K2CV00,Cụm trục cổ lái,HONDA,Phụ tùng Honda tiêu chuẩn,701.000 ₫,1
53219K44V00,CỤM TRỤC CỔ LÁI,HONDA,Phụ tùng Honda tiêu chuẩn,794.000 ₫,1
53219K56V00,Cụm trục cổ lái,HONDA,Phụ tùng Honda tiêu chuẩn,734.000 ₫,1
53219KRS860,Cụm trục cổ lái,HONDA,Phụ tùng Honda tiêu chuẩn,875.000 ₫,1
53219KTL640,Cụm trục cổ lái,HONDA,Phụ tùng Honda tiêu chuẩn,874.000 ₫,1
53219KTM900,Cụm trục cổ lái,HONDA,Phụ tùng Honda tiêu chuẩn,932.000 ₫,1
53219KVGV20,Cụm trục cổ lái,HONDA,Phụ tùng Honda tiêu chuẩn,831.000 ₫,1
53219KWW640,Cụm trục cổ lái,HONDA,Phụ tùng Honda tiêu chuẩn,880.000 ₫,1
53219KWWB20,Cụm trục cổ lái,HONDA,Phụ tùng Honda tiêu chuẩn,686.000 ₫,1
53219KYZV00,Cụm trục cổ lái,HONDA,Phụ tùng Honda tiêu chuẩn,898.000 ₫,1
53220KSP860,Đai ốc cổ lái,HONDA,Phụ tùng Honda tiêu chuẩn,76.000 ₫,1
53225K66V00ZL,Trang trí nắp tay lái trước *Y224M*,HONDA,Phụ tùng Honda tiêu chuẩn,131.000 ₫,1
53225K66V00ZM,Trang trí nắp tay lái trước *YR322C*,HONDA,Phụ tùng Honda tiêu chuẩn,131.000 ₫,1
53225K66V00ZN,Trang trí nắp tay lái trước *PB390M*,HONDA,Phụ tùng Honda tiêu chuẩn,131.000 ₫,2
53225K66V00ZP,Trang trí nắp tay lái trước *NHB35P*,HONDA,Phụ tùng Honda tiêu chuẩn,131.000 ₫,1
53225K66V00ZQ,Trang trí nắp tay lái trước *NHB25M*,HONDA,Phụ tùng Honda tiêu chuẩn,131.000 ₫,1
53225K66V00ZR,Trang trí nắp tay lái trước *NHB18M*,HONDA,Phụ tùng Honda tiêu chuẩn,131.000 ₫,1
53225K66V00ZS,Trang trí nắp tay lái trước *NHA76M*,HONDA,Phụ tùng Honda tiêu chuẩn,131.000 ₫,1
53225K66V00ZT,Trang trí nắp tay lái trước *NHA62M*,HONDA,Phụ tùng Honda tiêu chuẩn,131.000 ₫,1
53225K66V00ZU,Trang trí nắp tay lái trước *Y221M*,HONDA,Phụ tùng Honda tiêu chuẩn,128.000 ₫,1
53225K66V00ZV,Trang trí nắp tay lái trước *NHB86M*,HONDA,Phụ tùng Honda tiêu chuẩn,131.000 ₫,1
53225K66V00ZW,Trang trí nắp tay lái trước *NHB83M*,HONDA,Phụ tùng Honda tiêu chuẩn,131.000 ₫,1
53225K66V00ZX,Trang trí nắp tay lái trước *B189C*,HONDA,Phụ tùng Honda tiêu chuẩn,131.000 ₫,1
53225K66V00ZY,Trang trí nắp tay lái trước *PB421M*,HONDA,Phụ tùng Honda tiêu chuẩn,131.000 ₫,1
53225K66VG0ZA,Trang trí nắp tay lái trước *NHA76M*,HONDA,Phụ tùng Honda tiêu chuẩn,170.000 ₫,1
53225K66VQ0ZB,Trang trí nắp tay lái trước *NHA76M 1,HONDA,Phụ tùng Honda tiêu chuẩn,162.000 ₫,1
53230K27V00ZA,Bộ nắp sau tay lái,HONDA,Phụ tùng Honda tiêu chuẩn,248.000 ₫,1
53230K27V50ZC,Bộ nắp sau tay lái,HONDA,Phụ tùng Honda tiêu chuẩn,248.000 ₫,1
53240K03M00ZA,Bộ ốp tay lái trước *NHB55*,HONDA,Phụ tùng Honda tiêu chuẩn,175.000 ₫,1
53240K03M00ZB,Bộ ốp tay lái trước *YR322*,HONDA,Phụ tùng Honda tiêu chuẩn,175.000 ₫,1
53240K03M30ZA,Bộ ốp tay lái trước *NHB55*,HONDA,Phụ tùng Honda tiêu chuẩn,181.000 ₫,1
53240K03M30ZB,Bộ ốp tay lái trước *YR322*,HONDA,Phụ tùng Honda tiêu chuẩn,181.000 ₫,1
53240K03M30ZC,Bộ ốp tay lái trước *Y208*,HONDA,Phụ tùng Honda tiêu chuẩn,181.000 ₫,1
53240K03M30ZD,Bộ ốp tay lái trước *R340*,HONDA,Phụ tùng Honda tiêu chuẩn,181.000 ₫,1
53240K90V00ZB,Bộ ốp tay lái *NHB25M*,HONDA,Phụ tùng Honda tiêu chuẩn,170.000 ₫,1
53240K90V00ZC,Bộ ốp tay lái *NHA76M*,HONDA,Phụ tùng Honda tiêu chuẩn,164.000 ₫,2
53240K90V00ZD,Bộ ốp tay lái trước *R340C*,HONDA,Phụ tùng Honda tiêu chuẩn,164.000 ₫,1
53240K90V00ZE,Bộ ốp tay lái trước *NHB55P*,HONDA,Phụ tùng Honda tiêu chuẩn,164.000 ₫,1
53240K90V00ZK,Bộ nắp trước tay lái *B189C*,HONDA,Phụ tùng Honda tiêu chuẩn,164.000 ₫,1
53240K90V10ZB,Bộ ốp tay lái *NHB25M*,HONDA,Phụ tùng Honda tiêu chuẩn,175.000 ₫,1
53240K90V10ZC,Bộ ốp tay lái trước *R340C*,HONDA,Phụ tùng Honda tiêu chuẩn,170.000 ₫,1
53240K90V10ZF,Bộ nắp trước tay lái *NHB83M*,HONDA,Phụ tùng Honda tiêu chuẩn,170.000 ₫,1
53240K90V10ZG,Bộ nắp trước tay lái *B189C*,HONDA,Phụ tùng Honda tiêu chuẩn,170.000 ₫,1
53250GCCB00ZB,Bộ ốp nhựa sau tay lái *NH1*,HONDA,Phụ tùng Honda tiêu chuẩn,835.000 ₫,1
53250K03M30ZA,Bộ ốp tay lái sau *NH1*,HONDA,Phụ tùng Honda tiêu chuẩn,93.000 ₫,1
53250K03M60ZA,Bộ nắp tay lái sau NH1,HONDA,Phụ tùng Honda tiêu chuẩn,101.000 ₫,1
53250K2PVH0,BỘ ỐP NHỰA SAU TAY LÁI,HONDA,Phụ tùng Honda tiêu chuẩn,128.000 ₫,1
53250K57A00ZA,Bộ ốp nhựa sau tay lái *NH1*,HONDA,Phụ tùng Honda tiêu chuẩn,110.000 ₫,1
53250K57V00ZA,Ốp tay lái sau,HONDA,Phụ tùng Honda tiêu chuẩn,142.000 ₫,1
53250K90VC0ZB,Bộ ốp nhựa sau tay lái *NH1*,HONDA,Phụ tùng Honda tiêu chuẩn,96.000 ₫,1
53270K2PV60ZB,Ốp trên tay lái *R389*,HONDA,Phụ tùng Honda tiêu chuẩn,133.000 ₫,1
53270K2PV60ZD,Ốp trên tay lái *NHB55P*,HONDA,Phụ tùng Honda tiêu chuẩn,130.000 ₫,1
53270K2PV60ZG,Ốp trên tay lái *NHA76M*,HONDA,Phụ tùng Honda tiêu chuẩn,130.000 ₫,1
53270KPH701ZA,Bộ ốp đồng hồ tốc độ *NH411M*,HONDA,Phụ tùng Honda tiêu chuẩn,148.000 ₫,1
53270KVL900ZA,Bộ ốp đồng hồ tốc độ *NH411M*,HONDA,Phụ tùng Honda tiêu chuẩn,76.000 ₫,1
53280K73V40,Bộ nắp trước tay lái,HONDA,Phụ tùng Honda tiêu chuẩn,96.000 ₫,1
53280KYZV01ZA,Bộ ốp trên nắp trước tay lái,HONDA,Phụ tùng Honda tiêu chuẩn,107.000 ₫,1
53290K2SV10ZA,BỘ NẮP TRƯỚC TAY LÁI*NH1*,HONDA,Phụ tùng Honda tiêu chuẩn,77.000 ₫,1
53306K56V50,Nắp sau tay lái trên,HONDA,Phụ tùng Honda tiêu chuẩn,62.000 ₫,1
57110K0RV11,Bộ mô đun,HONDA,Phụ tùng Honda tiêu chuẩn,7.756.000 ₫,1
57110K77V11,Bộ mô đun,HONDA,Phụ tùng Honda tiêu chuẩn,7.571.000 ₫,1
61000K1NV00ZA,Bộ chắn bùn trước *NHC46*,HONDA,Phụ tùng Honda tiêu chuẩn,385.000 ₫,1
61000K1NV00ZB,Bộ chắn bùn trước *PB410*,HONDA,Phụ tùng Honda tiêu chuẩn,385.000 ₫,1
61000K1NV00ZC,Bộ chắn bùn trước *R350*,HONDA,Phụ tùng Honda tiêu chuẩn,385.000 ₫,1
61000K1NV10ZA,Bộ chắn bùn trước *NHB35*,HONDA,Phụ tùng Honda tiêu chuẩn,385.000 ₫,1
61000K1NV10ZB,Bộ chắn bùn trước *NHB18*,HONDA,Phụ tùng Honda tiêu chuẩn,385.000 ₫,1
61000K1NV10ZC,Bộ chắn bùn trước *NHC46*,HONDA,Phụ tùng Honda tiêu chuẩn,385.000 ₫,1
61000K1NV10ZD,Bộ chắn bùn trước *PB410*,HONDA,Phụ tùng Honda tiêu chuẩn,385.000 ₫,1
61000K1NV10ZE,Bộ chắn bùn trước *R350*,HONDA,Phụ tùng Honda tiêu chuẩn,385.000 ₫,1
61000K1NV10ZF,Bộ chắn bùn trước *NHB25*,HONDA,Phụ tùng Honda tiêu chuẩn,385.000 ₫,1
61000K1NV60ZB,Bộ chắn bùn trước *NHC60*,HONDA,Phụ tùng Honda tiêu chuẩn,402.000 ₫,1
61000K1NV70ZA,Bộ chắn bùn trước *TYPE2*,HONDA,Phụ tùng Honda tiêu chuẩn,402.000 ₫,1
61000K1NVB0ZA,BỘ CHẮN BÙN TRƯỚC *NHC60P*,HONDA,Phụ tùng Honda tiêu chuẩn,393.000 ₫,1
61000K1NVB0ZC,BỘ CHẮN BÙN TRƯỚC *R368C*,HONDA,Phụ tùng Honda tiêu chuẩn,393.000 ₫,1
61000K1NVE0ZA,Bộ mặt nạ trước *NHB18*,HONDA,Phụ tùng Honda tiêu chuẩn,390.000 ₫,1
61000K1NVE0ZC,Bộ Chắn bùn trước NHB25M,HONDA,Phụ tùng Honda tiêu chuẩn,389.000 ₫,1
61000K29900ZC,Bộ chắn bùn trước*R340*,HONDA,Phụ tùng Honda tiêu chuẩn,424.000 ₫,1
61000K29900ZD,Bộ chắn bùn trước*YR320*,HONDA,Phụ tùng Honda tiêu chuẩn,415.000 ₫,1
61000K29900ZE,Bộ chắn bùn trước*NHB25J*,HONDA,Phụ tùng Honda tiêu chuẩn,424.000 ₫,1
61000K29900ZF,Bộ chắn bùn trước*PB390*,HONDA,Phụ tùng Honda tiêu chuẩn,424.000 ₫,1
61000K29910ZD,Bộ chắn bùn trước *NHB25*,HONDA,Phụ tùng Honda tiêu chuẩn,424.000 ₫,1
61000K29910ZE,Bộ chắn bùn trước *R340*,HONDA,Phụ tùng Honda tiêu chuẩn,424.000 ₫,1
61000K29960ZA,Bộ chắn bùn trước *NHB18*,HONDA,Phụ tùng Honda tiêu chuẩn,424.000 ₫,1
61000K29960ZB,Bộ chắn bùn trước *NHB25*,HONDA,Phụ tùng Honda tiêu chuẩn,424.000 ₫,1
61000K29960ZF,Bộ chắn bùn trước *NHB35*,HONDA,Phụ tùng Honda tiêu chuẩn,424.000 ₫,1
61000K29960ZG,Bộ chắn bùn trước *R368*,HONDA,Phụ tùng Honda tiêu chuẩn,424.000 ₫,1
61000K29V80ZB,Bộ chắn bùn trước *Y229P*,HONDA,Phụ tùng Honda tiêu chuẩn,415.000 ₫,1
61000K29V80ZD,Bộ chắn bùn trước *R350*,HONDA,Phụ tùng Honda tiêu chuẩn,347.000 ₫,1
61000K29VC0ZA,Bộ chắn bùn trước *NHB25M*,HONDA,Phụ tùng Honda tiêu chuẩn,424.000 ₫,1
61000K2PV00ZA,BỘ CHẮN BÙN TRƯỚC *NHA76M*,HONDA,Phụ tùng Honda tiêu chuẩn,270.000 ₫,1
61000K2PV70ZA,Bộ chặn bùn trước *NHB18*,HONDA,Phụ tùng Honda tiêu chuẩn,208.000 ₫,1
61000K2PV70ZC,Bộ chặn bùn trước *NHA76*,HONDA,Phụ tùng Honda tiêu chuẩn,208.000 ₫,1
61000K2PV70ZD,Bộ chặn bùn trước *R389*,HONDA,Phụ tùng Honda tiêu chuẩn,208.000 ₫,1
61000K56V50ZA,"Bộ chắn bùn trước *NHA76H, NHA76T*",HONDA,Phụ tùng Honda tiêu chuẩn,253.000 ₫,1
61000K56V50ZD,"Bộ chắn bùn trước *NHA40, R389*",HONDA,Phụ tùng Honda tiêu chuẩn,253.000 ₫,1
61000K56V60ZA,Bộ chắn bùn trước *R340*,HONDA,Phụ tùng Honda tiêu chuẩn,222.000 ₫,1
61000K56V60ZD,Bộ chắn bùn trước *NHA76*,HONDA,Phụ tùng Honda tiêu chuẩn,242.000 ₫,1
61100GGE900ZJ,Chắn bùn trước *YR303M*,HONDA,Phụ tùng Honda tiêu chuẩn,378.000 ₫,1
61100K03N30ZA,Chắn bùn trước Y208M,HONDA,Phụ tùng Honda tiêu chuẩn,275.000 ₫,1
61100K03N30ZB,Chắn bùn trước YR322C,HONDA,Phụ tùng Honda tiêu chuẩn,275.000 ₫,1
61100K03N30ZC,Chắn bùn trước R340C,HONDA,Phụ tùng Honda tiêu chuẩn,264.000 ₫,1
61100K03N30ZD,Chắn bùn trước NHB55P,HONDA,Phụ tùng Honda tiêu chuẩn,264.000 ₫,1
61100K03N30ZE,Chắn bùn trước NHB25M,HONDA,Phụ tùng Honda tiêu chuẩn,264.000 ₫,1
61100K03N30ZH,Chắn bùn trước *NHA76M*,HONDA,Phụ tùng Honda tiêu chuẩn,264.000 ₫,1
61100K03N30ZJ,Chắn bùn trước *B189C*,HONDA,Phụ tùng Honda tiêu chuẩn,264.000 ₫,1
61100K03N30ZL,Chắn bùn trước *NHB83M*,HONDA,Phụ tùng Honda tiêu chuẩn,264.000 ₫,1
61100K03N30ZN,Chắn bùn trước *PB420M*,HONDA,Phụ tùng Honda tiêu chuẩn,264.000 ₫,1
61100K07900ZF,Chắn bùn A trước *NH-B35P*,HONDA,Phụ tùng Honda tiêu chuẩn,359.000 ₫,1
61100K07900ZG,Chắn bùn A trước *NH-A69P*,HONDA,Phụ tùng Honda tiêu chuẩn,352.000 ₫,1
61100K07900ZL,Chắn bùn A trước *NHB25M*,HONDA,Phụ tùng Honda tiêu chuẩn,352.000 ₫,1
61100K12900ZF,CHẮN BÙN TRƯỚC *PB-390M*,HONDA,Phụ tùng Honda tiêu chuẩn,327.000 ₫,1
61100K27V00ZD,Chắn bùn trước *R340C*,HONDA,Phụ tùng Honda tiêu chuẩn,304.000 ₫,1
61100K2CV00ZB,Chắn bùn trước *NHB25M*,HONDA,Phụ tùng Honda tiêu chuẩn,444.000 ₫,1
61100K2CV00ZC,Chắn bùn trước *NHB35P*,HONDA,Phụ tùng Honda tiêu chuẩn,444.000 ₫,2
61100K2CV00ZL,CHẮN BÙN TRƯỚC *R368C*,HONDA,Phụ tùng Honda tiêu chuẩn,321.000 ₫,1
61100K2CV30ZG,Chắn bùn trước *NHC60P*,HONDA,Phụ tùng Honda tiêu chuẩn,321.000 ₫,2
61100K35V00ZB,Chắn bùn trước*R350C*,HONDA,Phụ tùng Honda tiêu chuẩn,281.000 ₫,1
61100K56V00ZA,Chắn bùn A trước *R340C*,HONDA,Phụ tùng Honda tiêu chuẩn,239.000 ₫,1
61100K56V00ZB,Chắn bùn A trước *PB406M*,HONDA,Phụ tùng Honda tiêu chuẩn,233.000 ₫,1
61100K56V00ZC,Chắn bùn A trước *NHB35P*,HONDA,Phụ tùng Honda tiêu chuẩn,239.000 ₫,1
61100K56V00ZE,Chắn bùn A trước *YR322*,HONDA,Phụ tùng Honda tiêu chuẩn,233.000 ₫,1
61100K56V00ZF,Chắn bùn A trước *NHB25M*,HONDA,Phụ tùng Honda tiêu chuẩn,239.000 ₫,2
61100K56V00ZG,Chắn bùn trước *Y106*,HONDA,Phụ tùng Honda tiêu chuẩn,233.000 ₫,1
61100K56V00ZH,Chắn bùn trước *B189C*,HONDA,Phụ tùng Honda tiêu chuẩn,239.000 ₫,1
61100K56V50ZF,Bộ chắn bùn A trước *R389*,HONDA,Phụ tùng Honda tiêu chuẩn,205.000 ₫,1
61100K56V50ZP,Chắn bùn trước *NH1*,HONDA,Phụ tùng Honda tiêu chuẩn,207.000 ₫,1
61100K57V00ZA,Chắn bùn A trước R340C,HONDA,Phụ tùng Honda tiêu chuẩn,188.000 ₫,1
61100K57V00ZB,Chắn bùn A trước NHB55P,HONDA,Phụ tùng Honda tiêu chuẩn,188.000 ₫,1
61100K57V00ZC,Chắn bùn A trước NHB25M,HONDA,Phụ tùng Honda tiêu chuẩn,188.000 ₫,1
61100K57V00ZF,Chắn bùn trước *B189C*,HONDA,Phụ tùng Honda tiêu chuẩn,188.000 ₫,1
61100K59A70ZH,CHẮN BÙN TRƯỚC *NH436M*,HONDA,Phụ tùng Honda tiêu chuẩn,504.000 ₫,1
61100KFL850ZK,Chắn bùn trước *PB305P*,HONDA,Phụ tùng Honda tiêu chuẩn,308.000 ₫,1
61100KFL850ZR,Chắn bùn trước *PB171MU*,HONDA,Phụ tùng Honda tiêu chuẩn,302.000 ₫,1
61100KFL850ZX,Chắn bùn trước *Y106*,HONDA,Phụ tùng Honda tiêu chuẩn,302.000 ₫,1
61100KFL890ZD,Chắn bùn trước *PB171MU*,HONDA,Phụ tùng Honda tiêu chuẩn,302.000 ₫,1
61100KFL890ZE,Chắn bùn trước *R263*,HONDA,Phụ tùng Honda tiêu chuẩn,302.000 ₫,1
61100KPH900YE,Chắn bùn A trước *R161P*,HONDA,Phụ tùng Honda tiêu chuẩn,433.000 ₫,1
61100KTL640YA,Chắn bùn A trước *R313C*,HONDA,Phụ tùng Honda tiêu chuẩn,225.000 ₫,1
61100KTL640YL,Chắn bùn A trước *B203M*,HONDA,Phụ tùng Honda tiêu chuẩn,205.000 ₫,1
61100KTL640YP,Chắn bùn A trước*NH262M*,HONDA,Phụ tùng Honda tiêu chuẩn,205.000 ₫,1
61100KTL640YQ,Chắn bùn A trước*NHB55P*,HONDA,Phụ tùng Honda tiêu chuẩn,205.000 ₫,1
61100KTL640YR,Chắn bùn A trước*NHB25M*,HONDA,Phụ tùng Honda tiêu chuẩn,205.000 ₫,1
61100KTL640YT,Chắn bùn trước *YR322C*,HONDA,Phụ tùng Honda tiêu chuẩn,205.000 ₫,1
61100KTL640ZA,Chắn bùn A trước *BG132M*,HONDA,Phụ tùng Honda tiêu chuẩn,225.000 ₫,1
61100KTL640ZC,Chắn bùn A trước *R263*,HONDA,Phụ tùng Honda tiêu chuẩn,205.000 ₫,1
61100KTL640ZG,Chắn bùn A trước *NHA69P*,HONDA,Phụ tùng Honda tiêu chuẩn,205.000 ₫,1
61100KTL640ZS,Chắn bùn A trước *PB373M*,HONDA,Phụ tùng Honda tiêu chuẩn,225.000 ₫,1
61100KTM970ZB,Chắn bùn A trước *NH411M*,HONDA,Phụ tùng Honda tiêu chuẩn,319.000 ₫,1
61100KTM970ZF,Chắn bùn A trước *NHA69P*,HONDA,Phụ tùng Honda tiêu chuẩn,319.000 ₫,1
61100KTM970ZN,Chắn bùn A trước *NHA96P*,HONDA,Phụ tùng Honda tiêu chuẩn,319.000 ₫,1
61100KVG900ZT,Chắn bùn trước *R313C*,HONDA,Phụ tùng Honda tiêu chuẩn,242.000 ₫,1
61100KVGV40ZD,Chắn bùn trước *NHB35P*,HONDA,Phụ tùng Honda tiêu chuẩn,268.000 ₫,1
61100KVLN00ZP,Chắn bùn A trước *R340C*,HONDA,Phụ tùng Honda tiêu chuẩn,321.000 ₫,1
61100KVLN00ZR,Chắn bùn A trước *NHA62M*,HONDA,Phụ tùng Honda tiêu chuẩn,321.000 ₫,1
61100KVV900ZC,Chắn bùn trước *R150CU*,HONDA,Phụ tùng Honda tiêu chuẩn,319.000 ₫,1
61100KWN900ZC,Chắn bùn trước *R340C*,HONDA,Phụ tùng Honda tiêu chuẩn,610.000 ₫,1
61100KWN900ZN,Chắn bùn trước*YR-303M*,HONDA,Phụ tùng Honda tiêu chuẩn,413.000 ₫,1
61100KWW640A3,"Chắn bùn A, trước *PB421M*",HONDA,Phụ tùng Honda tiêu chuẩn,230.000 ₫,1
61100KWW640A9,Chắn bùn A trước*R389*,HONDA,Phụ tùng Honda tiêu chuẩn,222.000 ₫,1
61100KWW640B2,Chắn bùn A trước*NHA76*,HONDA,Phụ tùng Honda tiêu chuẩn,225.000 ₫,1
61100KWW640B6,Bộ mặt nạ trước *RP173M*,HONDA,Phụ tùng Honda tiêu chuẩn,233.000 ₫,1
61100KWW640B7,Chắn bùn A trước *NHC26M*,HONDA,Phụ tùng Honda tiêu chuẩn,225.000 ₫,1
61100KWW640YB,Chắn bùn A trước *B203*,HONDA,Phụ tùng Honda tiêu chuẩn,250.000 ₫,2
61100KWW640YH,Chắn bùn A trước*NHB25M*,HONDA,Phụ tùng Honda tiêu chuẩn,250.000 ₫,1
61100KWW640YN,Chắn bùn trước *NHB55P*,HONDA,Phụ tùng Honda tiêu chuẩn,230.000 ₫,1
61100KWW640YP,Chắn bùn trước *GY150P*,HONDA,Phụ tùng Honda tiêu chuẩn,250.000 ₫,1
61100KWW640ZF,Chắn bùn A trước *R340C*,HONDA,Phụ tùng Honda tiêu chuẩn,273.000 ₫,1
61100KWW640ZU,Chắn bùn A trước *R263*,HONDA,Phụ tùng Honda tiêu chuẩn,250.000 ₫,1
61100KWW640ZX,Chắn bùn A trước *NHB35*,HONDA,Phụ tùng Honda tiêu chuẩn,273.000 ₫,1
61100KWWA00YD,Chắn bùn A trước *NHB25M*,HONDA,Phụ tùng Honda tiêu chuẩn,272.000 ₫,1
61100KWWA00ZF,Chắn bùn A trước *R340C*,HONDA,Phụ tùng Honda tiêu chuẩn,278.000 ₫,1
61100KWWA00ZL,Chắn bùn A trước *B206M*,HONDA,Phụ tùng Honda tiêu chuẩn,275.000 ₫,1
61100KWWA00ZM,Chắn bùn A trước *R263*,HONDA,Phụ tùng Honda tiêu chuẩn,281.000 ₫,1
61100KWWA00ZP,Chắn bùn A trước *NHA69P*,HONDA,Phụ tùng Honda tiêu chuẩn,275.000 ₫,1
61100KWWA00ZS,Chắn bùn A trước *R313C*,HONDA,Phụ tùng Honda tiêu chuẩn,281.000 ₫,1
61100KYZ900YA,Chắn bùn trước *YR303M*,HONDA,Phụ tùng Honda tiêu chuẩn,276.000 ₫,1
61100KYZ900YB,Chắn bùn trước *PB389M*,HONDA,Phụ tùng Honda tiêu chuẩn,242.000 ₫,1
61100KYZ900YC,Chắn bùn trước *NHA76M*,HONDA,Phụ tùng Honda tiêu chuẩn,242.000 ₫,1
61100KYZ900YE,Chắn bùn trước A *NHB55P*,HONDA,Phụ tùng Honda tiêu chuẩn,276.000 ₫,1
61100KYZ900YF,Chắn bùn trước *NH193P*,HONDA,Phụ tùng Honda tiêu chuẩn,242.000 ₫,1
61100KYZ900YH,Chắn bùn A *NHC34*,HONDA,Phụ tùng Honda tiêu chuẩn,147.000 ₫,1
61100KYZ900YJ,CHẮN BÙN A TRƯỚC *R368C*,HONDA,Phụ tùng Honda tiêu chuẩn,236.000 ₫,1
61100KYZ900YK,CHẮN BÙN A TRƯỚC *PB421M*,HONDA,Phụ tùng Honda tiêu chuẩn,147.000 ₫,1
61100KYZ900ZD,Chắn bùn trước *NHB12M*,HONDA,Phụ tùng Honda tiêu chuẩn,282.000 ₫,1
61100KYZ900ZL,Chắn bùn trước *Y208M*,HONDA,Phụ tùng Honda tiêu chuẩn,282.000 ₫,1
61100KYZ900ZM,Chắn bùn trước *NHB24M*,HONDA,Phụ tùng Honda tiêu chuẩn,250.000 ₫,1
61100KYZ900ZN,Chắn bùn trước *NHA62M*,HONDA,Phụ tùng Honda tiêu chuẩn,276.000 ₫,1
61100KYZ900ZU,Chắn bùn trước *R350C*,HONDA,Phụ tùng Honda tiêu chuẩn,242.000 ₫,2
61100KYZ900ZW,Chắn bùn trước *NHB25M*,HONDA,Phụ tùng Honda tiêu chuẩn,276.000 ₫,1
61100KZL930YG,Chắn bùn trước *NHB35P*,HONDA,Phụ tùng Honda tiêu chuẩn,358.000 ₫,1
61100KZL930YH,Chắn bùn trước *NHA69P*,HONDA,Phụ tùng Honda tiêu chuẩn,358.000 ₫,2
61100KZL930YJ,Chắn bùn trước *B206M*,HONDA,Phụ tùng Honda tiêu chuẩn,358.000 ₫,1
61100KZVV30ZA,Chắn bùn trước*R150CU*,HONDA,Phụ tùng Honda tiêu chuẩn,264.000 ₫,1
61110GGE900ZF,Bộ chắn bùn trước *YR299P*,HONDA,Phụ tùng Honda tiêu chuẩn,379.000 ₫,1
61110K1FV00ZA,Bộ chắn bùn trước *NHC34*,HONDA,Phụ tùng Honda tiêu chuẩn,239.000 ₫,1
61110K1FV00ZB,Bộ chắn bùn trước *NHB25*,HONDA,Phụ tùng Honda tiêu chuẩn,239.000 ₫,1
61110K1FV00ZC,Bộ chắn bùn trước *NHC04*,HONDA,Phụ tùng Honda tiêu chuẩn,239.000 ₫,1
61110K1FV00ZE,Bộ chắn bùn trước *PB421*,HONDA,Phụ tùng Honda tiêu chuẩn,239.000 ₫,1
61110K1GV00ZB,Bộ chắn bùn trước *NHA76*,HONDA,Phụ tùng Honda tiêu chuẩn,239.000 ₫,1
61110K1GV00ZC,Bộ chắn bùn trước *NHB25*,HONDA,Phụ tùng Honda tiêu chuẩn,239.000 ₫,1
61110K1WV10ZC,Bộ chắn bùn trước *NHC60*,HONDA,Phụ tùng Honda tiêu chuẩn,1.291.000 ₫,1
61110K1WV10ZD,BỘ CHẮN BÙN TRƯỚC *R368*,HONDA,Phụ tùng Honda tiêu chuẩn,1.291.000 ₫,1
61110K27V00ZB,Bộ chắn bùn trước *Y208*,HONDA,Phụ tùng Honda tiêu chuẩn,339.000 ₫,1
61110K27V00ZC,"Bộ chắn bùn FR *R340B,R340X*",HONDA,Phụ tùng Honda tiêu chuẩn,347.000 ₫,3
61110K27V00ZF,Bộ chắn bùn trước NHA62M,HONDA,Phụ tùng Honda tiêu chuẩn,347.000 ₫,1
61110K27V50ZD,Bộ chắn bùn trước*NHA62*,HONDA,Phụ tùng Honda tiêu chuẩn,347.000 ₫,1
61110K27V50ZE,Bộ chắn bùn trước*NHB25*,HONDA,Phụ tùng Honda tiêu chuẩn,347.000 ₫,1
61110K27V50ZF,Bộ chắn bùn trước*R340*,HONDA,Phụ tùng Honda tiêu chuẩn,347.000 ₫,1
61110K2CV00ZD,Bộ chắn bùn trước *NHB35P*,HONDA,Phụ tùng Honda tiêu chuẩn,265.000 ₫,1
61110K2CV00ZF,Bộ chắn bùn trước *NHA76M*,HONDA,Phụ tùng Honda tiêu chuẩn,265.000 ₫,1
61110K2CV00ZG,Bộ chắn bùn trước *PB426P*,HONDA,Phụ tùng Honda tiêu chuẩn,265.000 ₫,1
61110K2CV00ZH,Bộ chắn bùn trước *PB425M*,HONDA,Phụ tùng Honda tiêu chuẩn,265.000 ₫,1
61110K2CV30ZA,Bộ chắn bùn trước *NHC34M*,HONDA,Phụ tùng Honda tiêu chuẩn,322.000 ₫,1
61110K2CV30ZB,Bộ chắn bùn trước *NHA76M*,HONDA,Phụ tùng Honda tiêu chuẩn,322.000 ₫,1
61110K2ZV00ZA,Chắn bùn trước *NHC34*,HONDA,Phụ tùng Honda tiêu chuẩn,233.000 ₫,1
61110K2ZV00ZB,Chắn bùn trước *NHB25*,HONDA,Phụ tùng Honda tiêu chuẩn,233.000 ₫,1
61110K2ZV40ZA,Bộ chắn bùn trước *TYPE4*,HONDA,Phụ tùng Honda tiêu chuẩn,241.000 ₫,1
61110K3AV00ZA,Bộ chắn bùn trước *NHA76*,HONDA,Phụ tùng Honda tiêu chuẩn,239.000 ₫,1
61110K3AV00ZD,Bộ chắn bùn trước *R340*,HONDA,Phụ tùng Honda tiêu chuẩn,239.000 ₫,1
61110K3AV00ZE,Bộ chắn bùn trước *PB421*,HONDA,Phụ tùng Honda tiêu chuẩn,239.000 ₫,1
61110K3AV40ZA,Bộ chắn bùn trước *NHC60P*,HONDA,Phụ tùng Honda tiêu chuẩn,247.000 ₫,1
61110K44V00ZA,Chắn bùn trước *YR320M*,HONDA,Phụ tùng Honda tiêu chuẩn,265.000 ₫,1
61110K44V00ZD,Chắn bùn trước *PB390M*,HONDA,Phụ tùng Honda tiêu chuẩn,265.000 ₫,1
61110K44V00ZE,Chắn bùn trước *NHB35P*,HONDA,Phụ tùng Honda tiêu chuẩn,258.000 ₫,1
61110K44V00ZF,Chắn bùn trước *NHB25M*,HONDA,Phụ tùng Honda tiêu chuẩn,265.000 ₫,1
61110K44V00ZG,Chắn bùn trước *R340C*,HONDA,Phụ tùng Honda tiêu chuẩn,258.000 ₫,2
61110K44V00ZH,Chắn bùn trước *NH411M*,HONDA,Phụ tùng Honda tiêu chuẩn,265.000 ₫,1
61110K44V00ZJ,Chắn bùn trước *NHA76M*,HONDA,Phụ tùng Honda tiêu chuẩn,258.000 ₫,1
61110K44V00ZL,Bộ chắn bùn trước *Y229P*,HONDA,Phụ tùng Honda tiêu chuẩn,258.000 ₫,1
61110K44V00ZN,Bộ chắn bùn trước *NHB55P*,HONDA,Phụ tùng Honda tiêu chuẩn,258.000 ₫,1
61110K44V00ZP,Bộ chắn bùn trước *G209P*,HONDA,Phụ tùng Honda tiêu chuẩn,258.000 ₫,1
61110K44V00ZQ,Bộ chắn bùn trước *PB420M*,HONDA,Phụ tùng Honda tiêu chuẩn,258.000 ₫,2
61110K66V00ZD,Bộ chắn bùn trước *NHB18M*,HONDA,Phụ tùng Honda tiêu chuẩn,252.000 ₫,1
61110K66V00ZE,Bộ chắn bùn trước *NHA76M*,HONDA,Phụ tùng Honda tiêu chuẩn,242.000 ₫,1
61110K66V00ZL,Bộ chắn bùn trước *R340C*,HONDA,Phụ tùng Honda tiêu chuẩn,242.000 ₫,1
61110K66V00ZM,Bộ chắn bùn trước *PB390M*,HONDA,Phụ tùng Honda tiêu chuẩn,252.000 ₫,2
61110K66V00ZN,Bộ chắn bùn trước *NHB35P*,HONDA,Phụ tùng Honda tiêu chuẩn,242.000 ₫,1
61110K66V00ZP,Bộ chắn bùn trước *NHB25M*,HONDA,Phụ tùng Honda tiêu chuẩn,242.000 ₫,1
61110K66V00ZQ,Bộ chắn bùn trước *Y221M*,HONDA,Phụ tùng Honda tiêu chuẩn,252.000 ₫,1
61110K66V00ZS,Bộ chắn bùn trước *NHB83M*,HONDA,Phụ tùng Honda tiêu chuẩn,242.000 ₫,1
61110K66V90ZA,Bộ chắn bùn *NHA76M*,HONDA,Phụ tùng Honda tiêu chuẩn,258.000 ₫,1
61110KVG960ZA,Bộ chắn bùn trước *NHA69P*,HONDA,Phụ tùng Honda tiêu chuẩn,241.000 ₫,1
61110KVG960ZC,Bộ chắn bùn trước *R313C*,HONDA,Phụ tùng Honda tiêu chuẩn,247.000 ₫,1
61110KVG960ZG,Bộ chắn bùn trước *Y209M*,HONDA,Phụ tùng Honda tiêu chuẩn,543.000 ₫,1
61110KVGV40ZC,Bộ chắn bùn trước *R340C*,HONDA,Phụ tùng Honda tiêu chuẩn,270.000 ₫,1
61110KVGV40ZD,Bộ chắn bùn trước *NHB35P*,HONDA,Phụ tùng Honda tiêu chuẩn,270.000 ₫,1
61110KVGV40ZE,Bộ chắn bùn trước *NHB25M*,HONDA,Phụ tùng Honda tiêu chuẩn,270.000 ₫,1
61110KZLE00ZB,Bộ chắn bùn trước *YR303*,HONDA,Phụ tùng Honda tiêu chuẩn,359.000 ₫,1
61110KZLE00ZD,Bộ chắn bùn trước *NHB35*,HONDA,Phụ tùng Honda tiêu chuẩn,359.000 ₫,1
61110KZLE00ZE,Bộ chắn bùn trước *NHA69*,HONDA,Phụ tùng Honda tiêu chuẩn,367.000 ₫,1
61110KZLE00ZF,Bộ chắn bùn trước *B206*,HONDA,Phụ tùng Honda tiêu chuẩn,367.000 ₫,1
61110KZLE00ZG,Bộ chắn bùn trước *R350C*,HONDA,Phụ tùng Honda tiêu chuẩn,359.000 ₫,1
61110KZLE00ZH,Bộ chắn bùn trước *PB390M*,HONDA,Phụ tùng Honda tiêu chuẩn,359.000 ₫,1
61110KZLE00ZJ,Bộ chắn bùn trước *NH411M*,HONDA,Phụ tùng Honda tiêu chuẩn,359.000 ₫,1
61110KZLE00ZK,Bộ chắn bùn trước *NHB25M*,HONDA,Phụ tùng Honda tiêu chuẩn,367.000 ₫,1
61200K01600ZC,Bộ chắn bùn trước*R350*,HONDA,Phụ tùng Honda tiêu chuẩn,464.000 ₫,1
61200K01600ZE,Bộ chắn bùn trước*NHB35*,HONDA,Phụ tùng Honda tiêu chuẩn,475.000 ₫,1
61200K01900ZD,Bộ chắn bùn trước *NHB35*,HONDA,Phụ tùng Honda tiêu chuẩn,464.000 ₫,1
61200K0RV00ZC,Bộ chắn bùn trước *R368*,HONDA,Phụ tùng Honda tiêu chuẩn,399.000 ₫,1
61200K0RV00ZD,Bộ chắn bùn trước *NHB35*,HONDA,Phụ tùng Honda tiêu chuẩn,399.000 ₫,1
61200K0RV00ZE,Bộ chắn bùn trước *NHB25*,HONDA,Phụ tùng Honda tiêu chuẩn,399.000 ₫,1
61200K0RV10ZD,Bộ chắn bùn trước *R368*,HONDA,Phụ tùng Honda tiêu chuẩn,399.000 ₫,1
61200K0RV10ZE,Bộ chắn bùn trước *NHB35*,HONDA,Phụ tùng Honda tiêu chuẩn,399.000 ₫,1
61200K0RV10ZF,Bộ chắn bùn trước *NHB25*,HONDA,Phụ tùng Honda tiêu chuẩn,422.000 ₫,1
61200K0RV20ZA,Bộ chắn bùn trước *R350*,HONDA,Phụ tùng Honda tiêu chuẩn,418.000 ₫,2
61200K0RVA0ZB,BỘ CHẮN BÙN TRƯỚC *NHA76M*,HONDA,Phụ tùng Honda tiêu chuẩn,421.000 ₫,1
61200K12900ZC,Bộ chắn bùn trước *YR-299P*,HONDA,Phụ tùng Honda tiêu chuẩn,332.000 ₫,1
61200K12900ZD,Bộ chắn bùn trước *R-350C*,HONDA,Phụ tùng Honda tiêu chuẩn,332.000 ₫,1
61200K12900ZF,Bộ chắn bùn trước *PB-390M*,HONDA,Phụ tùng Honda tiêu chuẩn,332.000 ₫,1
61200K12900ZG,Bộ chắn bùn trước *NH-B35P*,HONDA,Phụ tùng Honda tiêu chuẩn,332.000 ₫,1
61200K12900ZH,Bộ chắn bùn trước *NH-B25M*,HONDA,Phụ tùng Honda tiêu chuẩn,332.000 ₫,1
61200K12900ZM,Bộ chắn bùn trước *PB403P*,HONDA,Phụ tùng Honda tiêu chuẩn,332.000 ₫,1
61200K12V20ZA,Bộ chắn bùn trước *NHB25M*,HONDA,Phụ tùng Honda tiêu chuẩn,282.000 ₫,1
61200K12V20ZE,Bộ chắn bùn trước *PB403P*,HONDA,Phụ tùng Honda tiêu chuẩn,282.000 ₫,1
61200K12V20ZH,Bộ chắn bùn trước *NHA76M*,HONDA,Phụ tùng Honda tiêu chuẩn,287.000 ₫,1
61200K29900ZB,Chắn bùn bên trong trước phải*,HONDA,Phụ tùng Honda tiêu chuẩn,61.000 ₫,1
61200K29900ZC,Chắn bùn bên trong trước phải *NH1*,HONDA,Phụ tùng Honda tiêu chuẩn,61.000 ₫,1
61200K2TV10ZA,Bộ chắn bùn trước *NHB35*,HONDA,Phụ tùng Honda tiêu chuẩn,264.000 ₫,1
61200K56N10,Chắn bùn B trước,HONDA,Phụ tùng Honda tiêu chuẩn,121.000 ₫,2
61200K77V00ZA,Bộ chắn bùn trước *NHB86*,HONDA,Phụ tùng Honda tiêu chuẩn,450.000 ₫,1
61200K77V00ZD,Bộ chắn bùn trước *R368*,HONDA,Phụ tùng Honda tiêu chuẩn,459.000 ₫,1
61200K77V00ZE,Bộ chắn bùn trước *NHB35P*,HONDA,Phụ tùng Honda tiêu chuẩn,459.000 ₫,1
61200K77V10ZD,Bộ chắn bùn trước *R368*,HONDA,Phụ tùng Honda tiêu chuẩn,459.000 ₫,1
61200K77V10ZE,Bộ chắn bùn trước *NHB35P*,HONDA,Phụ tùng Honda tiêu chuẩn,459.000 ₫,1
61200K78V30ZA,Bộ chắn bùn trước *NHA76M*,HONDA,Phụ tùng Honda tiêu chuẩn,507.000 ₫,1
61200KEV900YE,ốp giảm xóc trước phải *Y106*,HONDA,Phụ tùng Honda tiêu chuẩn,118.000 ₫,1
61200KEV900ZT,ốp giảm xóc trước phải *PB305P,HONDA,Phụ tùng Honda tiêu chuẩn,118.000 ₫,1
61200KEV900ZU,ốp giảm xóc trước phải *R263*,HONDA,Phụ tùng Honda tiêu chuẩn,150.000 ₫,9
61200KFL890ZE,Ốp giảm xóc trước phải *R263*,HONDA,Phụ tùng Honda tiêu chuẩn,104.000 ₫,1
61200KTL640,Chắn bùn B trước,HONDA,Phụ tùng Honda tiêu chuẩn,85.000 ₫,1
61200KTM970,Chắn bùn B trước,HONDA,Phụ tùng Honda tiêu chuẩn,91.000 ₫,1
61200KWW640ZB,Chắn bùn B trước *NH1*,HONDA,Phụ tùng Honda tiêu chuẩn,79.000 ₫,4
61200KWWA00,Chắn bùn B trước,HONDA,Phụ tùng Honda tiêu chuẩn,101.000 ₫,1
61200KYZ900,Chắn bùn B trước,HONDA,Phụ tùng Honda tiêu chuẩn,90.000 ₫,2
61201K1NV00ZB,Chắn bùn trước bên phải trong *NHB25M*,HONDA,Phụ tùng Honda tiêu chuẩn,73.000 ₫,1
61300K29900ZB,Chắn bùn bên trong trước trái*,HONDA,Phụ tùng Honda tiêu chuẩn,61.000 ₫,1
61300K29900ZC,Chắn bùn bên trong trước trái *NH1*,HONDA,Phụ tùng Honda tiêu chuẩn,61.000 ₫,1
61301K1NV00ZC,Chắn bùn trước bên trái trong *NHA76*,HONDA,Phụ tùng Honda tiêu chuẩn,65.000 ₫,1
61311K2PVE0,GIÁ ĐỠ ĐÈN PHA DƯỚI,HONDA,Phụ tùng Honda tiêu chuẩn,99.000 ₫,1
61311K2PVF0,Giá đỡ đèn pha dưới,HONDA,Phụ tùng Honda tiêu chuẩn,113.000 ₫,1
61311K56V60,Giá đỡ đèn pha dưới,HONDA,Phụ tùng Honda tiêu chuẩn,116.000 ₫,1
61332K26900ZD,Bộ ốp ca pô trước trái *NHA87P*,HONDA,Phụ tùng Honda tiêu chuẩn,487.000 ₫,1
61400KEV900YF,ốp giảm xóc trước trái *Y106*,HONDA,Phụ tùng Honda tiêu chuẩn,118.000 ₫,1
61400KEV900ZM,ốp giảm xóc trước trái *R203M*,HONDA,Phụ tùng Honda tiêu chuẩn,153.000 ₫,1
61400KEV900ZT,ốp giảm xóc trước trái *PB305P,HONDA,Phụ tùng Honda tiêu chuẩn,118.000 ₫,1
61400KFL890ZE,Ốp giảm xóc trước trái *R263*,HONDA,Phụ tùng Honda tiêu chuẩn,104.000 ₫,1
64100K03V70ZA,Bộ nắp trên ốp trước *NHA96P*,HONDA,Phụ tùng Honda tiêu chuẩn,191.000 ₫,1
64100K03V70ZC,Bộ nắp trên ốp trước *R340C*,HONDA,Phụ tùng Honda tiêu chuẩn,191.000 ₫,1
64100K03V70ZD,Bộ nắp trên ốp trước *NHA69P*,HONDA,Phụ tùng Honda tiêu chuẩn,191.000 ₫,1
64100KVRV20ZA,Bộ mặt nạ trước *NH1*,HONDA,Phụ tùng Honda tiêu chuẩn,94.000 ₫,1
64100KWWV00ZB,Bộ nắp trên ốp trước *R313C*,HONDA,Phụ tùng Honda tiêu chuẩn,193.000 ₫,1
64110KTM980,Bộ tấm chắn đồng hồ,HONDA,Phụ tùng Honda tiêu chuẩn,261.000 ₫,1
64150K45NL0,Giá đỡ ốp trên trước,HONDA,Phụ tùng Honda tiêu chuẩn,609.000 ₫,1
64200K03M60ZA,Bộ mặt nạ trước *NHB55*,HONDA,Phụ tùng Honda tiêu chuẩn,613.000 ₫,1
64200K03M60ZD,Bộ mặt nạ trước *R340*,HONDA,Phụ tùng Honda tiêu chuẩn,613.000 ₫,1
64200K03M60ZE,Bộ mặt nạ trước *NHB25*,HONDA,Phụ tùng Honda tiêu chuẩn,613.000 ₫,1
64200K03V00ZB,Bộ ốp trước*NHB25*,HONDA,Phụ tùng Honda tiêu chuẩn,670.000 ₫,1
64200K03V10ZC,Bộ ốp trước*R340*,HONDA,Phụ tùng Honda tiêu chuẩn,723.000 ₫,1
64200K03V20ZB,Bộ ốp trước*NHB25*,HONDA,Phụ tùng Honda tiêu chuẩn,746.000 ₫,1
64200K03V70ZC,Bộ ốp trước *R340C*,HONDA,Phụ tùng Honda tiêu chuẩn,498.000 ₫,1
64200K03V70ZD,Bộ ốp trước *NHA69P*,HONDA,Phụ tùng Honda tiêu chuẩn,498.000 ₫,1
64200K07940ZD,Bộ ốp mặt nạ trước *NHB35*,HONDA,Phụ tùng Honda tiêu chuẩn,369.000 ₫,1
64200K07V00ZA,Bộ ốp trước*NHA62*,HONDA,Phụ tùng Honda tiêu chuẩn,419.000 ₫,1
64200K07V00ZF,BỘ ỐP TRƯỚC*NHB25K*,HONDA,Phụ tùng Honda tiêu chuẩn,410.000 ₫,1
64200K2CVM0ZA,BỘ ỐP TRƯỚC *NHC60P*,HONDA,Phụ tùng Honda tiêu chuẩn,347.000 ₫,1
64200K57A00ZB,Bộ ốp trước trên *R340*,HONDA,Phụ tùng Honda tiêu chuẩn,122.000 ₫,1
64200K57A30ZA,Bộ mặt nạ trước *B189C*,HONDA,Phụ tùng Honda tiêu chuẩn,122.000 ₫,1
64200K57A30ZB,Bộ mặt nạ trước *NHB55P*,HONDA,Phụ tùng Honda tiêu chuẩn,122.000 ₫,1
64200K57A30ZD,Bộ mặt nạ trước *NHB25M*,HONDA,Phụ tùng Honda tiêu chuẩn,122.000 ₫,1
64200K57A70ZE,Bộ ốp trước trên *B189C*,HONDA,Phụ tùng Honda tiêu chuẩn,119.000 ₫,1
64200K57A70ZF,Bộ ốp trước trên *R340C*,HONDA,Phụ tùng Honda tiêu chuẩn,119.000 ₫,1
64200K57AB0ZC,Bộ ốp trước trên *R340*,HONDA,Phụ tùng Honda tiêu chuẩn,114.000 ₫,1
64200K57AF0ZB,BỘ MẶT NẠ TRƯỚC *PB421M*,HONDA,Phụ tùng Honda tiêu chuẩn,121.000 ₫,1
64200K57V10ZH,Bộ ốp ống yếm bên trái *NHB55P*,HONDA,Phụ tùng Honda tiêu chuẩn,124.000 ₫,1
64200K73V00ZB,Bộ ốp yếm phải *NHA62M*,HONDA,Phụ tùng Honda tiêu chuẩn,472.000 ₫,1
64200K73V00ZC,Bộ ốp yếm phải *R340C*,HONDA,Phụ tùng Honda tiêu chuẩn,472.000 ₫,1
64200K73V00ZD,Bộ ốp yếm phải *NHB25K*,HONDA,Phụ tùng Honda tiêu chuẩn,472.000 ₫,1
64200K73V00ZE,Bộ ốp yếm phải *YR303M*,HONDA,Phụ tùng Honda tiêu chuẩn,472.000 ₫,1
64200K73V00ZF,Bộ ốp yếm phải *NHB25E*,HONDA,Phụ tùng Honda tiêu chuẩn,472.000 ₫,1
64200K73V40ZD,Bộ ốp yếm phải *NHA62M*,HONDA,Phụ tùng Honda tiêu chuẩn,419.000 ₫,1
64200K73V40ZE,Bộ ốp yếm phải *R340C*,HONDA,Phụ tùng Honda tiêu chuẩn,419.000 ₫,1
64200K73V40ZF,Bộ ốp yếm phải *NHB25M*,HONDA,Phụ tùng Honda tiêu chuẩn,419.000 ₫,1
64200K73V50ZA,Bộ ốp yếm phải *YR303M*,HONDA,Phụ tùng Honda tiêu chuẩn,381.000 ₫,1
64200K73V50ZB,Bộ ốp yếm phải *PB389M*,HONDA,Phụ tùng Honda tiêu chuẩn,381.000 ₫,1
64200K73V50ZC,Bộ ốp yếm phải *R350C*,HONDA,Phụ tùng Honda tiêu chuẩn,381.000 ₫,1
64200K73V50ZD,Bộ ốp yếm phải *NHA76M*,HONDA,Phụ tùng Honda tiêu chuẩn,381.000 ₫,1
64200K73V60ZB,Bộ ốp ống yếm phải *NHB25M*,HONDA,Phụ tùng Honda tiêu chuẩn,410.000 ₫,1
64200K73V70ZD,Bộ ốp ống yếm phải *R350C*,HONDA,Phụ tùng Honda tiêu chuẩn,381.000 ₫,1
64200K73V80ZF,Bộ ốp yếm phải *R350*,HONDA,Phụ tùng Honda tiêu chuẩn,338.000 ₫,1
64200K73V80ZL,Bộ ốp yếm phải *PB389*,HONDA,Phụ tùng Honda tiêu chuẩn,338.000 ₫,1
64200K73V80ZM,Bộ ốp yếm phải,HONDA,Phụ tùng Honda tiêu chuẩn,338.000 ₫,1
64200K73VA0ZB,Bộ ốp yếm phải *NHA76*,HONDA,Phụ tùng Honda tiêu chuẩn,292.000 ₫,1
64200K73VA0ZC,Bộ ốp yếm phải *NH193*,HONDA,Phụ tùng Honda tiêu chuẩn,285.000 ₫,1
64200K73VA0ZE,Bộ ốp yếm phải *PB389*,HONDA,Phụ tùng Honda tiêu chuẩn,292.000 ₫,1
64200K73VE0ZA,Bộ ốp yếm phải *NHC34M*,HONDA,Phụ tùng Honda tiêu chuẩn,292.000 ₫,1
64200K73VE0ZC,Bộ ốp yếm phải *NHB55P*,HONDA,Phụ tùng Honda tiêu chuẩn,285.000 ₫,2
64200K73VE0ZD,Bộ ốp yếm phải *PB421M*,HONDA,Phụ tùng Honda tiêu chuẩn,285.000 ₫,1
64200K73VE0ZE,BỘ ỐP YẾM PHẢI *R368C*,HONDA,Phụ tùng Honda tiêu chuẩn,285.000 ₫,1
64200K89V00ZA,Bộ ốp yếm phải *NH411M*,HONDA,Phụ tùng Honda tiêu chuẩn,181.000 ₫,2
64200K89V90ZA,Bộ ốp yếm phải *NH1*,HONDA,Phụ tùng Honda tiêu chuẩn,178.000 ₫,1
64200K89VB0ZB,Bộ ốp ống yếm phải *NHB55P*,HONDA,Phụ tùng Honda tiêu chuẩn,181.000 ₫,1
64200K89VD0ZA,Bộ ốp ống yếm phải *NHC60P*,HONDA,Phụ tùng Honda tiêu chuẩn,181.000 ₫,1
64200K90V00ZD,Bộ ốp trước *R340C*,HONDA,Phụ tùng Honda tiêu chuẩn,615.000 ₫,1
64200K90V00ZE,Bộ ốp trước *B189*,HONDA,Phụ tùng Honda tiêu chuẩn,615.000 ₫,1
64200K90V60ZA,Bộ ốp trước *NHA76*,HONDA,Phụ tùng Honda tiêu chuẩn,612.000 ₫,1
64200K90V60ZB,Bộ ốp trước *NHB25*,HONDA,Phụ tùng Honda tiêu chuẩn,612.000 ₫,1
64200K90VB0ZD,Bộ ốp trước *B189C*,HONDA,Phụ tùng Honda tiêu chuẩn,615.000 ₫,1
64200K90VC0ZB,Bộ ốp trước *NHB83*,HONDA,Phụ tùng Honda tiêu chuẩn,603.000 ₫,1
64200K90VC0ZF,Bộ ốp trước *NHB83*,HONDA,Phụ tùng Honda tiêu chuẩn,615.000 ₫,1
64200K90VC0ZH,Bộ ốp trước *R340*,HONDA,Phụ tùng Honda tiêu chuẩn,615.000 ₫,1
64200K90VC0ZJ,Bộ ốp trước *B189*,HONDA,Phụ tùng Honda tiêu chuẩn,603.000 ₫,1
64200K90VG0ZB,Bộ ốp trước *NHA76*,HONDA,Phụ tùng Honda tiêu chuẩn,544.000 ₫,1
64200K90VG0ZC,Bộ ốp trước *NHA76*,HONDA,Phụ tùng Honda tiêu chuẩn,544.000 ₫,1
64200K90VG0ZE,Bộ ốp trước *NHB83*,HONDA,Phụ tùng Honda tiêu chuẩn,544.000 ₫,1
64200K90VG0ZG,Bộ ốp trước *R340*,HONDA,Phụ tùng Honda tiêu chuẩn,544.000 ₫,1
64200K90VG0ZH,BỘ ỐP TRƯỚC *B189*,HONDA,Phụ tùng Honda tiêu chuẩn,544.000 ₫,1
64200K90VK0ZB,Bộ ốp trước *NHA76M*,HONDA,Phụ tùng Honda tiêu chuẩn,526.000 ₫,1
64200K90VK0ZD,Bộ ốp trước *NHA76*,HONDA,Phụ tùng Honda tiêu chuẩn,526.000 ₫,1
64200K90VK0ZF,Bộ ốp trước *B389*,HONDA,Phụ tùng Honda tiêu chuẩn,526.000 ₫,2
64200KRS860ZA,Bộ ốp yếm phải*B142P* xanhlụ,HONDA,Phụ tùng Honda tiêu chuẩn,221.000 ₫,1
64200KRS900ZC,Bộ ốp yếm phải *PB305P*,HONDA,Phụ tùng Honda tiêu chuẩn,221.000 ₫,1
64200KRS900ZD,Bộ ốp yếm phải *R203M* đỏ,HONDA,Phụ tùng Honda tiêu chuẩn,221.000 ₫,1
64200KTL640ZA,Bộ ốp yếm phải *NH411M*,HONDA,Phụ tùng Honda tiêu chuẩn,178.000 ₫,1
64200KTL670ZL,Bộ ốp yếm phải*PB373M*,HONDA,Phụ tùng Honda tiêu chuẩn,298.000 ₫,1
64200KTL680ZA,Bộ ốp yếm phải *NH1*,HONDA,Phụ tùng Honda tiêu chuẩn,193.000 ₫,1
64200KTL780ZB,Bộ ốp yếm phải *R263*,HONDA,Phụ tùng Honda tiêu chuẩn,261.000 ₫,1
64200KTL790ZB,Bộ ốp yếm phải *Y106*,HONDA,Phụ tùng Honda tiêu chuẩn,261.000 ₫,1
64200KVLV30ZE,Bộ ốp ống yếm phải *NHA69P*,HONDA,Phụ tùng Honda tiêu chuẩn,436.000 ₫,1
64200KVR970ZA,Bộ ốp yếm phải *NHA62M*,HONDA,Phụ tùng Honda tiêu chuẩn,195.000 ₫,1
64200KVRV60ZD,Bộ ốp yếm phải *B206M*,HONDA,Phụ tùng Honda tiêu chuẩn,298.000 ₫,1
64200KWWB10ZE,Bộ ốp trước *R263*,HONDA,Phụ tùng Honda tiêu chuẩn,576.000 ₫,1
64200KWWB20ZA,Bộ ốp trước *R313C*,HONDA,Phụ tùng Honda tiêu chuẩn,576.000 ₫,1
64200KWWC60ZD,Bộ ốp trước *R263*,HONDA,Phụ tùng Honda tiêu chuẩn,572.000 ₫,1
64200KWWC80ZC,Bộ ốp trước *NHA69P*,HONDA,Phụ tùng Honda tiêu chuẩn,550.000 ₫,1
64200KWWE00ZA,Bộ ốp trước *B203*,HONDA,Phụ tùng Honda tiêu chuẩn,888.000 ₫,1
64200KWWE20ZC,Bộ ốp trước *PB373*,HONDA,Phụ tùng Honda tiêu chuẩn,732.000 ₫,1
64200KWWE20ZE,Bộ ốp trước *R340*,HONDA,Phụ tùng Honda tiêu chuẩn,717.000 ₫,1
64200KWWM00ZA,Bộ ốp trước *R340B*,HONDA,Phụ tùng Honda tiêu chuẩn,869.000 ₫,1
64200KWWV01ZD,Bộ ốp trước *NHA96P*,HONDA,Phụ tùng Honda tiêu chuẩn,513.000 ₫,1
64200KWYA00ZA,Bộ ốp yếm phải *NH411M*,HONDA,Phụ tùng Honda tiêu chuẩn,235.000 ₫,1
64200KYL840ZA,Bộ ốp yếm phải *NHA62M*,HONDA,Phụ tùng Honda tiêu chuẩn,430.000 ₫,1
64200KYZG00ZA,Bộ ốp yếm phải *NHA62M*,HONDA,Phụ tùng Honda tiêu chuẩn,464.000 ₫,1
64200KYZG00ZB,Bộ ốp yếm phải *R340C*,HONDA,Phụ tùng Honda tiêu chuẩn,475.000 ₫,1
64200KYZG00ZE,Bộ ốp yếm phải *NHB25*,HONDA,Phụ tùng Honda tiêu chuẩn,472.000 ₫,1
64200KYZV20ZA,Bộ ốp yếm phải *PB373*,HONDA,Phụ tùng Honda tiêu chuẩn,499.000 ₫,1
64200KYZV20ZC,Bộ ốp yếm phải *NHB35P*,HONDA,Phụ tùng Honda tiêu chuẩn,499.000 ₫,1
64200KYZV20ZE,Bộ ốp yếm phải *NHB25*,HONDA,Phụ tùng Honda tiêu chuẩn,499.000 ₫,1
64200KYZV20ZF,Bộ ốp yếm phải *R340*,HONDA,Phụ tùng Honda tiêu chuẩn,499.000 ₫,1
64200KYZV60ZA,BỘ ỐP YẾM PHẢI *NHA62*,HONDA,Phụ tùng Honda tiêu chuẩn,493.000 ₫,1
64200KYZV60ZC,Bộ ốp yếm phải *NHB25K*,HONDA,Phụ tùng Honda tiêu chuẩn,504.000 ₫,1
64200KYZV70ZB,Bộ ốp yếm phải *R340C*,HONDA,Phụ tùng Honda tiêu chuẩn,493.000 ₫,1
64200KYZV70ZD,Bộ ốp yếm phải *YR303*,HONDA,Phụ tùng Honda tiêu chuẩn,493.000 ₫,1
64220K03N30,Giá bắt ốp trước,HONDA,Phụ tùng Honda tiêu chuẩn,37.000 ₫,1
64221K73V80,Giá bắt hộp lọc gió,HONDA,Phụ tùng Honda tiêu chuẩn,128.000 ₫,2
64221K89V00,Giá bắt mặt nạ trước,HONDA,Phụ tùng Honda tiêu chuẩn,51.000 ₫,1
64221KYZ900,GIÁ BẮT HỘP LỌC GIÓ,HONDA,Phụ tùng Honda tiêu chuẩn,142.000 ₫,1
64223K1NV00,Giá bắt mặt nạ trước,HONDA,Phụ tùng Honda tiêu chuẩn,76.000 ₫,1
64250K1FV10ZA,Bộ ốp sàn bên phải *NH1*,HONDA,Phụ tùng Honda tiêu chuẩn,134.000 ₫,1
64250K73V00ZA,Bộ ốp yếm trái *PB389*,HONDA,Phụ tùng Honda tiêu chuẩn,472.000 ₫,1
64250K73V00ZB,Bộ ốp yếm trái *NHA62M*,HONDA,Phụ tùng Honda tiêu chuẩn,472.000 ₫,1
64250K73V00ZC,Bộ ốp yếm trái *R340C*,HONDA,Phụ tùng Honda tiêu chuẩn,472.000 ₫,1
64250K73V00ZD,Bộ ốp yếm trái *NHB25K*,HONDA,Phụ tùng Honda tiêu chuẩn,472.000 ₫,1
64250K73V00ZF,Bộ ốp yếm trái *NHB25E*,HONDA,Phụ tùng Honda tiêu chuẩn,472.000 ₫,1
64250K73V40ZF,Bộ ốp yếm trái *NHB25M*,HONDA,Phụ tùng Honda tiêu chuẩn,419.000 ₫,1
64250K73V50ZA,Bộ ốp yếm trái *YR303M*,HONDA,Phụ tùng Honda tiêu chuẩn,381.000 ₫,1
64250K73V50ZB,Bộ ốp yếm trái *PB389M*,HONDA,Phụ tùng Honda tiêu chuẩn,381.000 ₫,1
64250K73V50ZC,Bộ ốp yếm trái *R350C*,HONDA,Phụ tùng Honda tiêu chuẩn,381.000 ₫,1
64250K73V50ZD,Bộ ốp yếm trái *NHA76M*,HONDA,Phụ tùng Honda tiêu chuẩn,381.000 ₫,1
64250K73V60ZA,Bộ ốp ống yếm trái *R340C*,HONDA,Phụ tùng Honda tiêu chuẩn,410.000 ₫,1
64250K73V60ZB,Bộ ốp ống yếm trái *NHB25M*,HONDA,Phụ tùng Honda tiêu chuẩn,410.000 ₫,1
64250K73V70ZC,Bộ ốp ống yếm trái *PB389M*,HONDA,Phụ tùng Honda tiêu chuẩn,381.000 ₫,1
64250K73V70ZD,Bộ ốp ống yếm trái *R350C*,HONDA,Phụ tùng Honda tiêu chuẩn,381.000 ₫,1
64250K73V80ZF,Bộ ốp yếm trái *R350*,HONDA,Phụ tùng Honda tiêu chuẩn,338.000 ₫,1
64250K73V80ZK,Bộ ốp yếm trái,HONDA,Phụ tùng Honda tiêu chuẩn,338.000 ₫,1
64250K73V80ZL,Bộ ốp yếm trái,HONDA,Phụ tùng Honda tiêu chuẩn,338.000 ₫,1
64250K73VA0ZA,Bộ ốp yếm trái *NHC34*,HONDA,Phụ tùng Honda tiêu chuẩn,292.000 ₫,1
64250K73VA0ZB,Bộ ốp yếm trái *NHA76*,HONDA,Phụ tùng Honda tiêu chuẩn,292.000 ₫,1
64250K73VA0ZC,Bộ ốp yếm trái *NH193*,HONDA,Phụ tùng Honda tiêu chuẩn,285.000 ₫,2
64250K73VA0ZD,Bộ ốp yếm trái *R350*,HONDA,Phụ tùng Honda tiêu chuẩn,292.000 ₫,1
64250K73VE0ZA,Bộ ốp yếm trái *NHC34M*,HONDA,Phụ tùng Honda tiêu chuẩn,292.000 ₫,1
64250K73VE0ZC,Bộ ốp yếm trái *NHB55P*,HONDA,Phụ tùng Honda tiêu chuẩn,285.000 ₫,2
64250K73VE0ZD,BỘ ỐP YẾM TRÁI *PB421M*,HONDA,Phụ tùng Honda tiêu chuẩn,285.000 ₫,1
64250K73VE0ZE,BỘ ỐP YẾM TRÁI *R368C*,HONDA,Phụ tùng Honda tiêu chuẩn,285.000 ₫,1
64250K73VH0ZA,BỘ ỐP YẾM TRÁI *TYPE6*,HONDA,Phụ tùng Honda tiêu chuẩn,292.000 ₫,1
64250K89V00ZA,Bộ ốp yếm trái *NH411M*,HONDA,Phụ tùng Honda tiêu chuẩn,185.000 ₫,2
64250K89V90ZA,Bộ ốp ống yếm trái *NH1*,HONDA,Phụ tùng Honda tiêu chuẩn,178.000 ₫,1
64250K89VD0ZA,Bộ ốp ống yếm trái *NHC60P*,HONDA,Phụ tùng Honda tiêu chuẩn,185.000 ₫,1
64250KRS860ZA,Bộ ốp yếm trái *B142P*,HONDA,Phụ tùng Honda tiêu chuẩn,222.000 ₫,1
64250KRS900ZC,Bộ ốp yếm trái *PB305P*,HONDA,Phụ tùng Honda tiêu chuẩn,222.000 ₫,1
64250KRS900ZD,Bộ ốp yếm trái *R203M*,HONDA,Phụ tùng Honda tiêu chuẩn,222.000 ₫,1
64250KTL640ZA,Bộ ốp yếm trái *NH411M*,HONDA,Phụ tùng Honda tiêu chuẩn,176.000 ₫,1
64250KTL670ZL,Bộ ốp yếm trái *PB373M*,HONDA,Phụ tùng Honda tiêu chuẩn,298.000 ₫,1
64250KTL680ZA,Bộ ốp yếm trái *NH1*,HONDA,Phụ tùng Honda tiêu chuẩn,190.000 ₫,1
64250KTL780ZB,Bộ ốp yếm trái *R263*M,HONDA,Phụ tùng Honda tiêu chuẩn,262.000 ₫,1
64250KTL790ZB,Bộ ốp yếm trái *Y106*,HONDA,Phụ tùng Honda tiêu chuẩn,262.000 ₫,1
64250KTM980ZC,Bộ ốp yếm trái *NHA69P*,HONDA,Phụ tùng Honda tiêu chuẩn,378.000 ₫,1
64250KVL940ZC,Bộ ốp ống yếm trái *NHA69P*,HONDA,Phụ tùng Honda tiêu chuẩn,470.000 ₫,1
64250KVLV30ZE,Bộ ốp ống yếm trái *NHA69P*,HONDA,Phụ tùng Honda tiêu chuẩn,438.000 ₫,1
64250KVR970ZA,Bộ ốp yếm trái *NHA62M*,HONDA,Phụ tùng Honda tiêu chuẩn,193.000 ₫,1
64250KVRV60ZD,Bộ ốp yếm trái *B206M*,HONDA,Phụ tùng Honda tiêu chuẩn,275.000 ₫,1
64250KYL900ZA,Bộ ốp yếm trái *NHA69P*,HONDA,Phụ tùng Honda tiêu chuẩn,470.000 ₫,1
64250KYZG00ZB,Bộ ốp yếm trái *R340C*,HONDA,Phụ tùng Honda tiêu chuẩn,475.000 ₫,1
64250KYZG00ZE,Bộ ốp yếm trái *NHB25E*,HONDA,Phụ tùng Honda tiêu chuẩn,472.000 ₫,1
64250KYZV00ZE,Bộ ốp yếm trái *YR303*,HONDA,Phụ tùng Honda tiêu chuẩn,493.000 ₫,1
64250KYZV00ZF,Bộ ốp yếm trái *NHB25*,HONDA,Phụ tùng Honda tiêu chuẩn,493.000 ₫,1
64250KYZV00ZL,Bộ ốp yếm trái *R340*,HONDA,Phụ tùng Honda tiêu chuẩn,493.000 ₫,1
64250KYZV20ZC,Bộ ốp yếm trái *NHB35*,HONDA,Phụ tùng Honda tiêu chuẩn,499.000 ₫,1
64250KYZV20ZE,Bộ ốp yếm trái *NHB25*,HONDA,Phụ tùng Honda tiêu chuẩn,499.000 ₫,1
64250KYZV60ZA,Bộ ốp yếm trái *NHA62*,HONDA,Phụ tùng Honda tiêu chuẩn,504.000 ₫,1
64250KYZV70ZB,Bộ ốp yếm trái *R340C*,HONDA,Phụ tùng Honda tiêu chuẩn,493.000 ₫,1
64250KYZV70ZE,Bộ ốp yếm trái *NHB25E*,HONDA,Phụ tùng Honda tiêu chuẩn,493.000 ₫,1
64300K03V70ZA,Bộ ốp ống yếm phải *NHA96P*,HONDA,Phụ tùng Honda tiêu chuẩn,202.000 ₫,1
64300K03V70ZD,Bộ ốp ống yếm phải *NHA69P*,HONDA,Phụ tùng Honda tiêu chuẩn,202.000 ₫,1
64300K0RAF0ZD,MẶT NẠ TRƯỚC *NHA76M*,HONDA,Phụ tùng Honda tiêu chuẩn,278.000 ₫,1
64300K0RV00ZA,Bộ mặt nạ trước *R368C*,HONDA,Phụ tùng Honda tiêu chuẩn,268.000 ₫,1
64300K0RV00ZC,Bộ mặt nạ trước *NHC26M*,HONDA,Phụ tùng Honda tiêu chuẩn,284.000 ₫,1
64300K0RV00ZD,Bộ mặt nạ trước *NHB35P*,HONDA,Phụ tùng Honda tiêu chuẩn,268.000 ₫,1
64300K0RV00ZE,Bộ mặt nạ trước *NHB25M*,HONDA,Phụ tùng Honda tiêu chuẩn,268.000 ₫,1
64300K12900ZC,Ốp mặt nạ trước *YR-299P*,HONDA,Phụ tùng Honda tiêu chuẩn,187.000 ₫,1
64300K12900ZD,Ốp mặt nạ trước *R-350C*,HONDA,Phụ tùng Honda tiêu chuẩn,187.000 ₫,1
64300K12900ZG,Ốp mặt nạ trước *NH-B35P*,HONDA,Phụ tùng Honda tiêu chuẩn,187.000 ₫,1
64300K12900ZH,Ốp mặt nạ trước *NH-B25M*,HONDA,Phụ tùng Honda tiêu chuẩn,187.000 ₫,1
64300K12900ZP,Ốp mặt nạ trước *NHB18M*,HONDA,Phụ tùng Honda tiêu chuẩn,187.000 ₫,1
64300K12V20ZH,Ốp mặt nạ trước *NHB25M*,HONDA,Phụ tùng Honda tiêu chuẩn,218.000 ₫,1
64300K12V20ZJ,Ốp mặt nạ trước *R350C*,HONDA,Phụ tùng Honda tiêu chuẩn,225.000 ₫,1
64300K12V20ZN,Ốp mặt nạ trước *PB403P*,HONDA,Phụ tùng Honda tiêu chuẩn,225.000 ₫,1
64300K12V20ZP,Ốp mặt nạ trước *NHA96P*,HONDA,Phụ tùng Honda tiêu chuẩn,208.000 ₫,1
64300K1NV00ZA,Bộ mặt nạ trước *NHB25*,HONDA,Phụ tùng Honda tiêu chuẩn,154.000 ₫,1
64300K1NV00ZE,Bộ mặt nạ trước *PB410*,HONDA,Phụ tùng Honda tiêu chuẩn,154.000 ₫,1
64300K1NV00ZF,Bộ mặt nạ trước *R350*,HONDA,Phụ tùng Honda tiêu chuẩn,154.000 ₫,1
64300K27630ZA,Bộ mặt nạ trước *NH1*,HONDA,Phụ tùng Honda tiêu chuẩn,318.000 ₫,1
64300K27V00ZB,Bộ mặt nạ trước NHA62M,HONDA,Phụ tùng Honda tiêu chuẩn,301.000 ₫,1
64300K27V00ZE,Bộ mặt nạ trước *R340C*,HONDA,Phụ tùng Honda tiêu chuẩn,301.000 ₫,1
64300K27V00ZH,Bộ mặt nạ trước *YR322C*,HONDA,Phụ tùng Honda tiêu chuẩn,301.000 ₫,1
64300K27V00ZN,Bộ mặt nạ trước*NHB25M*,HONDA,Phụ tùng Honda tiêu chuẩn,301.000 ₫,1
64300K27V20ZA,Bộ mặt nạ trước *NHB51*,HONDA,Phụ tùng Honda tiêu chuẩn,689.000 ₫,1
64300K2CV30ZA,Bộ ốp sườn trước phải *NHC34M*,HONDA,Phụ tùng Honda tiêu chuẩn,313.000 ₫,1
64300K2CV30ZB,Bộ ốp sườn trước phải *NHA76M*,HONDA,Phụ tùng Honda tiêu chuẩn,313.000 ₫,1
64300K2CVF0ZA,Bộ ốp sườn trước phải *NHC60P*,HONDA,Phụ tùng Honda tiêu chuẩn,313.000 ₫,1
64300K2CVF0ZB,Bộ ốp sườn trước phải *NHA76M*,HONDA,Phụ tùng Honda tiêu chuẩn,313.000 ₫,1
64300K2CVS0ZB,Bộ ốp sườn trước phải *Y229P*,HONDA,Phụ tùng Honda tiêu chuẩn,316.000 ₫,1
64300K2VN50ZB,Bộ mặt nạ trước *PB406M*,HONDA,Phụ tùng Honda tiêu chuẩn,986.000 ₫,1
64300K44V00ZA,Bộ ốp mặt nạ trước *PB390M*,HONDA,Phụ tùng Honda tiêu chuẩn,236.000 ₫,1
64300K44V00ZC,Bộ ốp mặt nạ trước *NH411M*,HONDA,Phụ tùng Honda tiêu chuẩn,236.000 ₫,1
64300K44V00ZD,Bộ mặt nạ trước *YR320*,HONDA,Phụ tùng Honda tiêu chuẩn,236.000 ₫,1
64300K44V00ZE,Bộ mặt nạ trước *R350*,HONDA,Phụ tùng Honda tiêu chuẩn,236.000 ₫,1
64300K44V00ZF,Bộ mặt nạ trước *NHB25*,HONDA,Phụ tùng Honda tiêu chuẩn,236.000 ₫,1
64300K44V00ZG,Bộ mặt nạ trước *R340*,HONDA,Phụ tùng Honda tiêu chuẩn,236.000 ₫,1
64300K44V60ZB,Bộ mặt nạ trước *R340C*,HONDA,Phụ tùng Honda tiêu chuẩn,236.000 ₫,1
64300K44V60ZE,Bộ mặt nạ trước *NHB35P*,HONDA,Phụ tùng Honda tiêu chuẩn,236.000 ₫,1
64300K44V80ZE,Bộ mặt nạ trước *NHC23M*,HONDA,Phụ tùng Honda tiêu chuẩn,236.000 ₫,1
64300K44V80ZG,Bộ mặt nạ trước *PB420P*,HONDA,Phụ tùng Honda tiêu chuẩn,236.000 ₫,1
64300K44V80ZJ,Bộ mặt nạ trước *G209P*,HONDA,Phụ tùng Honda tiêu chuẩn,236.000 ₫,1
64300K44V80ZL,Bộ mặt nạ trước *NHB35P*,HONDA,Phụ tùng Honda tiêu chuẩn,236.000 ₫,1
64300K44V80ZM,Bộ mặt nạ trước *NHB55P*,HONDA,Phụ tùng Honda tiêu chuẩn,236.000 ₫,1
64300K44VE0ZB,Bộ ốp mặt nạ trước *NHA76*,HONDA,Phụ tùng Honda tiêu chuẩn,236.000 ₫,1
64300K44VE0ZF,Bộ ốp mặt nạ trước *NHB25*,HONDA,Phụ tùng Honda tiêu chuẩn,236.000 ₫,1
64300K56V00ZB,Bộ mặt nạ trước *NH1*,HONDA,Phụ tùng Honda tiêu chuẩn,182.000 ₫,2
64300K56V50ZA,Bộ mặt nạ trước *NH1*,HONDA,Phụ tùng Honda tiêu chuẩn,179.000 ₫,1
64300K56V90ZA,Bộ mặt nạ trước *NH1*,HONDA,Phụ tùng Honda tiêu chuẩn,182.000 ₫,1
64300K66V00ZK,Bộ ốp trước *Y224M*,HONDA,Phụ tùng Honda tiêu chuẩn,409.000 ₫,1
64300K66V00ZL,Bộ ốp trước *YR322C*,HONDA,Phụ tùng Honda tiêu chuẩn,409.000 ₫,1
64300K66V00ZM,Bộ ốp trước *R340C*,HONDA,Phụ tùng Honda tiêu chuẩn,398.000 ₫,1
64300K66V00ZN,Bộ ốp trước *PB390M*,HONDA,Phụ tùng Honda tiêu chuẩn,409.000 ₫,2
64300K66V00ZP,Bộ ốp trước *NHB35P*,HONDA,Phụ tùng Honda tiêu chuẩn,409.000 ₫,1
64300K66V00ZR,Bộ ốp trước *NHB18M*,HONDA,Phụ tùng Honda tiêu chuẩn,409.000 ₫,1
64300K66V00ZS,Bộ ốp trước *NHA76M*,HONDA,Phụ tùng Honda tiêu chuẩn,398.000 ₫,1
64300K66V00ZT,Bộ ốp trước *NHA62M*,HONDA,Phụ tùng Honda tiêu chuẩn,409.000 ₫,1
64300K66V00ZU,Bộ ốp trước *NHB86M*,HONDA,Phụ tùng Honda tiêu chuẩn,558.000 ₫,1
64300K66V00ZV,Bộ ốp trước trên *PB421M*,HONDA,Phụ tùng Honda tiêu chuẩn,398.000 ₫,1
64300K66V90ZA,Bộ ốp mặt nạ trước *NHA76M*,HONDA,Phụ tùng Honda tiêu chuẩn,493.000 ₫,1
64300K66VE0ZA,Bộ ốp trước *B189*,HONDA,Phụ tùng Honda tiêu chuẩn,573.000 ₫,1
64300K66VE0ZB,Bộ ốp trước *NHB35*,HONDA,Phụ tùng Honda tiêu chuẩn,573.000 ₫,3
64300K66VE0ZC,Bộ ốp trước *NHA62*,HONDA,Phụ tùng Honda tiêu chuẩn,573.000 ₫,1
64300K66VE0ZD,Bộ ốp trước *R340*,HONDA,Phụ tùng Honda tiêu chuẩn,573.000 ₫,1
64300K66VG0ZC,Bộ ốp trước *NHA76M*,HONDA,Phụ tùng Honda tiêu chuẩn,503.000 ₫,1
64300K66VN0ZA,Bộ ốp trước trên *B189C*,HONDA,Phụ tùng Honda tiêu chuẩn,558.000 ₫,1
64300K66VN0ZB,Bộ ốp trước trên *NHB35P*,HONDA,Phụ tùng Honda tiêu chuẩn,558.000 ₫,2
64300K66VN0ZC,Bộ ốp trước trên *NHA62M*,HONDA,Phụ tùng Honda tiêu chuẩn,558.000 ₫,1
64300K77V00ZG,Trang trí ốp trước *R368C*,HONDA,Phụ tùng Honda tiêu chuẩn,308.000 ₫,1
64300K77V00ZH,Trang trí ốp trước *NHB86M*,HONDA,Phụ tùng Honda tiêu chuẩn,308.000 ₫,1
64300K77V00ZJ,Trang trí ốp trước *NHB35P*,HONDA,Phụ tùng Honda tiêu chuẩn,308.000 ₫,1
64300K89V00ZA,Bộ mặt nạ trước *GY150*,HONDA,Phụ tùng Honda tiêu chuẩn,168.000 ₫,1
64300K89V00ZB,Bộ mặt nạ trước *B203*,HONDA,Phụ tùng Honda tiêu chuẩn,168.000 ₫,1
64300K89V00ZC,Bộ mặt nạ trước *NHB55*,HONDA,Phụ tùng Honda tiêu chuẩn,168.000 ₫,1
64300K89V00ZD,Bộ mặt nạ trước *NHB25*,HONDA,Phụ tùng Honda tiêu chuẩn,168.000 ₫,1
64300K89V00ZE,Bộ mặt nạ trước *R263*,HONDA,Phụ tùng Honda tiêu chuẩn,168.000 ₫,1
64300K89V30ZA,Bộ mặt nạ trước *PB421M*,HONDA,Phụ tùng Honda tiêu chuẩn,164.000 ₫,1
64300K89V50ZA,Bộ mặt nạ trước *PB421*,HONDA,Phụ tùng Honda tiêu chuẩn,175.000 ₫,1
64300K89V50ZD,Bộ mặt nạ trước *NHB25*,HONDA,Phụ tùng Honda tiêu chuẩn,175.000 ₫,1
64300K89V70ZB,Bộ ốp trước trên *NHB55*,HONDA,Phụ tùng Honda tiêu chuẩn,190.000 ₫,1
64300K89V90ZA,Bộ ốp mặt nạ trước *PB421M*,HONDA,Phụ tùng Honda tiêu chuẩn,176.000 ₫,1
64300K89V90ZC,Bộ ốp mặt nạ trước *R389*,HONDA,Phụ tùng Honda tiêu chuẩn,176.000 ₫,1
64300K89V90ZD,BỘ ỐP MẶT NẠ TRƯỚC *NHA76M*,HONDA,Phụ tùng Honda tiêu chuẩn,176.000 ₫,2
64300K89VB0ZB,Bộ ốp mặt nạ trước *NHC60P*,HONDA,Phụ tùng Honda tiêu chuẩn,179.000 ₫,1
64300K89VD0ZA,Bộ ốp sườn phải *B206*,HONDA,Phụ tùng Honda tiêu chuẩn,179.000 ₫,1
64300K90V20ZC,Bộ mặt nạ trước *R340C*,HONDA,Phụ tùng Honda tiêu chuẩn,282.000 ₫,1
64300K90V60ZD,Bộ ốp mặt nạ trước *B189*,HONDA,Phụ tùng Honda tiêu chuẩn,265.000 ₫,1
64300K90VC0ZH,Bộ ốp trước tay lái *R340*,HONDA,Phụ tùng Honda tiêu chuẩn,242.000 ₫,1
64300K90VC0ZJ,Bộ ốp trước tay lái *B189*,HONDA,Phụ tùng Honda tiêu chuẩn,242.000 ₫,1
64300K90VG0ZE,Bộ ốp trước tay lái *NHB83*,HONDA,Phụ tùng Honda tiêu chuẩn,215.000 ₫,1
64300K90VL0ZA,BỘ ỐP TRƯỚC TRÊN *PB421M*,HONDA,Phụ tùng Honda tiêu chuẩn,207.000 ₫,1
64300KFL830ZA,Bộ mặt nạ trước *PB171*,HONDA,Phụ tùng Honda tiêu chuẩn,330.000 ₫,1
64300KFL830ZD,Bộ mặt nạ trước *R263*,HONDA,Phụ tùng Honda tiêu chuẩn,330.000 ₫,1
64300KRS900ZC,BỘ MẶT NẠ TRƯỚC *PB305P*,HONDA,Phụ tùng Honda tiêu chuẩn,224.000 ₫,1
64300KRS900ZD,Bộ mặt nạ trước *R203M*,HONDA,Phụ tùng Honda tiêu chuẩn,224.000 ₫,1
64300KRS900ZF,Bộ mặt nạ trước *R263*,HONDA,Phụ tùng Honda tiêu chuẩn,224.000 ₫,6
64300KTL640ZG,Bộ mặt nạ trước *R263*,HONDA,Phụ tùng Honda tiêu chuẩn,198.000 ₫,1
64300KTL670ZB,BỘ MẶT NẠ TRƯỚC *PB373M*,HONDA,Phụ tùng Honda tiêu chuẩn,202.000 ₫,1
64300KTL680ZF,Bộ mặt nạ trước *NH411M*,HONDA,Phụ tùng Honda tiêu chuẩn,302.000 ₫,1
64300KVB750ZA,Bộ ốp trước *NHA69P*,HONDA,Phụ tùng Honda tiêu chuẩn,543.000 ₫,1
64300KVB950ZA,Bộ ốp trước *B194P*,HONDA,Phụ tùng Honda tiêu chuẩn,493.000 ₫,1
64300KVG950ZA,Bộ mặt nạ trước NHA76M,HONDA,Phụ tùng Honda tiêu chuẩn,375.000 ₫,1
64300KVG950ZC,Bộ mặt nạ trước *NHA69P*,HONDA,Phụ tùng Honda tiêu chuẩn,372.000 ₫,1
64300KVG950ZD,Bộ mặt nạ trước *NHA96P*,HONDA,Phụ tùng Honda tiêu chuẩn,372.000 ₫,1
64300KVG950ZF,Bộ mặt nạ trước *R313C*,HONDA,Phụ tùng Honda tiêu chuẩn,372.000 ₫,1
64300KVGV40ZA,Bộ mặt nạ trước *R340C*,HONDA,Phụ tùng Honda tiêu chuẩn,333.000 ₫,1
64300KVGV40ZB,Bộ mặt nạ trước *NHB35P*,HONDA,Phụ tùng Honda tiêu chuẩn,325.000 ₫,1
64300KVGV40ZC,Bộ mặt nạ trước *NHB25M*,HONDA,Phụ tùng Honda tiêu chuẩn,333.000 ₫,1
64300KVGV50ZB,Bộ mặt nạ trước *NHB25M*,HONDA,Phụ tùng Honda tiêu chuẩn,429.000 ₫,1
64300KVRV20ZC,Bộ mặt nạ trước *R263*M,HONDA,Phụ tùng Honda tiêu chuẩn,164.000 ₫,1
64300KVRV20ZF,Bộ mặt nạ trước *BG132M*,HONDA,Phụ tùng Honda tiêu chuẩn,164.000 ₫,1
64300KVRV60ZD,Bộ mặt nạ trước *B206M*,HONDA,Phụ tùng Honda tiêu chuẩn,275.000 ₫,1
64300KWWV00ZB,Bộ ốp ống yếm phải *R313C*,HONDA,Phụ tùng Honda tiêu chuẩn,225.000 ₫,1
64300KWWV00ZD,Bộ ốp ống yếm phải *NHA96P*,HONDA,Phụ tùng Honda tiêu chuẩn,221.000 ₫,1
64300KWY860ZA,Bộ mặt nạ trước *R263*,HONDA,Phụ tùng Honda tiêu chuẩn,179.000 ₫,2
64300KWYA40ZA,Bộ mặt nạ trước *YR322C*,HONDA,Phụ tùng Honda tiêu chuẩn,332.000 ₫,1
64300KWYA40ZC,BỘ MẶT NẠ TRƯỚC *NHB55P*,HONDA,Phụ tùng Honda tiêu chuẩn,332.000 ₫,1
64300KWYA40ZD,Bộ mặt nạ trước *NHB25M*,HONDA,Phụ tùng Honda tiêu chuẩn,332.000 ₫,1
64300KWYA40ZE,Bộ mặt nạ trước *R263M*,HONDA,Phụ tùng Honda tiêu chuẩn,332.000 ₫,1
64300KYL900,Bộ mặt nạ trước trên,HONDA,Phụ tùng Honda tiêu chuẩn,381.000 ₫,1
64300KYZV00ZA,Bộ mặt nạ trước *Y208M*,HONDA,Phụ tùng Honda tiêu chuẩn,308.000 ₫,1
64300KYZV00ZB,Bộ mặt nạ trước *NHB24M*,HONDA,Phụ tùng Honda tiêu chuẩn,308.000 ₫,1
64300KYZV00ZC,Bộ mặt nạ trước *NHA62M*,HONDA,Phụ tùng Honda tiêu chuẩn,308.000 ₫,1
64300KYZV60ZA,BỘ MẶT NẠ TRƯỚC *NHA62*,HONDA,Phụ tùng Honda tiêu chuẩn,315.000 ₫,1
64300KYZV60ZB,Bộ mặt nạ trước *R340C*,HONDA,Phụ tùng Honda tiêu chuẩn,315.000 ₫,1
64300KYZV60ZC,Bộ mặt nạ trước *NHB25K*,HONDA,Phụ tùng Honda tiêu chuẩn,315.000 ₫,1
64300KYZV60ZD,BỘ MẶT NẠ TRƯỚC *YR303*,HONDA,Phụ tùng Honda tiêu chuẩn,315.000 ₫,1
64300KZLE00ZB,Bộ mặt nạ trước *B206*,HONDA,Phụ tùng Honda tiêu chuẩn,319.000 ₫,1
64300KZLE00ZC,Bộ mặt nạ trước *R340*,HONDA,Phụ tùng Honda tiêu chuẩn,319.000 ₫,1
64300KZLE00ZE,Bộ mặt nạ trước *NHB35*,HONDA,Phụ tùng Honda tiêu chuẩn,312.000 ₫,1
64300KZLE00ZF,Bộ mặt nạ trước *NHA69*,HONDA,Phụ tùng Honda tiêu chuẩn,312.000 ₫,1
64300KZLE60ZD,Bộ mặt nạ trước *YR303*,HONDA,Phụ tùng Honda tiêu chuẩn,264.000 ₫,1
64300KZLE80ZE,Bộ mặt nạ trước *NHB35*,HONDA,Phụ tùng Honda tiêu chuẩn,282.000 ₫,1
64301K01900,Trang trí ốp dưới,HONDA,Phụ tùng Honda tiêu chuẩn,462.000 ₫,1
64301K0RV00,Ốp trang trí dưới phía trước,HONDA,Phụ tùng Honda tiêu chuẩn,335.000 ₫,1
64301K1NV00ZA,Ốp trước bên phải *R350C*,HONDA,Phụ tùng Honda tiêu chuẩn,235.000 ₫,1
64301K1NV00ZC,Ốp trước bên phải *NHC46P*,HONDA,Phụ tùng Honda tiêu chuẩn,235.000 ₫,1
64301K1NV00ZD,Ốp trước bên phải *NHB35P*,HONDA,Phụ tùng Honda tiêu chuẩn,230.000 ₫,1
64301K1NV00ZF,Ốp trước bên phải *NHB18M*,HONDA,Phụ tùng Honda tiêu chuẩn,230.000 ₫,2
64301K1NV00ZG,Ốp trước phải *NHC60*,HONDA,Phụ tùng Honda tiêu chuẩn,247.000 ₫,1
64301K1NV00ZH,Ốp trước phải *NHA76*,HONDA,Phụ tùng Honda tiêu chuẩn,241.000 ₫,1
64301K1NV00ZJ,Ốp trước bên phải *R368C*,HONDA,Phụ tùng Honda tiêu chuẩn,222.000 ₫,1
64301K29900ZA,Ốp trước bên phải*YR299P*,HONDA,Phụ tùng Honda tiêu chuẩn,227.000 ₫,1
64301K29900ZE,Ốp trước bên phải*PB390M*,HONDA,Phụ tùng Honda tiêu chuẩn,227.000 ₫,1
64301K29900ZF,Ốp trước bên phải*NHB35P*,HONDA,Phụ tùng Honda tiêu chuẩn,227.000 ₫,1
64301K29900ZG,Ốp trước bên phải*NHB25M*,HONDA,Phụ tùng Honda tiêu chuẩn,227.000 ₫,1
64301K29900ZP,Ốp trước bên phải *NHB18M*,HONDA,Phụ tùng Honda tiêu chuẩn,227.000 ₫,1
64301K29900ZQ,Ốp trước bên phải *R368C*,HONDA,Phụ tùng Honda tiêu chuẩn,227.000 ₫,1
64301K29900ZR,Ốp trước bên phải *PB408P*,HONDA,Phụ tùng Honda tiêu chuẩn,222.000 ₫,1
64301K29900ZS,Ốp trước bên phải,HONDA,Phụ tùng Honda tiêu chuẩn,227.000 ₫,1
64301K2CV00ZA,Ốp trước bên phải *R350C*,HONDA,Phụ tùng Honda tiêu chuẩn,225.000 ₫,1
64301K2CV00ZD,Ốp trước bên phải *NHB35P*,HONDA,Phụ tùng Honda tiêu chuẩn,225.000 ₫,1
64301K2CV00ZE,Ốp trước bên phải *NHB25M*,HONDA,Phụ tùng Honda tiêu chuẩn,208.000 ₫,1
64301K2CV00ZF,Ốp trước bên phải *NHA76M*,HONDA,Phụ tùng Honda tiêu chuẩn,225.000 ₫,1
64301K2CV00ZJ,Ốp trước bên phải *PB425M*,HONDA,Phụ tùng Honda tiêu chuẩn,225.000 ₫,1
64301K2CV00ZK,Ốp trước bên phải *PB426P*,HONDA,Phụ tùng Honda tiêu chuẩn,225.000 ₫,1
64301K2CV00ZL,ỐP TRƯỚC BÊN PHẢI *R368C*,HONDA,Phụ tùng Honda tiêu chuẩn,225.000 ₫,1
64301K2CV00ZP,ỐP TRƯỚC BÊN PHẢI *YR381M*,HONDA,Phụ tùng Honda tiêu chuẩn,225.000 ₫,1
64301K2CV00ZQ,ỐP TRƯỚC BÊN PHẢI *PB421M*,HONDA,Phụ tùng Honda tiêu chuẩn,225.000 ₫,1
64301K2PV60ZB,Ốp trước *R389*,HONDA,Phụ tùng Honda tiêu chuẩn,347.000 ₫,1
64301K2PV60ZD,Ốp trước *NHB55*,HONDA,Phụ tùng Honda tiêu chuẩn,327.000 ₫,1
64301K2PV60ZF,Ốp trước *NHB18*,HONDA,Phụ tùng Honda tiêu chuẩn,304.000 ₫,1
64301K2PV60ZG,Ốp trước *NHA76*,HONDA,Phụ tùng Honda tiêu chuẩn,304.000 ₫,1
64301K2TV30ZE,ỐP MẶT NẠ TRƯỚC *NHB25*,HONDA,Phụ tùng Honda tiêu chuẩn,188.000 ₫,1
64301K2VN30ZL,Ốp trước *NH436M*,HONDA,Phụ tùng Honda tiêu chuẩn,952.000 ₫,1
64301K56V00ZA,Ốp nhựa trước *R340C*,HONDA,Phụ tùng Honda tiêu chuẩn,270.000 ₫,1
64301K56V00ZB,Ốp nhựa trước *PB406M*,HONDA,Phụ tùng Honda tiêu chuẩn,270.000 ₫,2
64301K56V00ZD,Ốp nhựa trước *NHA76M*,HONDA,Phụ tùng Honda tiêu chuẩn,270.000 ₫,1
64301K56V00ZE,Ốp nhựa trước *Y106*,HONDA,Phụ tùng Honda tiêu chuẩn,270.000 ₫,1
64301K56V00ZF,Ốp nhựa trước *YR322*,HONDA,Phụ tùng Honda tiêu chuẩn,270.000 ₫,1
64301K56V00ZG,Ốp nhựa trước *B189*,HONDA,Phụ tùng Honda tiêu chuẩn,270.000 ₫,1
64301K77V00,Trang trí ốp dưới,HONDA,Phụ tùng Honda tiêu chuẩn,449.000 ₫,1
64301KZVV30ZA,Ốp nhựa trước*R150CU*,HONDA,Phụ tùng Honda tiêu chuẩn,70.000 ₫,1
64302K01900ZD,Nắp trên ốp trước phải *NH-B35,HONDA,Phụ tùng Honda tiêu chuẩn,302.000 ₫,1
64302K01900ZE,Nắp trên ốp trước phải *NH-B25,HONDA,Phụ tùng Honda tiêu chuẩn,302.000 ₫,1
64302K0RV00ZA,Ốp cạnh trước bên phải *R368C*,HONDA,Phụ tùng Honda tiêu chuẩn,256.000 ₫,1
64302K0RV00ZC,Ốp cạnh trước bên phải *NHC26M*,HONDA,Phụ tùng Honda tiêu chuẩn,270.000 ₫,1
64302K0RV00ZE,Ốp cạnh trước bên phải *NHB25M*,HONDA,Phụ tùng Honda tiêu chuẩn,256.000 ₫,1
64302K0RV00ZF,Ốp cạnh trước bên phải *NHA76M*,HONDA,Phụ tùng Honda tiêu chuẩn,276.000 ₫,1
64302K0RV00ZG,Ốp cạnh trước bên phải *R350C*,HONDA,Phụ tùng Honda tiêu chuẩn,252.000 ₫,1
64302K0RV00ZH,Ốp cạnh trước bên phải *NHC60P*,HONDA,Phụ tùng Honda tiêu chuẩn,258.000 ₫,1
64302K1FV00ZB,Mặt nạ trước *R340C*,HONDA,Phụ tùng Honda tiêu chuẩn,402.000 ₫,1
64302K1FV00ZC,Mặt nạ trước *PB421M*,HONDA,Phụ tùng Honda tiêu chuẩn,355.000 ₫,1
64302K1FV00ZD,Mặt nạ trước *NH262M*,HONDA,Phụ tùng Honda tiêu chuẩn,402.000 ₫,1
64302K1FV00ZE,Mặt nạ trước *NHC34M*,HONDA,Phụ tùng Honda tiêu chuẩn,355.000 ₫,1
64302K1FV00ZF,Mặt nạ trước *NHC04M*,HONDA,Phụ tùng Honda tiêu chuẩn,355.000 ₫,1
64302K1FV00ZH,Mặt nạ trước *NHB25M*,HONDA,Phụ tùng Honda tiêu chuẩn,355.000 ₫,1
64302K1FV00ZL,ỐP TRƯỚC *PB426*,HONDA,Phụ tùng Honda tiêu chuẩn,347.000 ₫,1
64302K1FV00ZM,Mặt nạ trước *NHC60P*,HONDA,Phụ tùng Honda tiêu chuẩn,336.000 ₫,1
64302K2CV00ZA,Ốp trên *R350C*,HONDA,Phụ tùng Honda tiêu chuẩn,347.000 ₫,2
64302K2CV00ZD,Ốp trên *NHB35P*,HONDA,Phụ tùng Honda tiêu chuẩn,347.000 ₫,1
64302K2CV00ZE,Ốp trên *NHB25M*,HONDA,Phụ tùng Honda tiêu chuẩn,272.000 ₫,2
64302K2CV00ZF,Ốp trên *NHA76M*,HONDA,Phụ tùng Honda tiêu chuẩn,347.000 ₫,1
64302K2CV00ZH,Ốp trên *NHC34M*,HONDA,Phụ tùng Honda tiêu chuẩn,347.000 ₫,1
64302K2CV00ZJ,Ốp trên *PB425M*,HONDA,Phụ tùng Honda tiêu chuẩn,347.000 ₫,1
64302K2CV00ZK,Ốp trên *PB426P*,HONDA,Phụ tùng Honda tiêu chuẩn,347.000 ₫,1
64302K2CV00ZL,ỐP TRÊN *R368C*,HONDA,Phụ tùng Honda tiêu chuẩn,347.000 ₫,1
64302K2CV00ZP,Ốp trên *NHC60P*,HONDA,Phụ tùng Honda tiêu chuẩn,347.000 ₫,1
64302K2CV00ZQ,ỐP TRƯỚC *YR381M*,HONDA,Phụ tùng Honda tiêu chuẩn,347.000 ₫,1
64302K77V00ZB,Nắp trên ốp trước phải *PB403P*,HONDA,Phụ tùng Honda tiêu chuẩn,293.000 ₫,1
64302K77V00ZE,Nắp trên ốp trước phải *NHB25M*,HONDA,Phụ tùng Honda tiêu chuẩn,293.000 ₫,1
64302K77V00ZG,Nắp trên ốp trước phải *R368C*,HONDA,Phụ tùng Honda tiêu chuẩn,293.000 ₫,1
64302K77V00ZH,Nắp trên ốp trước phải *NHB86M*,HONDA,Phụ tùng Honda tiêu chuẩn,293.000 ₫,1
64302K77V00ZJ,Nắp trên ốp trước phải *NHB35P*,HONDA,Phụ tùng Honda tiêu chuẩn,293.000 ₫,1
64302K77V00ZV,Ốp trước bên phải *NHA76M*,HONDA,Phụ tùng Honda tiêu chuẩn,322.000 ₫,1
64302KVG950ZC,Mặt nạ trước *NHA69P*,HONDA,Phụ tùng Honda tiêu chuẩn,262.000 ₫,1
64302KVGV40ZC,MẶT NẠ TRƯỚC *NHB25M*,HONDA,Phụ tùng Honda tiêu chuẩn,225.000 ₫,1
64302KZLE00ZS,MẶT NẠ TRƯỚC *R350C*,HONDA,Phụ tùng Honda tiêu chuẩn,278.000 ₫,1
64302KZLE00ZT,Mặt nạ trước *PB390M*,HONDA,Phụ tùng Honda tiêu chuẩn,278.000 ₫,1
64303K01900ZD,Nắp trên ốp trước trái *NH-B35,HONDA,Phụ tùng Honda tiêu chuẩn,302.000 ₫,1
64303K0RV00ZA,Ốp cạnh trước bên trái *R368C*,HONDA,Phụ tùng Honda tiêu chuẩn,256.000 ₫,1
64303K0RV00ZC,Ốp cạnh trước bên trái *NHC26M*,HONDA,Phụ tùng Honda tiêu chuẩn,270.000 ₫,1
64303K0RV00ZD,Ốp cạnh trước bên trái *NHB35P*,HONDA,Phụ tùng Honda tiêu chuẩn,256.000 ₫,3
64303K0RV00ZE,Ốp cạnh trước bên trái *NHB25M*,HONDA,Phụ tùng Honda tiêu chuẩn,256.000 ₫,1
64303K0RV00ZF,Ốp cạnh trước bên trái *NHA76M*,HONDA,Phụ tùng Honda tiêu chuẩn,278.000 ₫,1
64303K0RV00ZH,Ốp cạnh trước bên trái *NHC60P*,HONDA,Phụ tùng Honda tiêu chuẩn,258.000 ₫,1
64303K29600ZA,Bộ ốp mặt nạ trước *NHB25M*,HONDA,Phụ tùng Honda tiêu chuẩn,255.000 ₫,1
64303K29600ZB,Bộ ốp mặt nạ trước *R368C*,HONDA,Phụ tùng Honda tiêu chuẩn,255.000 ₫,1
64303K29600ZF,Bộ ốp mặt nạ trước *NHB35P*,HONDA,Phụ tùng Honda tiêu chuẩn,255.000 ₫,1
64303K29900ZH,Bộ ốp mặt nạ trước*NHB35*,HONDA,Phụ tùng Honda tiêu chuẩn,255.000 ₫,1
64303K29910ZB,Bộ ốp mặt nạ trước *YR299*,HONDA,Phụ tùng Honda tiêu chuẩn,255.000 ₫,1
64303K29930ZA,Bộ ốp mặt nạ trước *NHB18M*,HONDA,Phụ tùng Honda tiêu chuẩn,256.000 ₫,1
64303K29960ZA,Bộ ốp mặt nạ trước *NHB18M*,HONDA,Phụ tùng Honda tiêu chuẩn,219.000 ₫,1
64303K29V80ZB,Bộ mặt nạ trước,HONDA,Phụ tùng Honda tiêu chuẩn,219.000 ₫,1
64303K2VN30ZA,BỘ ỐP ỐNG YẾM TRÁI *TBLACK*,HONDA,Phụ tùng Honda tiêu chuẩn,188.000 ₫,1
64303K66V00ZA,Nắp trên ốp trước *R340C*,HONDA,Phụ tùng Honda tiêu chuẩn,318.000 ₫,2
64303K66V00ZD,Nắp trên ốp trước *NHB25M*,HONDA,Phụ tùng Honda tiêu chuẩn,308.000 ₫,1
64303K66V00ZF,Nắp trên ốp trước *NHA62M*,HONDA,Phụ tùng Honda tiêu chuẩn,318.000 ₫,1
64303K66V00ZG,Nắp trên ốp trước *B189C*,HONDA,Phụ tùng Honda tiêu chuẩn,318.000 ₫,1
64303K66V20ZB,Nắp trên ốp trước *NHB74M*,HONDA,Phụ tùng Honda tiêu chuẩn,318.000 ₫,1
64303K66V20ZC,Nắp trên ốp trước *NHB51M*,HONDA,Phụ tùng Honda tiêu chuẩn,318.000 ₫,1
64303K77V00ZE,Nắp trên ốp trước trái *NHB25M*,HONDA,Phụ tùng Honda tiêu chuẩn,293.000 ₫,1
64303K77V00ZG,Nắp trên ốp trước trái *R368C*,HONDA,Phụ tùng Honda tiêu chuẩn,293.000 ₫,1
64303K77V00ZJ,Nắp trên ốp trước trái *NHB35P*,HONDA,Phụ tùng Honda tiêu chuẩn,293.000 ₫,1
64303K77V00ZV,Ốp trước bên trái *NHA76M*,HONDA,Phụ tùng Honda tiêu chuẩn,322.000 ₫,1
64304K01900ZA,Ốp dưới trước *NH-1*,HONDA,Phụ tùng Honda tiêu chuẩn,82.000 ₫,1
64304K0RV00,Ốp dưới trước,HONDA,Phụ tùng Honda tiêu chuẩn,68.000 ₫,1
64304K1FV00ZA,Ốp trang trí mặt trước *NH1*,HONDA,Phụ tùng Honda tiêu chuẩn,25.000 ₫,1
64304K66V00,Trang trí đèn pha phải,HONDA,Phụ tùng Honda tiêu chuẩn,10.000 ₫,1
64304K77V00ZA,Ốp dưới trước *NH1*,HONDA,Phụ tùng Honda tiêu chuẩn,79.000 ₫,1
64305GFM970,Tấm đệm ốp nhựa trước,HONDA,Phụ tùng Honda tiêu chuẩn,22.000 ₫,1
64305K01900ZA,Bộ ốp sàn *NH-1*,HONDA,Phụ tùng Honda tiêu chuẩn,293.000 ₫,1
64305K03V70ZA,Bộ ốp ống yếm trái *NHA96P*,HONDA,Phụ tùng Honda tiêu chuẩn,204.000 ₫,1
64305K03V70ZC,Bộ ốp ống yếm trái *R340C*,HONDA,Phụ tùng Honda tiêu chuẩn,204.000 ₫,1
64305K03V70ZD,Bộ ốp ống yếm trái *NHA69P*,HONDA,Phụ tùng Honda tiêu chuẩn,204.000 ₫,1
64305K0RV00ZA,Bộ ốp ống yếm trái *NH1*,HONDA,Phụ tùng Honda tiêu chuẩn,218.000 ₫,1
64305K0RVC0ZB,BỘ ỐP ỐNG YẾM TRÁI *NHA76M*,HONDA,Phụ tùng Honda tiêu chuẩn,222.000 ₫,1
64305K0SV80ZC,BỘ ỐP ỐNG YẾM TRÁI *NHB35P*,HONDA,Phụ tùng Honda tiêu chuẩn,216.000 ₫,1
64305K12900ZA,Nẹp tấm thông gió trước *NH-B2,HONDA,Phụ tùng Honda tiêu chuẩn,148.000 ₫,1
64305K12930ZA,Tấm đệm ốp nhựa trước,HONDA,Phụ tùng Honda tiêu chuẩn,224.000 ₫,1
64305K12950,Tấm đệm ốp nhựa trước,HONDA,Phụ tùng Honda tiêu chuẩn,470.000 ₫,1
64305K12V00,Tấm đệm ốp nhựa trước,HONDA,Phụ tùng Honda tiêu chuẩn,304.000 ₫,1
64305K1NV00,Trang trí phía trước,HONDA,Phụ tùng Honda tiêu chuẩn,324.000 ₫,1
64305K29900,Trang trí phía trước,HONDA,Phụ tùng Honda tiêu chuẩn,396.000 ₫,1
64305K2CV00ZA,Bộ ốp mặt nạ trước *NH1*,HONDA,Phụ tùng Honda tiêu chuẩn,199.000 ₫,2
64305K2CV30ZA,Bộ ốp mặt nạ trước *NH1*,HONDA,Phụ tùng Honda tiêu chuẩn,199.000 ₫,1
64305K2CVA0ZA,Bộ ốp mặt nạ trước,HONDA,Phụ tùng Honda tiêu chuẩn,199.000 ₫,1
64305K2CVA0ZB,Bộ ốp sườn trái *NHA96P*,HONDA,Phụ tùng Honda tiêu chuẩn,199.000 ₫,1
64305K2CVS0ZA,BỘ ỐP MẶT NẠ TRƯỚC *NH411M*,HONDA,Phụ tùng Honda tiêu chuẩn,201.000 ₫,1
64305K66V00,Trang trí đèn pha trái,HONDA,Phụ tùng Honda tiêu chuẩn,10.000 ₫,1
64305K66V10ZA,Ốp trang trí mặt trước *NHB25M*,HONDA,Phụ tùng Honda tiêu chuẩn,185.000 ₫,1
64305K66V10ZB,Ốp trang trí mặt trước *NHB35P*,HONDA,Phụ tùng Honda tiêu chuẩn,185.000 ₫,1
64305K66V10ZC,Ốp trang trí mặt trước *PB390M*,HONDA,Phụ tùng Honda tiêu chuẩn,185.000 ₫,1
64305K66V10ZD,Ốp trang trí mặt trước *R340C*,HONDA,Phụ tùng Honda tiêu chuẩn,185.000 ₫,1
64305K66VF0ZA,ỐP TRANG TRÍ MẶT TRƯỚC *R340C*,HONDA,Phụ tùng Honda tiêu chuẩn,519.000 ₫,1
64305K66VF0ZE,Ốp trang trí mặt trước *NHB25M*,HONDA,Phụ tùng Honda tiêu chuẩn,519.000 ₫,1
64305K66VR0ZB,Mặt nạ trước *NHB74M*,HONDA,Phụ tùng Honda tiêu chuẩn,558.000 ₫,1
64305K73V40,Nẹp ốp trước trên,HONDA,Phụ tùng Honda tiêu chuẩn,101.000 ₫,1
64305KWWV00ZB,Bộ ốp ống yếm trái *R313C*,HONDA,Phụ tùng Honda tiêu chuẩn,228.000 ₫,1
64305KWWV00ZD,Bộ ốp ống yếm trái *NHA96P*,HONDA,Phụ tùng Honda tiêu chuẩn,224.000 ₫,1
64306K1WV10ZA,ỐP TRƯỚC BÊN TRÁI *R368C*,HONDA,Phụ tùng Honda tiêu chuẩn,1.340.000 ₫,1
64306K77V00ZA,Bộ ốp trang trí mặt trước *NH1*,HONDA,Phụ tùng Honda tiêu chuẩn,252.000 ₫,1
64306KVB900ZB,ốp sàn trái *NH187R*,HONDA,Phụ tùng Honda tiêu chuẩn,57.000 ₫,1
64307K0RV00,Nắp trang trí phía trước,HONDA,Phụ tùng Honda tiêu chuẩn,222.000 ₫,1
64307K1WD00ZB,Trang trí bên phải đèn pha *NH303M*,HONDA,Phụ tùng Honda tiêu chuẩn,378.000 ₫,1
64307KVG900,Tấm bảo vệ bên trong,HONDA,Phụ tùng Honda tiêu chuẩn,130.000 ₫,1
64308K1NV00,Ốp trước phía dưới,HONDA,Phụ tùng Honda tiêu chuẩn,105.000 ₫,1
64308K29900,Ốp trước phía dưới,HONDA,Phụ tùng Honda tiêu chuẩn,107.000 ₫,1
64308K29960,Ốp trước phía dưới,HONDA,Phụ tùng Honda tiêu chuẩn,107.000 ₫,1
64308K2CV00,Ốp trước phía dưới,HONDA,Phụ tùng Honda tiêu chuẩn,44.000 ₫,3
64308K2SN00ZB,ỐP TRƯỚC BÊN DƯỚI*NH1*,HONDA,Phụ tùng Honda tiêu chuẩn,91.000 ₫,1
64308K2VN30ZA,ỐP YẾM TRƯỚC *TBLACK*,HONDA,Phụ tùng Honda tiêu chuẩn,268.000 ₫,1
64308K44V00ZA,Bộ mặt nạ trước *NH-1*,HONDA,Phụ tùng Honda tiêu chuẩn,56.000 ₫,4
64308KVB900ZB,ốp dưới *NH187R*,HONDA,Phụ tùng Honda tiêu chuẩn,179.000 ₫,1
64308KZL930ZA,ốp bên dưới *NH1*,HONDA,Phụ tùng Honda tiêu chuẩn,51.000 ₫,1
64310K03M60ZA,Ốp ống yếm chính NH1,HONDA,Phụ tùng Honda tiêu chuẩn,191.000 ₫,3
64310K07940ZA,Ốp ống yếm chính *NH-1*,HONDA,Phụ tùng Honda tiêu chuẩn,195.000 ₫,1
64310K0SV50ZB,Bộ ốp mặt nạ trước *NHC60*,HONDA,Phụ tùng Honda tiêu chuẩn,272.000 ₫,1
64310K12900ZA,Ốp sàn để chân *YR321R*,HONDA,Phụ tùng Honda tiêu chuẩn,236.000 ₫,1
64310K12900ZB,Ốp sàn để chân *YR286R*,HONDA,Phụ tùng Honda tiêu chuẩn,236.000 ₫,1
64310K12900ZC,Ốp sàn để chân *NH1*,HONDA,Phụ tùng Honda tiêu chuẩn,236.000 ₫,1
64310K12V00ZA,Ốp sàn để chân *YR286R*,HONDA,Phụ tùng Honda tiêu chuẩn,188.000 ₫,1
64310K12V00ZB,Ốp sàn để chân *NH1*,HONDA,Phụ tùng Honda tiêu chuẩn,188.000 ₫,1
64310K1FV00ZA,Mặt nạ trước *R368C*,HONDA,Phụ tùng Honda tiêu chuẩn,158.000 ₫,1
64310K1FV00ZC,Mặt nạ trước *NHC04M*,HONDA,Phụ tùng Honda tiêu chuẩn,158.000 ₫,1
64310K1FV00ZD,Mặt nạ trước *NHB25M*,HONDA,Phụ tùng Honda tiêu chuẩn,158.000 ₫,1
64310K1FV00ZE,Mặt nạ trước *NHA76M*,HONDA,Phụ tùng Honda tiêu chuẩn,158.000 ₫,1
64310K1FV00ZF,Mặt nạ trước *NHA69P*,HONDA,Phụ tùng Honda tiêu chuẩn,158.000 ₫,1
64310K1FV00ZH,Mặt nạ trước *NH262M*,HONDA,Phụ tùng Honda tiêu chuẩn,158.000 ₫,1
64310K1FV00ZJ,Mặt nạ trước *NHB35P*,HONDA,Phụ tùng Honda tiêu chuẩn,158.000 ₫,1
64310K1NV00ZA,Sàn xe *YR286R*,HONDA,Phụ tùng Honda tiêu chuẩn,227.000 ₫,2
64310K1NV00ZB,Sàn xe *NH1*,HONDA,Phụ tùng Honda tiêu chuẩn,222.000 ₫,1
64310K2CV00ZA,Sàn để chân *YR286R*,HONDA,Phụ tùng Honda tiêu chuẩn,107.000 ₫,3
64310K2CV00ZB,Sàn để chân *NH1*,HONDA,Phụ tùng Honda tiêu chuẩn,107.000 ₫,1
64310K2PV00ZA,Bộ tấm ốp bảo vệ yếm *NHA76M*,HONDA,Phụ tùng Honda tiêu chuẩn,341.000 ₫,1
64310K2PVD0ZA,Bộ ốp trước *NH193*,HONDA,Phụ tùng Honda tiêu chuẩn,285.000 ₫,1
64310K2TV00ZB,Ốp sàn *NH1*,HONDA,Phụ tùng Honda tiêu chuẩn,278.000 ₫,1
64310K2VN30ZA,Ốp sàn *TBLACK*,HONDA,Phụ tùng Honda tiêu chuẩn,456.000 ₫,1
64310K44V00ZA,Bộ ốp sàn để chân *YR286R*,HONDA,Phụ tùng Honda tiêu chuẩn,127.000 ₫,4
64310K90VM0ZA,ỐP ỐNG YẾM CHÍNH *NH1*,HONDA,Phụ tùng Honda tiêu chuẩn,195.000 ₫,1
64310KFL710ZA,Bộ ốp ống yếm chính *NH1*,HONDA,Phụ tùng Honda tiêu chuẩn,230.000 ₫,1
64310KPH700ZU,Tấm ốpđộng cơ *NHA69P*,HONDA,Phụ tùng Honda tiêu chuẩn,101.000 ₫,1
64310KPH700ZV,Tấm ốpđộng cơ *NHA62M*,HONDA,Phụ tùng Honda tiêu chuẩn,101.000 ₫,1
64310KTL640ZA,ốp ống yếm trung tâm,HONDA,Phụ tùng Honda tiêu chuẩn,104.000 ₫,1
64310KTL680,ốp ống yếm trung tâm,HONDA,Phụ tùng Honda tiêu chuẩn,104.000 ₫,1
64310KVBN70ZA,ốp sàn *NH1*,HONDA,Phụ tùng Honda tiêu chuẩn,128.000 ₫,1
64310KVR880,Bộ ốp ống chính,HONDA,Phụ tùng Honda tiêu chuẩn,104.000 ₫,1
64310KWW600,ốp ống yếm trước,HONDA,Phụ tùng Honda tiêu chuẩn,98.000 ₫,1
64310KWW640,ốp ống yếm trước,HONDA,Phụ tùng Honda tiêu chuẩn,101.000 ₫,1
64310KWW710ZF,ốp ống yếm trước *R340C*,HONDA,Phụ tùng Honda tiêu chuẩn,210.000 ₫,1
64310KWW710ZH,ốp ống yếm trước *NHA69P*,HONDA,Phụ tùng Honda tiêu chuẩn,205.000 ₫,1
64310KWYA00,Bộ ốp ống yếm chính,HONDA,Phụ tùng Honda tiêu chuẩn,82.000 ₫,1
64310KZL930ZA,Sàn để chân *NH1*,HONDA,Phụ tùng Honda tiêu chuẩn,139.000 ₫,1
64310KZL930ZD,Sàn để chân *YR321R*,HONDA,Phụ tùng Honda tiêu chuẩn,139.000 ₫,1
64311K0RV00ZA,Ốp sàn để chân *NH1*,HONDA,Phụ tùng Honda tiêu chuẩn,264.000 ₫,1
64311K1FV00ZA,Tấm bắt sàn phải *NH1*,HONDA,Phụ tùng Honda tiêu chuẩn,128.000 ₫,1
64311K27V50ZA,Tấm bắt sàn phải*NH1*,HONDA,Phụ tùng Honda tiêu chuẩn,127.000 ₫,1
64311K2ZV00ZA,Tấm bắt sàn phải *NH1*,HONDA,Phụ tùng Honda tiêu chuẩn,128.000 ₫,1
64311K77V00ZA,Tấm bắt sàn *NH1*,HONDA,Phụ tùng Honda tiêu chuẩn,304.000 ₫,1
64311KFV830ZA,Tem yếm *R150CU*,HONDA,Phụ tùng Honda tiêu chuẩn,47.000 ₫,2
64311KVG950,Tấm bắt sàn phải,HONDA,Phụ tùng Honda tiêu chuẩn,64.000 ₫,1
64311KVGV40,Tấm bắt sàn phải,HONDA,Phụ tùng Honda tiêu chuẩn,74.000 ₫,2
64311KWWA80,Giá bắt yếm,HONDA,Phụ tùng Honda tiêu chuẩn,42.000 ₫,1
64311KYZ900,GIÁ BẮT ỐP YẾM,HONDA,Phụ tùng Honda tiêu chuẩn,64.000 ₫,1
64311KYZG00,GIÁ BẮT ỐP YẾM,HONDA,Phụ tùng Honda tiêu chuẩn,57.000 ₫,1
64312K01900ZA,Ốp trung tâm *NH-1*,HONDA,Phụ tùng Honda tiêu chuẩn,59.000 ₫,1
64312K0RV00ZA,Ốp nhựa trung tâm *NH1* *NH1*,HONDA,Phụ tùng Honda tiêu chuẩn,70.000 ₫,1
64312K77V00ZA,Ốp trung tâm *NH1*,HONDA,Phụ tùng Honda tiêu chuẩn,82.000 ₫,1
64313K73V40ZA,Bộ ốp trước trên *YR303M*,HONDA,Phụ tùng Honda tiêu chuẩn,134.000 ₫,2
64313K73V40ZB,Bộ ốp trước trên *R350C*,HONDA,Phụ tùng Honda tiêu chuẩn,114.000 ₫,2
64313K73V40ZC,Bộ ốp trước trên *R340C*,HONDA,Phụ tùng Honda tiêu chuẩn,131.000 ₫,1
64313K73V40ZE,Bộ ốp trước trên *NHB25M*,HONDA,Phụ tùng Honda tiêu chuẩn,118.000 ₫,1
64313K73V40ZF,Bộ ốp trước trên *NHA76M*,HONDA,Phụ tùng Honda tiêu chuẩn,118.000 ₫,1
64313K73V40ZK,Ốp mặt nạ trước *NHB55P*,HONDA,Phụ tùng Honda tiêu chuẩn,131.000 ₫,1
64313K73V40ZL,BỘ ỐP TRƯỚC TRÊN *NH193P*,HONDA,Phụ tùng Honda tiêu chuẩn,114.000 ₫,1
64313K73V40ZP,Ốp mặt nạ trước *NHC34*,HONDA,Phụ tùng Honda tiêu chuẩn,98.000 ₫,1
64313K73V40ZR,MẶT NẠ TRƯỚC *PB421M*,HONDA,Phụ tùng Honda tiêu chuẩn,111.000 ₫,1
64313KYZG01ZA,Bộ ốp trước trên *YR208M*,HONDA,Phụ tùng Honda tiêu chuẩn,161.000 ₫,1
64313KYZG01ZC,Bộ ốp trước trên *NHB12M*,HONDA,Phụ tùng Honda tiêu chuẩn,161.000 ₫,1
64313KYZG01ZD,Bộ ốp trước trên *NHA62M*,HONDA,Phụ tùng Honda tiêu chuẩn,161.000 ₫,1
64313KYZG01ZE,Bộ ốp trước trên *NHB25M*,HONDA,Phụ tùng Honda tiêu chuẩn,161.000 ₫,2
64314K01900ZA,Nắp ốp đầu động cơ *NH-1*,HONDA,Phụ tùng Honda tiêu chuẩn,48.000 ₫,1
64314K77V00ZA,Nắp ốp đầu động cơ *NH1*,HONDA,Phụ tùng Honda tiêu chuẩn,47.000 ₫,1
64315K12900,Ốp dưới,HONDA,Phụ tùng Honda tiêu chuẩn,98.000 ₫,1
64315K12V00,Ốp dưới,HONDA,Phụ tùng Honda tiêu chuẩn,79.000 ₫,1
64315K29900ZA,Bộ ốp sàn*YR286R*,HONDA,Phụ tùng Honda tiêu chuẩn,250.000 ₫,1
64315K29900ZB,Bộ ốp sàn*R349R*,HONDA,Phụ tùng Honda tiêu chuẩn,250.000 ₫,1
64315K29900ZC,Bộ ốp sàn*NH1*,HONDA,Phụ tùng Honda tiêu chuẩn,250.000 ₫,3
64315K2PV40ZA,ỐP TRÊN MẶT NẠ XE *R340C*,HONDA,Phụ tùng Honda tiêu chuẩn,242.000 ₫,1
64315K2PV40ZB,Ốp trên mặt nạ xe *PB406M*,HONDA,Phụ tùng Honda tiêu chuẩn,248.000 ₫,1
64315K56V50ZG,Nắp ốp phía trước *B189*,HONDA,Phụ tùng Honda tiêu chuẩn,282.000 ₫,1
64315K56V50ZH,Nắp ốp phía trước *NHA76T*,HONDA,Phụ tùng Honda tiêu chuẩn,276.000 ₫,1
64315K56V50ZK,Nắp ốp phía trước *PB421*,HONDA,Phụ tùng Honda tiêu chuẩn,282.000 ₫,1
64315K56V50ZL,Nắp ốp phía trước *R389*,HONDA,Phụ tùng Honda tiêu chuẩn,282.000 ₫,1
64315K56V60ZA,Ốp trên mặt nạ xe *NHA76*,HONDA,Phụ tùng Honda tiêu chuẩn,211.000 ₫,1
64315K56V60ZB,Ốp trên mặt nạ xe *NHA40M*,HONDA,Phụ tùng Honda tiêu chuẩn,247.000 ₫,1
64315K56V60ZC,Ốp trên mặt nạ xe *R389*,HONDA,Phụ tùng Honda tiêu chuẩn,211.000 ₫,1
64315K56V60ZE,Ốp trên mặt nạ xe *NHB25M*,HONDA,Phụ tùng Honda tiêu chuẩn,211.000 ₫,1
64315K56V60ZF,Ốp trên mặt nạ xe *B189C*,HONDA,Phụ tùng Honda tiêu chuẩn,216.000 ₫,1
64315K77V00ZA,Nắp hộp chứa dung dịch làm mát *NH1*,HONDA,Phụ tùng Honda tiêu chuẩn,19.000 ₫,1
64316KVG900,Nắp mở bugi,HONDA,Phụ tùng Honda tiêu chuẩn,24.000 ₫,1
64316KVGV40,Nắp mở bugi,HONDA,Phụ tùng Honda tiêu chuẩn,30.000 ₫,1
64317K77V00ZA,Nắp dưới bình ắc quy *NH1*,HONDA,Phụ tùng Honda tiêu chuẩn,17.000 ₫,1
64320K01600ZC,Bộ trang trí ốp trước*R350*,HONDA,Phụ tùng Honda tiêu chuẩn,338.000 ₫,1
64320K01600ZE,BỘ TRANG TRÍ ỐP TRƯỚC*NHB35*,HONDA,Phụ tùng Honda tiêu chuẩn,338.000 ₫,1
64320K01900ZD,Bộ trang trí ốp trước *NHB35*,HONDA,Phụ tùng Honda tiêu chuẩn,338.000 ₫,1
64320K07900ZE,ỐP ỐNG NỐI BẦU LỌC GIÓ *R-340C,HONDA,Phụ tùng Honda tiêu chuẩn,321.000 ₫,1
64320K0RV60ZB,Bộ ốp sàn phải *NHA76M*,HONDA,Phụ tùng Honda tiêu chuẩn,216.000 ₫,1
64320K12900,Ốp trước bên trong,HONDA,Phụ tùng Honda tiêu chuẩn,62.000 ₫,1
64320K12V00,Ốp trước bên trong,HONDA,Phụ tùng Honda tiêu chuẩn,70.000 ₫,1
64320K27630ZA,Bộ ốp ống yếm trên,HONDA,Phụ tùng Honda tiêu chuẩn,353.000 ₫,1
64320K27V10ZA,Bộ ốp ống yếm trên,HONDA,Phụ tùng Honda tiêu chuẩn,315.000 ₫,1
64320K27V60ZA,Bộ ốp ống yếm trên,HONDA,Phụ tùng Honda tiêu chuẩn,308.000 ₫,2
64320K27V60ZC,Bộ ốp ống yếm trên,HONDA,Phụ tùng Honda tiêu chuẩn,315.000 ₫,1
64320K2PV70,Ốp ống yếm chính,HONDA,Phụ tùng Honda tiêu chuẩn,204.000 ₫,1
64320K56V00ZA,Ốp ống yếm chính *NH1*,HONDA,Phụ tùng Honda tiêu chuẩn,250.000 ₫,1
64320K56V20ZB,Bộ ốp yếm trước *R371R*,HONDA,Phụ tùng Honda tiêu chuẩn,250.000 ₫,1
64320K56V50ZA,Ốp ống yếm chính *NH1*,HONDA,Phụ tùng Honda tiêu chuẩn,219.000 ₫,1
64320K66V10ZJ,Ốp ống yếm chính *R340C*,HONDA,Phụ tùng Honda tiêu chuẩn,370.000 ₫,1
64320K66V10ZK,Ốp ống yếm chính *PB390M*,HONDA,Phụ tùng Honda tiêu chuẩn,370.000 ₫,1
64320K66V10ZL,Ốp ống yếm chính *NHB83M*,HONDA,Phụ tùng Honda tiêu chuẩn,370.000 ₫,1
64320K66V10ZM,Ốp ống yếm chính *NHB56M*,HONDA,Phụ tùng Honda tiêu chuẩn,370.000 ₫,1
64320K66V10ZN,Ốp ống yếm chính *NHB35P*,HONDA,Phụ tùng Honda tiêu chuẩn,370.000 ₫,2
64320K66V90ZA,Ốp ống yếm chính *NHB25M*,HONDA,Phụ tùng Honda tiêu chuẩn,370.000 ₫,1
64320K66VQ0ZB,Bộ ốp ống yếm chính *NHB25M*,HONDA,Phụ tùng Honda tiêu chuẩn,406.000 ₫,1
64320K73V00ZA,Ốp ống yếm chính *NH1*,HONDA,Phụ tùng Honda tiêu chuẩn,71.000 ₫,1
64320K73V40ZA,Ốp ống yếm chính *YR303M*,HONDA,Phụ tùng Honda tiêu chuẩn,233.000 ₫,1
64320K73V40ZB,Ốp ống yếm chính *R350C*,HONDA,Phụ tùng Honda tiêu chuẩn,205.000 ₫,1
64320K73V40ZC,Ốp ống yếm chính *R340C*,HONDA,Phụ tùng Honda tiêu chuẩn,233.000 ₫,2
64320K73V40ZD,Ốp ống yếm chính *PB389M*,HONDA,Phụ tùng Honda tiêu chuẩn,210.000 ₫,2
64320K73V40ZF,Ốp ống yếm chính *NHA76M*,HONDA,Phụ tùng Honda tiêu chuẩn,210.000 ₫,1
64320K73V40ZH,ỐP ỐNG YẾM CHÍNH *NH193P*,HONDA,Phụ tùng Honda tiêu chuẩn,319.000 ₫,1
64320K89V00ZA,Ốp ống yếm chính *NH1*,HONDA,Phụ tùng Honda tiêu chuẩn,56.000 ₫,2
64320KEV900ZB,ốp ống yếm chính *NH1*,HONDA,Phụ tùng Honda tiêu chuẩn,76.000 ₫,1
64320KFL710ZA,Ốp ống yếm chính *NH158R*,HONDA,Phụ tùng Honda tiêu chuẩn,164.000 ₫,1
64320KTL640,ốp ống yếm chính,HONDA,Phụ tùng Honda tiêu chuẩn,54.000 ₫,1
64320KVBV00ZC,Bộ mặt nạ trước *R313C*,HONDA,Phụ tùng Honda tiêu chuẩn,282.000 ₫,1
64320KVGV00ZA,Bộ ốp ốngtrên trước *YR271*,HONDA,Phụ tùng Honda tiêu chuẩn,279.000 ₫,2
64320KVRV80,ốp ống yếm chính,HONDA,Phụ tùng Honda tiêu chuẩn,68.000 ₫,1
64320KWWA00,ốp ống yếm sau,HONDA,Phụ tùng Honda tiêu chuẩn,70.000 ₫,1
64320KWWA80,ốp ống yếm sau,HONDA,Phụ tùng Honda tiêu chuẩn,61.000 ₫,1
64320KZVV30,ốp ống yếm chính,HONDA,Phụ tùng Honda tiêu chuẩn,47.000 ₫,1
64321GN5900,Vít bắt yếm xe,HONDA,Phụ tùng Honda tiêu chuẩn,76.000 ₫,3
64321K01900ZC,Ốp sàn phải *R-350C*,HONDA,Phụ tùng Honda tiêu chuẩn,218.000 ₫,1
64321K0RV00ZA,Bộ ốp sàn phải *R368C*,HONDA,Phụ tùng Honda tiêu chuẩn,190.000 ₫,1
64321K0RV00ZD,Bộ ốp sàn phải *NHB35P*,HONDA,Phụ tùng Honda tiêu chuẩn,190.000 ₫,2
64321K0RV00ZE,Bộ ốp sàn phải *NHB25M*,HONDA,Phụ tùng Honda tiêu chuẩn,190.000 ₫,1
64321K1FV00ZA,Tấm bắt sàn trái *NH1*,HONDA,Phụ tùng Honda tiêu chuẩn,128.000 ₫,1
64321K1NV00ZA,Ốp sàn bên phải *R350C*,HONDA,Phụ tùng Honda tiêu chuẩn,181.000 ₫,1
64321K1NV00ZB,Ốp sàn bên phải *PB410P*,HONDA,Phụ tùng Honda tiêu chuẩn,181.000 ₫,1
64321K1NV00ZC,Ốp sàn bên phải *NHC46P*,HONDA,Phụ tùng Honda tiêu chuẩn,181.000 ₫,1
64321K1NV00ZF,Ốp sàn bên phải *NHB18M*,HONDA,Phụ tùng Honda tiêu chuẩn,176.000 ₫,1
64321K1NV00ZG,Ốp sàn phải *NHC60*,HONDA,Phụ tùng Honda tiêu chuẩn,185.000 ₫,1
64321K1NV00ZH,Ốp sàn phải *NHA76*,HONDA,Phụ tùng Honda tiêu chuẩn,185.000 ₫,1
64321K27V00ZA,Tấm bắt sàn trái *NH1*,HONDA,Phụ tùng Honda tiêu chuẩn,127.000 ₫,1
64321K27V50ZA,Tấm bắt sàn trái*NH1*,HONDA,Phụ tùng Honda tiêu chuẩn,127.000 ₫,2
64321K29900ZA,Ốp sàn bên phải*YR299P*,HONDA,Phụ tùng Honda tiêu chuẩn,171.000 ₫,1
64321K29900ZC,Ốp sàn bên phải*R340C*,HONDA,Phụ tùng Honda tiêu chuẩn,176.000 ₫,1
64321K29900ZE,Ốp sàn bên phải*PB390M*,HONDA,Phụ tùng Honda tiêu chuẩn,176.000 ₫,1
64321K29900ZF,Ốp sàn bên phải*NHB35P*,HONDA,Phụ tùng Honda tiêu chuẩn,176.000 ₫,1
64321K29900ZG,Ốp sàn bên phải*NHB25M*,HONDA,Phụ tùng Honda tiêu chuẩn,176.000 ₫,1
64321K29900ZM,Ốp sàn bên phải*GY150P*,HONDA,Phụ tùng Honda tiêu chuẩn,170.000 ₫,1
64321K29900ZN,Ốp sàn bên phải *R350C*,HONDA,Phụ tùng Honda tiêu chuẩn,176.000 ₫,2
64321K29900ZP,Ốp sàn bên phải *NHB18M*,HONDA,Phụ tùng Honda tiêu chuẩn,176.000 ₫,1
64321K29900ZQ,Ốp sàn bên phải *R368C*,HONDA,Phụ tùng Honda tiêu chuẩn,176.000 ₫,1
64321K29900ZR,Ốp sàn bên phải *PB408P*,HONDA,Phụ tùng Honda tiêu chuẩn,171.000 ₫,1
64321K2ZV00ZA,Tấm bắt sàn trái *NH1*,HONDA,Phụ tùng Honda tiêu chuẩn,128.000 ₫,1
64321K66V00,Tấm bắt sàn trái,HONDA,Phụ tùng Honda tiêu chuẩn,142.000 ₫,1
64321K77V00ZE,Ốp sàn phải *NHB25M*,HONDA,Phụ tùng Honda tiêu chuẩn,216.000 ₫,1
64321K77V00ZG,Ốp sàn phải *R368C*,HONDA,Phụ tùng Honda tiêu chuẩn,216.000 ₫,1
64321K77V00ZH,Ốp sàn phải *NHB86M*,HONDA,Phụ tùng Honda tiêu chuẩn,211.000 ₫,1
64321K77V00ZJ,Ốp sàn phải *NHB35P*,HONDA,Phụ tùng Honda tiêu chuẩn,216.000 ₫,1
64321K77V00ZW,Bộ ốp sàn phải *NHA76M*,HONDA,Phụ tùng Honda tiêu chuẩn,233.000 ₫,1
64321K77V00ZX,Bộ ốp sàn phải *NHA40M*,HONDA,Phụ tùng Honda tiêu chuẩn,216.000 ₫,2
64321KVG950,Tấm bắt sàn trái,HONDA,Phụ tùng Honda tiêu chuẩn,68.000 ₫,1
64321KVGV40,Tấm bắt sàn trái,HONDA,Phụ tùng Honda tiêu chuẩn,88.000 ₫,1
64322K01900ZC,Ốp sàn trái *R-350C*,HONDA,Phụ tùng Honda tiêu chuẩn,222.000 ₫,2
64322K01900ZD,Ốp sàn trái *NH-B35P*,HONDA,Phụ tùng Honda tiêu chuẩn,222.000 ₫,1
64322K01900ZE,Ốp sàn trái *NH-B25M*,HONDA,Phụ tùng Honda tiêu chuẩn,222.000 ₫,1
64322K0RV00ZA,Bộ ốp sàn trái *R368C*,HONDA,Phụ tùng Honda tiêu chuẩn,190.000 ₫,1
64322K1NV00ZA,Ốp sàn bên trái *R350C*,HONDA,Phụ tùng Honda tiêu chuẩn,181.000 ₫,1
64322K1NV00ZB,Ốp sàn bên trái *PB410P*,HONDA,Phụ tùng Honda tiêu chuẩn,181.000 ₫,1
64322K1NV00ZD,Ốp sàn bên trái *NHB35P*,HONDA,Phụ tùng Honda tiêu chuẩn,176.000 ₫,1
64322K29900ZC,Ốp sàn bên trái*R340C*,HONDA,Phụ tùng Honda tiêu chuẩn,176.000 ₫,1
64322K29900ZE,Ốp sàn bên trái*PB390M*,HONDA,Phụ tùng Honda tiêu chuẩn,176.000 ₫,1
64322K29900ZF,Ốp sàn bên trái*NHB35P*,HONDA,Phụ tùng Honda tiêu chuẩn,176.000 ₫,1
64322K29900ZG,Ốp sàn bên trái*NHB25M*,HONDA,Phụ tùng Honda tiêu chuẩn,171.000 ₫,1
64322K29900ZM,Ốp sàn bên trái*GY150P*,HONDA,Phụ tùng Honda tiêu chuẩn,170.000 ₫,1
64322K29900ZN,Ốp sàn bên trái *R350C*,HONDA,Phụ tùng Honda tiêu chuẩn,176.000 ₫,1
64322K29900ZP,Ốp sàn bên trái *NHB18M*,HONDA,Phụ tùng Honda tiêu chuẩn,176.000 ₫,1
64322K29900ZQ,Ốp sàn bên trái *R368C*,HONDA,Phụ tùng Honda tiêu chuẩn,176.000 ₫,1
64322K77V00ZB,Ốp sàn trái *NHB25M*,HONDA,Phụ tùng Honda tiêu chuẩn,216.000 ₫,1
64322K77V00ZG,Ốp sàn trái *R368C*,HONDA,Phụ tùng Honda tiêu chuẩn,216.000 ₫,1
64322K77V00ZH,Ốp sàn trái *NHB86M*,HONDA,Phụ tùng Honda tiêu chuẩn,211.000 ₫,1
64322K77V00ZJ,Ốp sàn trái *NHB35P*,HONDA,Phụ tùng Honda tiêu chuẩn,216.000 ₫,1
64322K77V00ZW,Bộ ốp sàn trái *NHA76M*,HONDA,Phụ tùng Honda tiêu chuẩn,233.000 ₫,1
64322K77V00ZX,Bộ ốp sàn trái *NHA40M*,HONDA,Phụ tùng Honda tiêu chuẩn,211.000 ₫,1
64323K1NV00ZA,Đệm A ốp sàn *YR286R*,HONDA,Phụ tùng Honda tiêu chuẩn,19.000 ₫,1
64324K1NV00ZA,Đệm B ốp sàn *YR286R*,HONDA,Phụ tùng Honda tiêu chuẩn,19.000 ₫,1
64324K1NV00ZB,Đệm B ốp sàn *NH1*,HONDA,Phụ tùng Honda tiêu chuẩn,16.000 ₫,4
64325K2PV40ZA,BỘ ỐP YẾM SAU PHẢI *R340*,HONDA,Phụ tùng Honda tiêu chuẩn,150.000 ₫,1
64325K2PV40ZB,Bộ ốp yếm sau phải *PB406*,HONDA,Phụ tùng Honda tiêu chuẩn,150.000 ₫,1
64325K2PVF0ZA,BỘ ỐP YẾM SAU PHẢI *NHA76M*,HONDA,Phụ tùng Honda tiêu chuẩn,193.000 ₫,1
64325K56N10,Bộ ốp yếm sau,HONDA,Phụ tùng Honda tiêu chuẩn,170.000 ₫,1
64325K56V50ZA,Bộ ốp yếm sau phải *NHA76H*,HONDA,Phụ tùng Honda tiêu chuẩn,162.000 ₫,1
64325K56V50ZB,Bộ ốp yếm sau phải *NHA76T*,HONDA,Phụ tùng Honda tiêu chuẩn,158.000 ₫,1
64325K56V50ZC,Bộ ốp yếm sau phải *NHA40*,HONDA,Phụ tùng Honda tiêu chuẩn,162.000 ₫,1
64325K56V50ZG,Bộ ốp yếm sau phải *R389*,HONDA,Phụ tùng Honda tiêu chuẩn,162.000 ₫,1
64325K89V00ZA,Ốp nhựa trung tâm phải *NH1*,HONDA,Phụ tùng Honda tiêu chuẩn,93.000 ₫,2
64325KVL930ZA,ốp nhựa trung tâm *NHA69P*,HONDA,Phụ tùng Honda tiêu chuẩn,119.000 ₫,1
64325KWW640ZJ,ỐP TRUNG TÂM PHẢI *R340C*,HONDA,Phụ tùng Honda tiêu chuẩn,204.000 ₫,1
64325KWWA00ZJ,ốp trung tâm phải *NHA62M*,HONDA,Phụ tùng Honda tiêu chuẩn,139.000 ₫,1
64325KYZ900YA,ốp trên ống chính dưới *R340C*,HONDA,Phụ tùng Honda tiêu chuẩn,164.000 ₫,1
64325KYZ900YB,ốp trên ống chính dưới *NHB25M,HONDA,Phụ tùng Honda tiêu chuẩn,164.000 ₫,1
64325KYZ900YJ,Ốp ống yếm trái *PB389M*,HONDA,Phụ tùng Honda tiêu chuẩn,164.000 ₫,1
64325KYZ900ZJ,Bộ ốp cánh yếm dưới *NHB12M*,HONDA,Phụ tùng Honda tiêu chuẩn,164.000 ₫,1
64325KYZ900ZR,ốp trên ống chính dưới *NHB24M,HONDA,Phụ tùng Honda tiêu chuẩn,175.000 ₫,1
64325KYZ900ZS,ốp trên ống chính dưới *NHA62M,HONDA,Phụ tùng Honda tiêu chuẩn,164.000 ₫,1
64325KYZ900ZY,ốp trên ống chính dưới *R350C*,HONDA,Phụ tùng Honda tiêu chuẩn,175.000 ₫,1
64326K2PV40ZA,BỘ ỐP YẾM SAU TRÁI *R340*,HONDA,Phụ tùng Honda tiêu chuẩn,150.000 ₫,1
64326K2PVE0ZA,BỘ ỐP YẾM SAU TRÁI *NHB25M*,HONDA,Phụ tùng Honda tiêu chuẩn,193.000 ₫,1
64326K2PVF0ZA,BỘ ỐP YẾM SAU TRÁI *NHA76M*,HONDA,Phụ tùng Honda tiêu chuẩn,193.000 ₫,1
64326K56V50ZA,Bộ ốp yếm sau trái *NHA76H*,HONDA,Phụ tùng Honda tiêu chuẩn,162.000 ₫,1
64326K56V50ZB,Bộ ốp yếm sau trái *YR271*,HONDA,Phụ tùng Honda tiêu chuẩn,158.000 ₫,1
64326K56V50ZG,Bộ ốp yếm sau trái *R389*,HONDA,Phụ tùng Honda tiêu chuẩn,162.000 ₫,1
64326K56V70ZB,Bộ ốp yếm sau trái *R389*,HONDA,Phụ tùng Honda tiêu chuẩn,162.000 ₫,1
64327K2PV60ZA,Bộ ốp ống yếm sau phải *Y224*,HONDA,Phụ tùng Honda tiêu chuẩn,161.000 ₫,1
64327K2PV60ZB,Bộ ốp ống yếm sau phải *NH1*,HONDA,Phụ tùng Honda tiêu chuẩn,144.000 ₫,1
64327K56V50ZD,BỘ ỐP ỐNG YẾM SAU PHẢI *PB406*,HONDA,Phụ tùng Honda tiêu chuẩn,131.000 ₫,1
64327K56V50ZG,Bộ ốp ống yếm sau phải *B189C*,HONDA,Phụ tùng Honda tiêu chuẩn,118.000 ₫,1
64327K56V50ZH,Bộ ốp ống yếm sau phải *NHB24M*,HONDA,Phụ tùng Honda tiêu chuẩn,134.000 ₫,1
64327K56V50ZJ,Bộ ốp ống yếm sau phải *R389*,HONDA,Phụ tùng Honda tiêu chuẩn,118.000 ₫,1
64327K56V50ZM,Bộ ốp ống yếm sau phải *NHB25M*,HONDA,Phụ tùng Honda tiêu chuẩn,118.000 ₫,1
64328K2PV60ZA,Bộ ốp ống yếm sau trái *Y224*,HONDA,Phụ tùng Honda tiêu chuẩn,144.000 ₫,1
64328K2PV60ZB,Bộ ốp ống yếm sau trái *NH1*,HONDA,Phụ tùng Honda tiêu chuẩn,127.000 ₫,1
64328K56V50ZB,Bộ ốp ống yếm sau trái *R340*,HONDA,Phụ tùng Honda tiêu chuẩn,134.000 ₫,1
64328K56V50ZD,BỘ ỐP ỐNG YẾM SAU TRÁI *PB406*,HONDA,Phụ tùng Honda tiêu chuẩn,134.000 ₫,1
64328K56V50ZG,Bộ ốp ống yếm sau trái *B189C*,HONDA,Phụ tùng Honda tiêu chuẩn,118.000 ₫,1
64328K56V50ZH,Bộ ốp ống yếm sau trái *NHB24M*,HONDA,Phụ tùng Honda tiêu chuẩn,134.000 ₫,1
64328K56V50ZJ,Bộ ốp ống yếm sau trái *R389*,HONDA,Phụ tùng Honda tiêu chuẩn,118.000 ₫,1
64328K56V50ZM,Bộ ốp ống yếm sau trái *NHB25M*,HONDA,Phụ tùng Honda tiêu chuẩn,118.000 ₫,1
64330K0RV60ZA,Bộ ốp sàn trái *NHA76M*,HONDA,Phụ tùng Honda tiêu chuẩn,222.000 ₫,1
64330K0RV60ZB,Bộ ốp sàn trái *NHA76M*,HONDA,Phụ tùng Honda tiêu chuẩn,222.000 ₫,1
64330K1FV00ZG,Ốp ống trước *NHC04M*,HONDA,Phụ tùng Honda tiêu chuẩn,238.000 ₫,1
64330K1FV01ZC,Ốp ống yếm chính *NHB25M*,HONDA,Phụ tùng Honda tiêu chuẩn,239.000 ₫,1
64330K1FV01ZE,Ốp ống yếm chính *NHA69P*,HONDA,Phụ tùng Honda tiêu chuẩn,247.000 ₫,1
64330K1FV01ZG,Ốp ống trước *NHC04M*,HONDA,Phụ tùng Honda tiêu chuẩn,244.000 ₫,1
64330K27V00ZA,Ốp ông yếm trên *NHB25M*,HONDA,Phụ tùng Honda tiêu chuẩn,315.000 ₫,1
64330K27V00ZB,Ốp ống yếm trên*NHB56M*,HONDA,Phụ tùng Honda tiêu chuẩn,308.000 ₫,1
64330K66V00ZB,Ốp ống yếm trên *YR322C*,HONDA,Phụ tùng Honda tiêu chuẩn,356.000 ₫,1
64330K66V00ZC,Ốp ống yếm trên *R340C*,HONDA,Phụ tùng Honda tiêu chuẩn,356.000 ₫,1
64330K66V00ZG,Ốp ống yếm trên *NHB35P*,HONDA,Phụ tùng Honda tiêu chuẩn,356.000 ₫,1
64330K66V00ZH,Ốp ống yếm trên *NHB25M*,HONDA,Phụ tùng Honda tiêu chuẩn,356.000 ₫,1
64330K66V00ZJ,Ốp ống yếm trên *NHA62M*,HONDA,Phụ tùng Honda tiêu chuẩn,356.000 ₫,1
64330K66VG0ZC,Bộ ốp ống yếm trên *NHB83M*,HONDA,Phụ tùng Honda tiêu chuẩn,287.000 ₫,1
64330K66VG0ZD,Bộ ốp ống yếm trên *Y221M*,HONDA,Phụ tùng Honda tiêu chuẩn,292.000 ₫,1
64330K73V40ZA,Bộ ốp trước trên phía trong *NH1*,HONDA,Phụ tùng Honda tiêu chuẩn,144.000 ₫,1
64330K89V00ZA,Ốp nhựa trung tâm trái *NH1*,HONDA,Phụ tùng Honda tiêu chuẩn,91.000 ₫,2
64330KVG900ZK,Tấm ốp trên trước *NHA69P*,HONDA,Phụ tùng Honda tiêu chuẩn,185.000 ₫,1
64330KVG900ZP,Tấm ốp trên trước *NHA96P*,HONDA,Phụ tùng Honda tiêu chuẩn,181.000 ₫,1
64330KVG900ZQ,Tấm ốp trên trước *R313C*,HONDA,Phụ tùng Honda tiêu chuẩn,185.000 ₫,1
64330KVGA30ZH,ốp ống yếm trên trước *R313C*,HONDA,Phụ tùng Honda tiêu chuẩn,222.000 ₫,1
64330KVGA30ZL,ốp ống yếm trên trước *NHA69P*,HONDA,Phụ tùng Honda tiêu chuẩn,222.000 ₫,1
64330KVGA30ZN,ốp ống yếm trên trước *R343C*,HONDA,Phụ tùng Honda tiêu chuẩn,458.000 ₫,1
64330KVGV40ZC,Tấm ốp yếm trên *R340C*,HONDA,Phụ tùng Honda tiêu chuẩn,295.000 ₫,1
64330KVGV40ZD,Tấm ốp yếm trên *NHB35P*,HONDA,Phụ tùng Honda tiêu chuẩn,295.000 ₫,1
64330KVGV40ZE,Tấm ốp yếm trên *NHB25M*,HONDA,Phụ tùng Honda tiêu chuẩn,295.000 ₫,1
64330KVLN00,Bộ ốp ống yếm trên,HONDA,Phụ tùng Honda tiêu chuẩn,74.000 ₫,1
64330KVV930ZA,Bộ yếm *R150*,HONDA,Phụ tùng Honda tiêu chuẩn,427.000 ₫,1
64330KWW640ZJ,ỐP TRUNG TÂM TRÁI*R340C*,HONDA,Phụ tùng Honda tiêu chuẩn,204.000 ₫,1
64330KWWA00ZJ,ốp trung tâm trái *NHA62M*,HONDA,Phụ tùng Honda tiêu chuẩn,141.000 ₫,1
64330KYZG01ZB,Bộ ốp trước trên phía trong *NHB25M*,HONDA,Phụ tùng Honda tiêu chuẩn,208.000 ₫,1
64330KYZG01ZC,Bộ ốp trước phía trong *NHB12M*,HONDA,Phụ tùng Honda tiêu chuẩn,208.000 ₫,1
64330KYZG01ZD,Bộ ốp trước trên phía trong *R340C*,HONDA,Phụ tùng Honda tiêu chuẩn,204.000 ₫,1
64330KYZG01ZE,Bộ ốp trước phía trong *PB389M*,HONDA,Phụ tùng Honda tiêu chuẩn,208.000 ₫,1
64330KYZG01ZF,Bộ ốp trước trên phía trong *NHA62M*,HONDA,Phụ tùng Honda tiêu chuẩn,204.000 ₫,1
64331K01900,Ốp dưới,HONDA,Phụ tùng Honda tiêu chuẩn,65.000 ₫,1
64331K0RV00,Ốp dưới,HONDA,Phụ tùng Honda tiêu chuẩn,54.000 ₫,1
64331K27V00ZA,Ốp đèn chính *NHB25M*,HONDA,Phụ tùng Honda tiêu chuẩn,50.000 ₫,1
64331K27V10ZA,Ốp đèn chính *NHB25M*,HONDA,Phụ tùng Honda tiêu chuẩn,50.000 ₫,1
64331K77V00,Ốp dưới,HONDA,Phụ tùng Honda tiêu chuẩn,61.000 ₫,1
64331KVGV40,Nắp hộp,HONDA,Phụ tùng Honda tiêu chuẩn,21.000 ₫,1
64335K1FV00ZD,Ốp khóa khẩn cấp *NHA76M*,HONDA,Phụ tùng Honda tiêu chuẩn,68.000 ₫,2
64335K1FV00ZE,Ốp khóa khẩn cấp *NHA69P*,HONDA,Phụ tùng Honda tiêu chuẩn,68.000 ₫,1
64335K1FV00ZG,Ốp khóa khẩn cấp *NHC04M*,HONDA,Phụ tùng Honda tiêu chuẩn,64.000 ₫,1
64335K66VG0ZA,Ốp khóa khẩn cấp *Y221M*,HONDA,Phụ tùng Honda tiêu chuẩn,77.000 ₫,1
64335K66VG0ZB,Ốp khóa khẩn cấp *NHB83M*,HONDA,Phụ tùng Honda tiêu chuẩn,74.000 ₫,1
64335K66VG0ZC,Ốp khóa khẩn cấp *NHB25M*,HONDA,Phụ tùng Honda tiêu chuẩn,74.000 ₫,1
64335K66VG0ZD,Ốp khóa khẩn cấp *NHB24M*,HONDA,Phụ tùng Honda tiêu chuẩn,74.000 ₫,1
64335KVGV41,Nắp đèn hộp đồ,HONDA,Phụ tùng Honda tiêu chuẩn,14.000 ₫,1
64340K03N30ZA,Ốp trung tâm NH1,HONDA,Phụ tùng Honda tiêu chuẩn,54.000 ₫,1
64340K07940ZA,Ốp nhựa trung tâm *NH-1*,HONDA,Phụ tùng Honda tiêu chuẩn,64.000 ₫,1
64340K1FV00ZC,Ốp nhựa trung tâm *NHB25M*,HONDA,Phụ tùng Honda tiêu chuẩn,187.000 ₫,1
64340K1FV00ZE,Ốp nhựa trung tâm *NHA69P*,HONDA,Phụ tùng Honda tiêu chuẩn,164.000 ₫,1
64340K1FV00ZK,Ốp nhựa trung tâm *NHB35P*,HONDA,Phụ tùng Honda tiêu chuẩn,164.000 ₫,1
64340K1NV00ZA,ốp sàn dưới *YR286R*,HONDA,Phụ tùng Honda tiêu chuẩn,193.000 ₫,1
64340K1NV00ZB,ốp sàn dưới *NH1*,HONDA,Phụ tùng Honda tiêu chuẩn,188.000 ₫,1
64340K27V00ZA,Ốp nhựa trung tâm *Y208M*,HONDA,Phụ tùng Honda tiêu chuẩn,305.000 ₫,1
64340K27V00ZB,Ốp nhựa trung tâm NHA62M,HONDA,Phụ tùng Honda tiêu chuẩn,305.000 ₫,1
64340K27V00ZE,Ốp nhựa trung tâm *R340C*,HONDA,Phụ tùng Honda tiêu chuẩn,312.000 ₫,1
64340K27V00ZF,Ốp nhựa trung tâm *NHB24M*,HONDA,Phụ tùng Honda tiêu chuẩn,305.000 ₫,1
64340K27V00ZH,Ốp nhựa trung tâm *YR322C*,HONDA,Phụ tùng Honda tiêu chuẩn,312.000 ₫,1
64340K29900ZA,ốp sàn dưới*YR286R*,HONDA,Phụ tùng Honda tiêu chuẩn,208.000 ₫,1
64340K29900ZC,ốp sàn dưới*NH1*,HONDA,Phụ tùng Honda tiêu chuẩn,208.000 ₫,2
64340K57A00,Ốp trung tâm,HONDA,Phụ tùng Honda tiêu chuẩn,36.000 ₫,1
64340K66V00ZB,Ốp nhựa trung tâm *YR322C*,HONDA,Phụ tùng Honda tiêu chuẩn,190.000 ₫,1
64340K66V00ZD,Ốp nhựa trung tâm *PB390M*,HONDA,Phụ tùng Honda tiêu chuẩn,190.000 ₫,1
64340K66V00ZG,Ốp nhựa trung tâm *NHB35P*,HONDA,Phụ tùng Honda tiêu chuẩn,190.000 ₫,1
64340K66V00ZH,Ốp nhựa trung tâm *NHB25M*,HONDA,Phụ tùng Honda tiêu chuẩn,182.000 ₫,1
64340K66V00ZJ,Ốp nhựa trung tâm *NHA62M*,HONDA,Phụ tùng Honda tiêu chuẩn,190.000 ₫,1
64340K66V00ZK,Ốp nhựa trung tâm *Y221M*,HONDA,Phụ tùng Honda tiêu chuẩn,190.000 ₫,1
64340K66V00ZM,Ốp nhựa trung tâm *NHB56M*,HONDA,Phụ tùng Honda tiêu chuẩn,190.000 ₫,1
64340K66V00ZN,Ốp trung tâm *NHB24M*,HONDA,Phụ tùng Honda tiêu chuẩn,182.000 ₫,1
64340KTL640,Bộ ốp trung tâm phải,HONDA,Phụ tùng Honda tiêu chuẩn,121.000 ₫,1
64340KTM970,Bộ ốp thân trước,HONDA,Phụ tùng Honda tiêu chuẩn,94.000 ₫,1
64340KVG900ZK,Tấm ốp trung tâm *NHA69P*,HONDA,Phụ tùng Honda tiêu chuẩn,204.000 ₫,1
64340KVG900ZP,Tấm ốp trung tâm *NHA96P*,HONDA,Phụ tùng Honda tiêu chuẩn,204.000 ₫,1
64340KVG900ZQ,Tấm ốp trung tâm *R313C*,HONDA,Phụ tùng Honda tiêu chuẩn,204.000 ₫,1
64340KVGV20ZB,Tấm ốp trung tâm *R313C*,HONDA,Phụ tùng Honda tiêu chuẩn,196.000 ₫,1
64340KVGV20ZD,Tấm ốp trung tâm *NHA69P*,HONDA,Phụ tùng Honda tiêu chuẩn,196.000 ₫,1
64340KVGV20ZF,Tấm ốp trung tâm *Y209M*,HONDA,Phụ tùng Honda tiêu chuẩn,313.000 ₫,1
64340KVGV40ZD,Tấm ốp trung tâm *NHB35P*,HONDA,Phụ tùng Honda tiêu chuẩn,156.000 ₫,1
64340KVGV40ZE,Tấm ốp trung tâm *NHB25M*,HONDA,Phụ tùng Honda tiêu chuẩn,161.000 ₫,1
64340KWW640ZB,ốp trung tâm *NH1*,HONDA,Phụ tùng Honda tiêu chuẩn,48.000 ₫,1
64340KWWA00,ốp trung tâm,HONDA,Phụ tùng Honda tiêu chuẩn,34.000 ₫,1
64340KYL900ZA,Bộ ốp thân trước *NHA69P*,HONDA,Phụ tùng Honda tiêu chuẩn,162.000 ₫,1
64341K56N10,Giá ốp dưới phải,HONDA,Phụ tùng Honda tiêu chuẩn,24.000 ₫,1
64341KWWA00,Cao su giảm chấn nắp trước tay,HONDA,Phụ tùng Honda tiêu chuẩn,8.000 ₫,1
64342K56N10,Giá ốp dưới trái,HONDA,Phụ tùng Honda tiêu chuẩn,17.000 ₫,1
64345KFV950,ốngđệmlótbắtyếmxe,HONDA,Phụ tùng Honda tiêu chuẩn,13.000 ₫,4
64345KTL640,Bộốptrungtâmtrái,HONDA,Phụ tùng Honda tiêu chuẩn,119.000 ₫,1
64347001000,Vòng đệm ốc bắt yếm xe,HONDA,Phụ tùng Honda tiêu chuẩn,37.000 ₫,12
64350K03M30ZA,Bộ ốp trung tâm phải *NHB55*,HONDA,Phụ tùng Honda tiêu chuẩn,221.000 ₫,1
64350K03M30ZD,Bộ ốp trung tâm phải *R340*,HONDA,Phụ tùng Honda tiêu chuẩn,221.000 ₫,1
64350K03M60ZB,Bộ ốp trung tâm phải *NH411*,HONDA,Phụ tùng Honda tiêu chuẩn,222.000 ₫,1
64350K03M60ZE,Bộ ốp trung tâm phải *NHB25*,HONDA,Phụ tùng Honda tiêu chuẩn,222.000 ₫,1
64350K03V20ZB,Bộ ốp trung tâm phải*NHB25*,HONDA,Phụ tùng Honda tiêu chuẩn,241.000 ₫,1
64350K03V70ZD,Bộ ốp trung tâm phải *NHA69P*,HONDA,Phụ tùng Honda tiêu chuẩn,218.000 ₫,1
64350K07900ZB,Ốp trong cánh yếm phải *NH-1*,HONDA,Phụ tùng Honda tiêu chuẩn,48.000 ₫,1
64350K0RV00ZA,Nắp khóa khẩn cấp *R368C*,HONDA,Phụ tùng Honda tiêu chuẩn,101.000 ₫,1
64350K0RV00ZD,Nắp khóa khẩn cấp *NHB35P*,HONDA,Phụ tùng Honda tiêu chuẩn,108.000 ₫,1
64350K0RV00ZE,Nắp khóa khẩn cấp *NHB25M*,HONDA,Phụ tùng Honda tiêu chuẩn,108.000 ₫,1
64350K0RV00ZM,Nắp khóa khẩn cấp *NHC60P*,HONDA,Phụ tùng Honda tiêu chuẩn,108.000 ₫,1
64350K12900ZC,Ốp trước phải *YR-299P*,HONDA,Phụ tùng Honda tiêu chuẩn,235.000 ₫,1
64350K12900ZD,Ốp trước phải *R-350C*,HONDA,Phụ tùng Honda tiêu chuẩn,235.000 ₫,1
64350K12900ZF,Ốp trước phải *PB-390M*,HONDA,Phụ tùng Honda tiêu chuẩn,235.000 ₫,1
64350K12900ZG,Ốp trước phải *NH-B35P*,HONDA,Phụ tùng Honda tiêu chuẩn,235.000 ₫,1
64350K12900ZH,Ốp trước phải *NH-B25M*,HONDA,Phụ tùng Honda tiêu chuẩn,235.000 ₫,1
64350K12900ZN,Ốp trước phải *PB403P*,HONDA,Phụ tùng Honda tiêu chuẩn,235.000 ₫,1
64350K12900ZP,Ốp trước phải *NHB18M*,HONDA,Phụ tùng Honda tiêu chuẩn,230.000 ₫,1
64350K12V00ZA,Ốp trước phải *Y229P*,HONDA,Phụ tùng Honda tiêu chuẩn,170.000 ₫,1
64350K12V00ZC,Ốp trước phải *YR299P*,HONDA,Phụ tùng Honda tiêu chuẩn,170.000 ₫,1
64350K12V00ZD,Ốp trước phải *R368C*,HONDA,Phụ tùng Honda tiêu chuẩn,193.000 ₫,1
64350K12V00ZE,Ốp trước phải *PB403P*,HONDA,Phụ tùng Honda tiêu chuẩn,170.000 ₫,1
64350K12V00ZH,Ốp trước phải,HONDA,Phụ tùng Honda tiêu chuẩn,170.000 ₫,1
64350K12V00ZK,Ốp trước phải *NHA96P*,HONDA,Phụ tùng Honda tiêu chuẩn,170.000 ₫,1
64350K12V00ZN,Ốp trước phải *NHA76M*,HONDA,Phụ tùng Honda tiêu chuẩn,173.000 ₫,1
64350K1FV10ZA,Bộ ốp sàn bên trái *NH1*,HONDA,Phụ tùng Honda tiêu chuẩn,134.000 ₫,1
64350K2PV60ZA,Ốp trước phải *R406*,HONDA,Phụ tùng Honda tiêu chuẩn,179.000 ₫,1
64350K2PV60ZB,Ốp trước phải *R389*,HONDA,Phụ tùng Honda tiêu chuẩn,196.000 ₫,1
64350K2PV60ZC,Ốp trước phải *NH1*,HONDA,Phụ tùng Honda tiêu chuẩn,179.000 ₫,1
64350K2PV60ZE,Ốp trước phải *NHB18*,HONDA,Phụ tùng Honda tiêu chuẩn,196.000 ₫,1
64350K2PV60ZF,Ốp trước phải *NHA76*,HONDA,Phụ tùng Honda tiêu chuẩn,196.000 ₫,1
64350K2SN00ZB,Ốp sàn dưới phải *NH1*,HONDA,Phụ tùng Honda tiêu chuẩn,148.000 ₫,1
64350K44V00ZG,Bộ ốp sườn trước phải *R340*,HONDA,Phụ tùng Honda tiêu chuẩn,255.000 ₫,1
64350K44V00ZJ,Bộ ốp sườn trước phải *PB390*,HONDA,Phụ tùng Honda tiêu chuẩn,278.000 ₫,1
64350K44V00ZK,Bộ ốp sườn trước phải *NHB35*,HONDA,Phụ tùng Honda tiêu chuẩn,278.000 ₫,1
64350K44V00ZL,Bộ ốp sườn trước phải *NH411*,HONDA,Phụ tùng Honda tiêu chuẩn,278.000 ₫,1
64350K44V00ZM,Bộ ốp sườn trước phải *YR320*,HONDA,Phụ tùng Honda tiêu chuẩn,278.000 ₫,1
64350K44V30ZA,Bộ ốp sườn trước phải *NHA76M*,HONDA,Phụ tùng Honda tiêu chuẩn,261.000 ₫,1
64350K44V60ZB,Bộ ốp sườn trước phải *R340C*,HONDA,Phụ tùng Honda tiêu chuẩn,261.000 ₫,1
64350K44V60ZC,Bộ ốp sườn trước phải *Y229P*,HONDA,Phụ tùng Honda tiêu chuẩn,261.000 ₫,1
64350K44V60ZE,Bộ ốp sườn trước phải *NHB35P*,HONDA,Phụ tùng Honda tiêu chuẩn,261.000 ₫,1
64350K44V60ZF,Bộ ốp sườn trước phải *R350C*,HONDA,Phụ tùng Honda tiêu chuẩn,261.000 ₫,2
64350K44V70ZB,Bộ ốp sườn trước phải *NHA76M*,HONDA,Phụ tùng Honda tiêu chuẩn,321.000 ₫,1
64350K44V80ZA,Bộ ốp sườn trước phải *G209P*,HONDA,Phụ tùng Honda tiêu chuẩn,255.000 ₫,1
64350K44V80ZE,Bộ ốp sườn trước phải *NHB55P*,HONDA,Phụ tùng Honda tiêu chuẩn,255.000 ₫,1
64350K44V80ZG,Bộ ốp sườn trước phải *PB420P*,HONDA,Phụ tùng Honda tiêu chuẩn,255.000 ₫,1
64350K44V90ZA,Bộ ốp sườn trước phải *NHB35P*,HONDA,Phụ tùng Honda tiêu chuẩn,310.000 ₫,1
64350K44V90ZB,Bộ ốp sườn trước phải *NHA76M*,HONDA,Phụ tùng Honda tiêu chuẩn,310.000 ₫,2
64350K44VE0ZA,Bộ ốp trước phải *G209*,HONDA,Phụ tùng Honda tiêu chuẩn,255.000 ₫,1
64350K44VE0ZD,Bộ ốp trước phải *NHB25*,HONDA,Phụ tùng Honda tiêu chuẩn,255.000 ₫,1
64350K56V50ZC,Ốp nhựa trước phải *NHA76M*,HONDA,Phụ tùng Honda tiêu chuẩn,210.000 ₫,1
64350K56V50ZD,Ốp nhựa trước phải *NHA40M*,HONDA,Phụ tùng Honda tiêu chuẩn,218.000 ₫,1
64350K56V50ZE,Ốp nhựa trước phải *R389*,HONDA,Phụ tùng Honda tiêu chuẩn,193.000 ₫,2
64350K56V50ZG,Ốp nhựa trước phải *NHB25M*,HONDA,Phụ tùng Honda tiêu chuẩn,210.000 ₫,1
64350K56V50ZH,Ốp trước phải *R340C*,HONDA,Phụ tùng Honda tiêu chuẩn,205.000 ₫,1
64350K73V40ZB,Bộ ốp thân giữa trước *NH187R*,HONDA,Phụ tùng Honda tiêu chuẩn,56.000 ₫,1
64350K73V40ZC,Bộ ốp thân giữa trước *NH1*,HONDA,Phụ tùng Honda tiêu chuẩn,50.000 ₫,2
64350K73V40ZE,Bộ ốp thân giữa trước *YR286R*,HONDA,Phụ tùng Honda tiêu chuẩn,50.000 ₫,1
64350K90V00ZE,Bộ ốp trung tâm phải *B189*,HONDA,Phụ tùng Honda tiêu chuẩn,305.000 ₫,1
64350K90V20ZC,Bộ ốp trung tâm phải *R340 & NHA76*,HONDA,Phụ tùng Honda tiêu chuẩn,305.000 ₫,1
64350K90VB0ZD,Bộ ốp trung tâm bên phải *B189C*,HONDA,Phụ tùng Honda tiêu chuẩn,233.000 ₫,1
64350K90VC0ZF,Bộ ốp trung tâm phải *B189*,HONDA,Phụ tùng Honda tiêu chuẩn,228.000 ₫,1
64350K90VG0ZB,Bộ ốp trung tâm phải *NHB55*,HONDA,Phụ tùng Honda tiêu chuẩn,208.000 ₫,1
64350K90VJ0ZB,BỘ ỐP TRUNG TÂM PHẢI *NHA76*,HONDA,Phụ tùng Honda tiêu chuẩn,202.000 ₫,1
64350K90VL0ZA,Bộ ốp trung tâm phải *PB421M*,HONDA,Phụ tùng Honda tiêu chuẩn,202.000 ₫,1
64350KFL890ZA,ốp giữa yếm,HONDA,Phụ tùng Honda tiêu chuẩn,105.000 ₫,1
64350KTL740,Tấm ốp trung tâm phải,HONDA,Phụ tùng Honda tiêu chuẩn,101.000 ₫,1
64350KVGA30,Khay tràn xăng,HONDA,Phụ tùng Honda tiêu chuẩn,34.000 ₫,1
64350KWWB10ZA,BỘ ỐP TRUNG TÂM PHẢI *R263*,HONDA,Phụ tùng Honda tiêu chuẩn,181.000 ₫,1
64350KWWM00ZB,Bộ ốp trung tâm phải *R340B*,HONDA,Phụ tùng Honda tiêu chuẩn,241.000 ₫,1
64350KYZ900,ốp thân trước,HONDA,Phụ tùng Honda tiêu chuẩn,34.000 ₫,1
64350KZLE00ZB,Bộ ốp trước bên phải *B206*,HONDA,Phụ tùng Honda tiêu chuẩn,342.000 ₫,1
64350KZLE00ZC,Bộ ốp trước bên phải *R340*,HONDA,Phụ tùng Honda tiêu chuẩn,342.000 ₫,1
64350KZLE00ZE,Bộ ốp trước bên phải *NHB35*,HONDA,Phụ tùng Honda tiêu chuẩn,342.000 ₫,1
64350KZLE00ZF,Bộ ốp trước bên phải *NHA69*,HONDA,Phụ tùng Honda tiêu chuẩn,350.000 ₫,1
64350KZLE70ZA,Bộ ốp yếm trước phải *NH411*,HONDA,Phụ tùng Honda tiêu chuẩn,342.000 ₫,1
64350KZLE70ZC,Bộ ốp yếm trước phải *NHB25*,HONDA,Phụ tùng Honda tiêu chuẩn,350.000 ₫,1
64350KZLE80ZB,Bộ ốp yếm trước phải *R350B*,HONDA,Phụ tùng Honda tiêu chuẩn,315.000 ₫,1
64350KZLE80ZD,Bộ ốp yếm trước phải *PB390*,HONDA,Phụ tùng Honda tiêu chuẩn,315.000 ₫,1
64350KZLE80ZE,Bộ ốp yếm trước phải *NHB35*,HONDA,Phụ tùng Honda tiêu chuẩn,315.000 ₫,1
64351KVGV40,Hộp đồ trước,HONDA,Phụ tùng Honda tiêu chuẩn,54.000 ₫,1
64355K03M30ZA,Bộ ốp trung tâm trái *NHB55*,HONDA,Phụ tùng Honda tiêu chuẩn,225.000 ₫,1
64355K03M30ZD,Bộ ốp trung tâm trái *R340*,HONDA,Phụ tùng Honda tiêu chuẩn,225.000 ₫,1
64355K03M60ZC,Bộ ốp trung tâm trái *NH431*,HONDA,Phụ tùng Honda tiêu chuẩn,227.000 ₫,1
64355K03M60ZD,Bộ ốp trung tâm trái *R340*,HONDA,Phụ tùng Honda tiêu chuẩn,227.000 ₫,1
64355K03M60ZE,Bộ ốp trung tâm trái *NHB25*,HONDA,Phụ tùng Honda tiêu chuẩn,227.000 ₫,1
64355K03V70ZD,Bộ ốp trung tâm trái *NHA69P*,HONDA,Phụ tùng Honda tiêu chuẩn,219.000 ₫,1
64355K2PV00ZA,Bộ ốp trung tâm phải *NHA56M*,HONDA,Phụ tùng Honda tiêu chuẩn,241.000 ₫,1
64355K56V80ZB,Bộ ốp trước trên phải *NHA40M*,HONDA,Phụ tùng Honda tiêu chuẩn,253.000 ₫,1
64355K90V20ZC,Bộ ốp trung tâm trái *R340 & NHA76*,HONDA,Phụ tùng Honda tiêu chuẩn,305.000 ₫,1
64355K90V60ZA,Bộ ốp trung tâm bên trái *NHB83*,HONDA,Phụ tùng Honda tiêu chuẩn,304.000 ₫,1
64355K90V60ZC,Bộ ốp trung tâm bên trái *R340*,HONDA,Phụ tùng Honda tiêu chuẩn,304.000 ₫,1
64355K90V90ZC,Bộ ốp trung tâm trái *R340C*,HONDA,Phụ tùng Honda tiêu chuẩn,233.000 ₫,1
64355K90VB0ZD,Bộ ốp trung tâm trái *B189C*,HONDA,Phụ tùng Honda tiêu chuẩn,233.000 ₫,1
64355K90VC0ZF,Bộ ốp trung tâm trái *B189*,HONDA,Phụ tùng Honda tiêu chuẩn,228.000 ₫,1
64355K90VG0ZB,Bộ ốp trung tâm trái *TYPE7* *NHB55*,HONDA,Phụ tùng Honda tiêu chuẩn,208.000 ₫,1
64355K90VG0ZC,BỘ ỐP TRUNG TÂM TRÁI *R340*,HONDA,Phụ tùng Honda tiêu chuẩn,208.000 ₫,1
64355K90VG0ZE,Bộ ốp trung tâm trái *NHA76M*,HONDA,Phụ tùng Honda tiêu chuẩn,208.000 ₫,1
64355K90VG0ZG,Bộ ốp trung tâm trái *R340*,HONDA,Phụ tùng Honda tiêu chuẩn,208.000 ₫,1
64355K90VJ0ZB,BỘ ỐP TRUNG TÂM TRÁI *NHA76*,HONDA,Phụ tùng Honda tiêu chuẩn,202.000 ₫,1
64355K90VL0ZA,BỘ ỐP TRUNG TÂM TRÁI *PB421M*,HONDA,Phụ tùng Honda tiêu chuẩn,202.000 ₫,1
64355KWWB10ZA,BỘ ỐP TRUNG TÂM TRÁI *R263*,HONDA,Phụ tùng Honda tiêu chuẩn,181.000 ₫,1
64355KWWB20ZB,Bộ ốp trung tâm trái *NHA69P*,HONDA,Phụ tùng Honda tiêu chuẩn,181.000 ₫,1
64355KWWM00ZB,Bộ ốp trung tâm trái *R340B*,HONDA,Phụ tùng Honda tiêu chuẩn,241.000 ₫,1
64360K07900ZB,Ốp trong cánh yếm trái *NH-1*,HONDA,Phụ tùng Honda tiêu chuẩn,47.000 ₫,1
64360K0RV60ZB,Bộ ốp sườn trước phải *NHC60P*,HONDA,Phụ tùng Honda tiêu chuẩn,255.000 ₫,1
64360K12900ZA,Ốp trước trái *Y-208M*,HONDA,Phụ tùng Honda tiêu chuẩn,230.000 ₫,1
64360K12900ZB,Ốp trước trái *YR-303M*,HONDA,Phụ tùng Honda tiêu chuẩn,235.000 ₫,1
64360K12900ZC,Ốp trước trái *YR-299P*,HONDA,Phụ tùng Honda tiêu chuẩn,235.000 ₫,1
64360K12900ZF,Ốp trước trái *PB-390M*,HONDA,Phụ tùng Honda tiêu chuẩn,235.000 ₫,1
64360K12900ZG,Ốp trước trái *NH-B35P*,HONDA,Phụ tùng Honda tiêu chuẩn,235.000 ₫,1
64360K12900ZH,Ốp trước trái *NH-B25M*,HONDA,Phụ tùng Honda tiêu chuẩn,235.000 ₫,1
64360K12900ZL,Ốp trước trái *NH-B50M*,HONDA,Phụ tùng Honda tiêu chuẩn,230.000 ₫,1
64360K12900ZM,Ốp trước trái *Y183M*,HONDA,Phụ tùng Honda tiêu chuẩn,235.000 ₫,2
64360K12900ZN,Ốp trước trái *PB403P*,HONDA,Phụ tùng Honda tiêu chuẩn,235.000 ₫,1
64360K12900ZP,Ốp trước trái *NHB18M*,HONDA,Phụ tùng Honda tiêu chuẩn,230.000 ₫,1
64360K12V00ZC,Ốp trước trái *YR299P*,HONDA,Phụ tùng Honda tiêu chuẩn,170.000 ₫,1
64360K12V00ZD,Ốp trước trái *R368C*,HONDA,Phụ tùng Honda tiêu chuẩn,193.000 ₫,1
64360K12V00ZE,Ốp trước trái *PB403P*,HONDA,Phụ tùng Honda tiêu chuẩn,170.000 ₫,1
64360K12V00ZH,Ốp trước trái,HONDA,Phụ tùng Honda tiêu chuẩn,170.000 ₫,1
64360K12V00ZM,Ốp trước trái *R350C*,HONDA,Phụ tùng Honda tiêu chuẩn,154.000 ₫,1
64360K12V00ZN,Ốp trước trái *NHA76M*,HONDA,Phụ tùng Honda tiêu chuẩn,173.000 ₫,1
64360K12V00ZS,Ốp trước trái *NHB35P*,HONDA,Phụ tùng Honda tiêu chuẩn,176.000 ₫,1
64360K2PV60ZA,Ốp trước trái *R406*,HONDA,Phụ tùng Honda tiêu chuẩn,179.000 ₫,1
64360K2PV60ZB,Ốp trước trái *R389*,HONDA,Phụ tùng Honda tiêu chuẩn,179.000 ₫,1
64360K2PV60ZC,Ốp trước trái *NH1*,HONDA,Phụ tùng Honda tiêu chuẩn,196.000 ₫,1
64360K2PV60ZE,Ốp trước trái *NHB18*,HONDA,Phụ tùng Honda tiêu chuẩn,196.000 ₫,1
64360K2PV60ZF,Ốp trước trái *NHA76*,HONDA,Phụ tùng Honda tiêu chuẩn,196.000 ₫,1
64360K56V50ZC,Ốp nhựa trước trái *NHA76M*,HONDA,Phụ tùng Honda tiêu chuẩn,210.000 ₫,1
64360K56V50ZD,Ốp nhựa trước trái *NHA40M*,HONDA,Phụ tùng Honda tiêu chuẩn,218.000 ₫,1
64360K56V50ZE,Ốp nhựa trước trái *R389*,HONDA,Phụ tùng Honda tiêu chuẩn,193.000 ₫,1
64360K56V50ZG,Ốp nhựa trước trái *NHB25M*,HONDA,Phụ tùng Honda tiêu chuẩn,210.000 ₫,1
64360K56V50ZH,Ốp trước trái *R340C*,HONDA,Phụ tùng Honda tiêu chuẩn,205.000 ₫,1
64360K73V40ZB,Bộ ốp thân giữa sau *NH187R*,HONDA,Phụ tùng Honda tiêu chuẩn,31.000 ₫,1
64360K73V40ZE,Bộ ốp thân giữa sau *YR286R*,HONDA,Phụ tùng Honda tiêu chuẩn,28.000 ₫,1
64365040000ZC,Nắp yếm(che bu gi) *NH138*,HONDA,Phụ tùng Honda tiêu chuẩn,14.000 ₫,1
64365K2PV00ZA,Bộ ốp trung tâm trái *NHA56M*,HONDA,Phụ tùng Honda tiêu chuẩn,241.000 ₫,1
64365K56V80ZB,"Bộ ốp trước trên trái *PB406, R340*",HONDA,Phụ tùng Honda tiêu chuẩn,253.000 ₫,1
64370K07900ZB,Ốp ống yếm phải *NH-1*,HONDA,Phụ tùng Honda tiêu chuẩn,39.000 ₫,1
64370K0RV60ZA,Bộ ốp sườn trước trái *NHA76M*,HONDA,Phụ tùng Honda tiêu chuẩn,275.000 ₫,1
64370KEV750ZF,ốp sườn phải *B142P*,HONDA,Phụ tùng Honda tiêu chuẩn,402.000 ₫,1
64380K07900ZB,Ốp ống yếm trái *NH-1*,HONDA,Phụ tùng Honda tiêu chuẩn,44.000 ₫,1
64380KEV750ZF,ốp sườn trái *B142P*,HONDA,Phụ tùng Honda tiêu chuẩn,399.000 ₫,1
64400K07900ZH,Cánh yếm phải *NH-A69P*,HONDA,Phụ tùng Honda tiêu chuẩn,382.000 ₫,1
64400K1FV10ZA,Bộ ốp sàn bên phải *NHA76M*,HONDA,Phụ tùng Honda tiêu chuẩn,268.000 ₫,2
64400K2CV30ZA,Bộ ốp sườn trước trái *NHC34M*,HONDA,Phụ tùng Honda tiêu chuẩn,313.000 ₫,1
64400K2CV30ZB,Bộ ốp sườn trước trái *NHA76M*,HONDA,Phụ tùng Honda tiêu chuẩn,313.000 ₫,1
64400K2CVF0ZA,Bộ ốp sườn trước trái *NHC60P*,HONDA,Phụ tùng Honda tiêu chuẩn,313.000 ₫,2
64400K2CVF0ZB,Bộ ốp sườn trước trái *NHA76M*,HONDA,Phụ tùng Honda tiêu chuẩn,313.000 ₫,1
64400K2CVM0ZA,BỘ ỐP TRƯỚC TRÁI *NHC60P*,HONDA,Phụ tùng Honda tiêu chuẩn,313.000 ₫,1
64400K2CVS0ZB,Bộ ốp sườn trước trái *Y229P*,HONDA,Phụ tùng Honda tiêu chuẩn,316.000 ₫,1
64400K2PV00ZA,BỘ ỐP SƯỜN SAU PHẢI *NHB56M*,HONDA,Phụ tùng Honda tiêu chuẩn,361.000 ₫,1
64400K2PV10ZA,Bộ ốp sườn sau phải *B189*,HONDA,Phụ tùng Honda tiêu chuẩn,361.000 ₫,1
64400K2PV10ZB,Bộ ốp sườn sau phải *NHB25*,HONDA,Phụ tùng Honda tiêu chuẩn,361.000 ₫,1
64400K2PV10ZD,Bộ ốp sườn sau phải *R389*,HONDA,Phụ tùng Honda tiêu chuẩn,361.000 ₫,1
64400K2PV40ZA,Bộ ốp sườn sau phải *R340*,HONDA,Phụ tùng Honda tiêu chuẩn,361.000 ₫,1
64400K2PV40ZB,Bộ ốp sườn sau phải *PB406*,HONDA,Phụ tùng Honda tiêu chuẩn,361.000 ₫,1
64400K2PV50ZB,Bộ ốp sườn sau phải *R340C*,HONDA,Phụ tùng Honda tiêu chuẩn,353.000 ₫,1
64400K2PV60ZB,Bộ ốp sườn sau phải *NHB55*,HONDA,Phụ tùng Honda tiêu chuẩn,333.000 ₫,1
64400K2PV70ZA,Bộ ốp sườn sau phải *NHB18*,HONDA,Phụ tùng Honda tiêu chuẩn,325.000 ₫,1
64400K2PV70ZC,Bộ ốp sườn sau phải *NHA76*,HONDA,Phụ tùng Honda tiêu chuẩn,325.000 ₫,1
64400K2PV80ZA,Bộ ốp sườn sau phải *R389*,HONDA,Phụ tùng Honda tiêu chuẩn,325.000 ₫,1
64400K2PVD0ZA,Bộ ốp sườn sau phải *R389*,HONDA,Phụ tùng Honda tiêu chuẩn,333.000 ₫,1
64400K56V00ZC,Bộ ốp sườn phải *YR322C*,HONDA,Phụ tùng Honda tiêu chuẩn,268.000 ₫,1
64400K56V00ZE,Bộ ốp sườn phải *NHB35P*,HONDA,Phụ tùng Honda tiêu chuẩn,268.000 ₫,1
64400K56V30ZE,Bộ ốp sườn phải *NHB25*,HONDA,Phụ tùng Honda tiêu chuẩn,270.000 ₫,1
64400K56V30ZG,Bộ ốp sườn phải *NHB35*,HONDA,Phụ tùng Honda tiêu chuẩn,270.000 ₫,1
64400K56V50ZA,Bộ ốp sườn phải *NHA76H*,HONDA,Phụ tùng Honda tiêu chuẩn,341.000 ₫,1
64400K56V50ZB,Bộ ốp sườn phải *NHA76T*,HONDA,Phụ tùng Honda tiêu chuẩn,341.000 ₫,1
64400K56V50ZC,Bộ ốp sườn phải *NHA40*,HONDA,Phụ tùng Honda tiêu chuẩn,341.000 ₫,1
64400K56V50ZF,Bộ ốp sườn phải *R389*,HONDA,Phụ tùng Honda tiêu chuẩn,341.000 ₫,1
64400K56V60ZA,Bộ ốp sườn phải *NHA76*,HONDA,Phụ tùng Honda tiêu chuẩn,358.000 ₫,1
64400K56V80ZB,Bộ ốp sườn phải *PB406*,HONDA,Phụ tùng Honda tiêu chuẩn,381.000 ₫,1
64400K56V80ZC,Bộ ốp sườn phải *R340*,HONDA,Phụ tùng Honda tiêu chuẩn,381.000 ₫,1
64400K57V00ZB,Ốp ống yếm phải *NHB55P*,HONDA,Phụ tùng Honda tiêu chuẩn,241.000 ₫,1
64400K57V00ZC,Ốp ống yếm phải *NHB25M*,HONDA,Phụ tùng Honda tiêu chuẩn,190.000 ₫,1
64400K57V00ZD,Ốp ống yếm phải *R340C*,HONDA,Phụ tùng Honda tiêu chuẩn,190.000 ₫,1
64400K57V00ZG,Ốp ống yếm phải *B189C*,HONDA,Phụ tùng Honda tiêu chuẩn,190.000 ₫,1
64400KEV900ZA,ốp ống yếm phải *B142P*,HONDA,Phụ tùng Honda tiêu chuẩn,367.000 ₫,1
64400KFL890ZD,ốp ống yếm chính *PB171MU*,HONDA,Phụ tùng Honda tiêu chuẩn,273.000 ₫,1
64400KFL890ZE,Ốp ống yếm chính *R263*,HONDA,Phụ tùng Honda tiêu chuẩn,273.000 ₫,1
64400KTL640ZM,ốp yếm phải *NHA62M*,HONDA,Phụ tùng Honda tiêu chuẩn,179.000 ₫,1
64400KVRV80ZA,ốp ống yếm phải *PB383M*,HONDA,Phụ tùng Honda tiêu chuẩn,219.000 ₫,1
64400KWWA00ZF,ốp ống yếm phải *NH411M*,HONDA,Phụ tùng Honda tiêu chuẩn,168.000 ₫,1
64400KWWA00ZJ,ốp ống yếm phải *NHA62M*,HONDA,Phụ tùng Honda tiêu chuẩn,168.000 ₫,1
64400KWWA00ZX,ốp ống yếm phải *R340C*,HONDA,Phụ tùng Honda tiêu chuẩn,162.000 ₫,2
64400KWWA80ZA,ốp ống yếm phải *Y208M*,HONDA,Phụ tùng Honda tiêu chuẩn,242.000 ₫,1
64400KWWA80ZD,ốp ống yếm phải *NH411M*,HONDA,Phụ tùng Honda tiêu chuẩn,242.000 ₫,1
64400KWWA80ZG,ốp ống yếm phải *NHB35M*,HONDA,Phụ tùng Honda tiêu chuẩn,242.000 ₫,1
64400KWWA80ZH,ốp ống yếm phải *NHA62M*,HONDA,Phụ tùng Honda tiêu chuẩn,242.000 ₫,1
64400KWWA80ZM,ốp ống yếm phải*R340C*,HONDA,Phụ tùng Honda tiêu chuẩn,242.000 ₫,1
64400KWWA80ZP,ốp ống yếm phải*NHB25M*,HONDA,Phụ tùng Honda tiêu chuẩn,242.000 ₫,1
64401K1NV00ZA,Ốp trước bên trái *R350C*,HONDA,Phụ tùng Honda tiêu chuẩn,235.000 ₫,1
64401K1NV00ZB,Ốp trước bên trái *PB410P*,HONDA,Phụ tùng Honda tiêu chuẩn,235.000 ₫,1
64401K1NV00ZC,Ốp trước bên trái *NHC46P*,HONDA,Phụ tùng Honda tiêu chuẩn,235.000 ₫,1
64401K1NV00ZD,Ốp trước bên trái *NHB35P*,HONDA,Phụ tùng Honda tiêu chuẩn,230.000 ₫,1
64401K1NV00ZF,Ốp trước bên trái *NHB18M*,HONDA,Phụ tùng Honda tiêu chuẩn,230.000 ₫,2
64401K1NV00ZG,Ốp trước trái *NHC60*,HONDA,Phụ tùng Honda tiêu chuẩn,244.000 ₫,1
64401K1NV00ZH,Ốp trước trái *NHA76*,HONDA,Phụ tùng Honda tiêu chuẩn,241.000 ₫,1
64401K1NV00ZJ,Ốp trước bên trái *R368C*,HONDA,Phụ tùng Honda tiêu chuẩn,222.000 ₫,1
64401K29900ZE,Ốp trước bên trái*PB390M*,HONDA,Phụ tùng Honda tiêu chuẩn,227.000 ₫,1
64401K29900ZF,Ốp trước bên trái*NHB35P*,HONDA,Phụ tùng Honda tiêu chuẩn,227.000 ₫,1
64401K29900ZG,Ốp trước bên trái*NHB25M*,HONDA,Phụ tùng Honda tiêu chuẩn,227.000 ₫,1
64401K29900ZP,Ốp trước bên trái *NHB18M*,HONDA,Phụ tùng Honda tiêu chuẩn,227.000 ₫,1
64401K29900ZQ,Ốp trước bên trái *R368C*,HONDA,Phụ tùng Honda tiêu chuẩn,227.000 ₫,1
64401K29900ZR,Ốp trước bên trái *PB408P*,HONDA,Phụ tùng Honda tiêu chuẩn,227.000 ₫,1
64401K29900ZS,Ốp trước bên trái,HONDA,Phụ tùng Honda tiêu chuẩn,227.000 ₫,1
64401K2CV00ZE,Bộ mặt nạ trước,HONDA,Phụ tùng Honda tiêu chuẩn,208.000 ₫,1
64401K2CV00ZF,Ốp trước bên trái *NHA76M*,HONDA,Phụ tùng Honda tiêu chuẩn,225.000 ₫,1
64401K2CV00ZJ,Ốp trước bên trái *PB425M*,HONDA,Phụ tùng Honda tiêu chuẩn,225.000 ₫,1
64401K2CV00ZK,Ốp trước bên trái *PB426P*,HONDA,Phụ tùng Honda tiêu chuẩn,225.000 ₫,1
64401K2CV00ZL,ỐP TRƯỚC BÊN TRÁI *R368C*,HONDA,Phụ tùng Honda tiêu chuẩn,225.000 ₫,1
64401K2CV00ZS,ỐP TRƯỚC BÊN TRÁI *NHD01P*,HONDA,Phụ tùng Honda tiêu chuẩn,225.000 ₫,1
64401KZL930YH,ốp trước bên trái *PB390M*,HONDA,Phụ tùng Honda tiêu chuẩn,335.000 ₫,2
64405K73V40ZA,Tấm thông gió yếm phải *Y208M*,HONDA,Phụ tùng Honda tiêu chuẩn,113.000 ₫,1
64405K73V40ZC,Tấm thông gió yếm phải *NHB56M*,HONDA,Phụ tùng Honda tiêu chuẩn,113.000 ₫,1
64405K73V40ZD,Tấm thông gió yếm phải *NHB25M*,HONDA,Phụ tùng Honda tiêu chuẩn,101.000 ₫,1
64405K73V40ZE,Tấm thông gió yếm phải *NHA62M*,HONDA,Phụ tùng Honda tiêu chuẩn,113.000 ₫,1
64405K73V40ZJ,Tấm thông gió yếm phải *R350C*,HONDA,Phụ tùng Honda tiêu chuẩn,113.000 ₫,1
64405K73V40ZK,Tấm thông gió yếm phải *Y218M*,HONDA,Phụ tùng Honda tiêu chuẩn,101.000 ₫,1
64405K73V40ZM,Tấm thông gió yếm phải *PB389*,HONDA,Phụ tùng Honda tiêu chuẩn,93.000 ₫,1
64405K73V40ZN,Tấm thông gió yếm phải *NH193*,HONDA,Phụ tùng Honda tiêu chuẩn,93.000 ₫,1
64405K73V40ZQ,Tấm thông gió yếm phải *NHA76*,HONDA,Phụ tùng Honda tiêu chuẩn,93.000 ₫,1
64405KVG900,Nắp chắn đường nhiên liệu,HONDA,Phụ tùng Honda tiêu chuẩn,22.000 ₫,1
64405KVGA30ZJ,Nắp mở bình xăng *R313C*,HONDA,Phụ tùng Honda tiêu chuẩn,61.000 ₫,1
64405KVGA30ZL,Nắp mở bình xăng *NHA69P*,HONDA,Phụ tùng Honda tiêu chuẩn,61.000 ₫,1
64405KVGV40ZE,Nắp hộp đồ trước *NHB25M*,HONDA,Phụ tùng Honda tiêu chuẩn,136.000 ₫,1
64405KVL930,Tấm thông gió phải *NH411M*,HONDA,Phụ tùng Honda tiêu chuẩn,158.000 ₫,1
64405KYZV00ZB,Tấm thông gió ốp yếm phải *NHB,HONDA,Phụ tùng Honda tiêu chuẩn,125.000 ₫,1
64405KYZV00ZE,Tấm thông gió ốp yếm phải *R35,HONDA,Phụ tùng Honda tiêu chuẩn,125.000 ₫,1
64405KYZV00ZF,Tấm thông gió ốp yếm phải *R34,HONDA,Phụ tùng Honda tiêu chuẩn,116.000 ₫,1
64405KYZV00ZG,Tấm thông gió ốp yếm phải *NHB,HONDA,Phụ tùng Honda tiêu chuẩn,116.000 ₫,1
64405KYZV00ZJ,Tấm thông gió bên phải *NHB12M*,HONDA,Phụ tùng Honda tiêu chuẩn,116.000 ₫,1
64405KYZV00ZM,Tấm thông gió phải sau *NHA62M*,HONDA,Phụ tùng Honda tiêu chuẩn,116.000 ₫,1
64406KVGV40,Gioăng cao su hộp đồ trước,HONDA,Phụ tùng Honda tiêu chuẩn,27.000 ₫,1
64406KYL840ZA,Tấm thông gió ốp yếm phải *Y20,HONDA,Phụ tùng Honda tiêu chuẩn,164.000 ₫,1
64410K1FV00ZF,Ốp sườn sàn bên phải *NHC35M*,HONDA,Phụ tùng Honda tiêu chuẩn,191.000 ₫,1
64410K1FV00ZG,Ốp sườn sàn bên phải *NHB25M*,HONDA,Phụ tùng Honda tiêu chuẩn,191.000 ₫,1
64410K1FV00ZK,Ốp sườn sàn phải *NHC04M*,HONDA,Phụ tùng Honda tiêu chuẩn,181.000 ₫,1
64410K27V00ZA,Tấm ốp yếm phải *Y208M*,HONDA,Phụ tùng Honda tiêu chuẩn,225.000 ₫,1
64410K27V00ZB,Tấm ốp yếm phải NHA62M,HONDA,Phụ tùng Honda tiêu chuẩn,225.000 ₫,1
64410K27V00ZE,Tấm ốp yếm phải *R340C*,HONDA,Phụ tùng Honda tiêu chuẩn,225.000 ₫,2
64410K27V00ZH,Tấm ốp yếm phải *YR322C*,HONDA,Phụ tùng Honda tiêu chuẩn,225.000 ₫,1
64410K27V00ZN,Tấm ốp yếm phải*NHB25M*,HONDA,Phụ tùng Honda tiêu chuẩn,225.000 ₫,1
64410K2ZV00ZD,Ốp sàn phải *NHB25*,HONDA,Phụ tùng Honda tiêu chuẩn,204.000 ₫,1
64410K66V00ZA,Tấm ốp yếm phải *Y224M*,HONDA,Phụ tùng Honda tiêu chuẩn,233.000 ₫,1
64410K66V00ZB,Tấm ốp yếm phải *NHB18M*,HONDA,Phụ tùng Honda tiêu chuẩn,233.000 ₫,1
64410K66V00ZD,Tấm ốp yếm phải *NHA62M*,HONDA,Phụ tùng Honda tiêu chuẩn,233.000 ₫,1
64410K66V00ZF,Tấm ốp yếm phải *PB390M*,HONDA,Phụ tùng Honda tiêu chuẩn,233.000 ₫,1
64410K66V00ZG,Tấm ốp yếm phải *NHB86M*,HONDA,Phụ tùng Honda tiêu chuẩn,233.000 ₫,1
64410K66V00ZH,Tấm ốp yếm phải *NHB35P*,HONDA,Phụ tùng Honda tiêu chuẩn,233.000 ₫,1
64410K66V00ZJ,Tấm ốp yếm phải *NHB25M*,HONDA,Phụ tùng Honda tiêu chuẩn,233.000 ₫,1
64410K66V00ZK,Tấm ốp yếm phải *B189C*,HONDA,Phụ tùng Honda tiêu chuẩn,233.000 ₫,1
64410KTL640ZA,Ốp sườn phải *BG132M*,HONDA,Phụ tùng Honda tiêu chuẩn,195.000 ₫,1
64410KTL640ZT,ốp sườn phải *NHA69P*,HONDA,Phụ tùng Honda tiêu chuẩn,190.000 ₫,1
64410KVG900,Tấm ốp yếm phải,HONDA,Phụ tùng Honda tiêu chuẩn,77.000 ₫,1
64410KVGV20ZA,ốp yếm bên phải *NH411M*,HONDA,Phụ tùng Honda tiêu chuẩn,202.000 ₫,1
64410KVGV40ZA,Tấm ốp yếm phải *R340C*,HONDA,Phụ tùng Honda tiêu chuẩn,221.000 ₫,1
64410KVGV40ZB,Tấm ốp yếm phải *NHB24M*,HONDA,Phụ tùng Honda tiêu chuẩn,221.000 ₫,1
64410KVGV40ZD,Tấm ốp yếm phải *NHB25M*,HONDA,Phụ tùng Honda tiêu chuẩn,221.000 ₫,1
64410KVGV40ZE,Tấm ốp yếm phải *NHA62M*,HONDA,Phụ tùng Honda tiêu chuẩn,221.000 ₫,1
64415KVGV20ZA,Bộ ốp yếm bên phải *NH411M*,HONDA,Phụ tùng Honda tiêu chuẩn,213.000 ₫,1
64420K1FV00ZG,Ốp sườn sàn bên trái *NHB25M*,HONDA,Phụ tùng Honda tiêu chuẩn,191.000 ₫,1
64420K1FV00ZH,Ốp sườn sàn bên trái *NHA69P*,HONDA,Phụ tùng Honda tiêu chuẩn,191.000 ₫,1
64420K27V00ZA,Tấm ốp yếm trái *Y208M*,HONDA,Phụ tùng Honda tiêu chuẩn,225.000 ₫,1
64420K27V00ZB,Tấm ốp yếm trái NHA62M,HONDA,Phụ tùng Honda tiêu chuẩn,225.000 ₫,1
64420K27V00ZE,Tấm ốp yếm trái *R340C*,HONDA,Phụ tùng Honda tiêu chuẩn,225.000 ₫,1
64420K27V00ZF,Tấm ốp yếm trái *NHB24M*,HONDA,Phụ tùng Honda tiêu chuẩn,225.000 ₫,2
64420K27V00ZH,Tấm ốp yếm trái *YR322C*,HONDA,Phụ tùng Honda tiêu chuẩn,225.000 ₫,1
64420K27V00ZN,Tấm ốp yếm trái*NHB25M*,HONDA,Phụ tùng Honda tiêu chuẩn,225.000 ₫,1
64420K27V00ZP,Tấm ốp yếm trái*NH1*,HONDA,Phụ tùng Honda tiêu chuẩn,225.000 ₫,1
64420K2SN00ZB,Nẹp giảm xóc trước trái*NH1*,HONDA,Phụ tùng Honda tiêu chuẩn,31.000 ₫,1
64420K2ZV00ZD,Ốp sườn sàn trái *NHB25*,HONDA,Phụ tùng Honda tiêu chuẩn,204.000 ₫,1
64420K2ZV00ZE,Ốp sườn sàn trái *NHA76*,HONDA,Phụ tùng Honda tiêu chuẩn,187.000 ₫,1
64420K66V00ZA,Tấm ốp yếm trái *Y224M*,HONDA,Phụ tùng Honda tiêu chuẩn,233.000 ₫,1
64420K66V00ZB,Tấm ốp yếm trái *NHB18M*,HONDA,Phụ tùng Honda tiêu chuẩn,233.000 ₫,1
64420K66V00ZC,Tấm ốp yếm trái *NHA76M*,HONDA,Phụ tùng Honda tiêu chuẩn,233.000 ₫,1
64420K66V00ZD,Tấm ốp yếm trái *NHA62M*,HONDA,Phụ tùng Honda tiêu chuẩn,239.000 ₫,1
64420K66V00ZE,Tấm ốp yếm trái *R340C*,HONDA,Phụ tùng Honda tiêu chuẩn,233.000 ₫,1
64420K66V00ZF,Tấm ốp yếm trái *PB390M*,HONDA,Phụ tùng Honda tiêu chuẩn,233.000 ₫,1
64420K66V00ZG,Tấm ốp yếm trái *NHB86M*,HONDA,Phụ tùng Honda tiêu chuẩn,233.000 ₫,1
64420K66V00ZH,Tấm ốp yếm trái *NHB35P*,HONDA,Phụ tùng Honda tiêu chuẩn,233.000 ₫,1
64420K66V00ZJ,Tấm ốp yếm trái *NHB25M*,HONDA,Phụ tùng Honda tiêu chuẩn,233.000 ₫,1
64420K66V00ZK,Tấm ốp yếm trái *B189C*,HONDA,Phụ tùng Honda tiêu chuẩn,233.000 ₫,1
64420K66V00ZL,Ốp ống yếm trái *PB421M*,HONDA,Phụ tùng Honda tiêu chuẩn,233.000 ₫,1
64420KTL640ZT,ốp sườn trái *NHA69P*,HONDA,Phụ tùng Honda tiêu chuẩn,195.000 ₫,1
64420KVG900,Tấm ốp yếm trái,HONDA,Phụ tùng Honda tiêu chuẩn,90.000 ₫,1
64420KVGV20ZA,ốp yếm bên trái *NH411M*,HONDA,Phụ tùng Honda tiêu chuẩn,202.000 ₫,1
64420KVGV40ZA,Tấm ốp yếm trái *R340C*,HONDA,Phụ tùng Honda tiêu chuẩn,219.000 ₫,1
64420KVGV40ZB,Tấm ốp yếm trái *NHB24M*,HONDA,Phụ tùng Honda tiêu chuẩn,219.000 ₫,1
64420KVGV40ZD,Tấm ốp yếm trái *NHB25M*,HONDA,Phụ tùng Honda tiêu chuẩn,219.000 ₫,1
64420KVGV40ZE,Tấm ốp yếm trái *NHA62M*,HONDA,Phụ tùng Honda tiêu chuẩn,219.000 ₫,1
64421K1FV00ZB,Ốp trước bên trong bên phải *NHC35M*,HONDA,Phụ tùng Honda tiêu chuẩn,62.000 ₫,1
64421K1FV00ZD,Ốp trước bên trong bên phải *NHA76M*,HONDA,Phụ tùng Honda tiêu chuẩn,62.000 ₫,1
64421K1FV00ZG,Ốp trước bên trong bên phải *NHA69P*,HONDA,Phụ tùng Honda tiêu chuẩn,62.000 ₫,1
64421K1FV00ZH,Ốp trước bên trong bên phải *NHB25M*,HONDA,Phụ tùng Honda tiêu chuẩn,62.000 ₫,1
64421K27V00ZC,Ốp sàn dưới phải *NHB35P*,HONDA,Phụ tùng Honda tiêu chuẩn,187.000 ₫,2
64421K27V00ZD,Ốp sàn dưới phải *NHB25M*,HONDA,Phụ tùng Honda tiêu chuẩn,187.000 ₫,1
64421K27V00ZL,Ốp sàn dưới phải *NHA76M*,HONDA,Phụ tùng Honda tiêu chuẩn,187.000 ₫,1
64421K66V00ZA,Ốp sàn dưới phải *Y224M*,HONDA,Phụ tùng Honda tiêu chuẩn,221.000 ₫,1
64421K66V00ZB,Ốp sàn dưới phải *NHB25M*,HONDA,Phụ tùng Honda tiêu chuẩn,215.000 ₫,1
64421K66V00ZC,Ốp sàn dưới phải *NHB18M*,HONDA,Phụ tùng Honda tiêu chuẩn,221.000 ₫,1
64421K66V00ZF,Ốp sàn dưới phải *R340C*,HONDA,Phụ tùng Honda tiêu chuẩn,215.000 ₫,1
64421K66V00ZG,Ốp sàn dưới phải *PB390M*,HONDA,Phụ tùng Honda tiêu chuẩn,221.000 ₫,1
64421K66V00ZH,Ốp sàn dưới phải *NHB86M*,HONDA,Phụ tùng Honda tiêu chuẩn,215.000 ₫,1
64430K1FV00ZB,Bộ nắp bình xăng *NHB25M*,HONDA,Phụ tùng Honda tiêu chuẩn,119.000 ₫,1
64430K1FV00ZD,BỘ NẮP BÌNH XĂNG *NHA69P*,HONDA,Phụ tùng Honda tiêu chuẩn,107.000 ₫,1
64430K1FV00ZJ,Bộ nắp bình xăng *NHB35P*,HONDA,Phụ tùng Honda tiêu chuẩn,102.000 ₫,1
64430K1FV00ZK,Nắp bình xăng *NHC04M*,HONDA,Phụ tùng Honda tiêu chuẩn,98.000 ₫,1
64430K56V50ZA,Ốp trong thân bên phải *NH1*,HONDA,Phụ tùng Honda tiêu chuẩn,19.000 ₫,1
64430K89V00YA,Cánh yếm phải *NHC60P*,HONDA,Phụ tùng Honda tiêu chuẩn,188.000 ₫,1
64430K89V00ZC,Cánh yếm phải *NHB25M*,HONDA,Phụ tùng Honda tiêu chuẩn,204.000 ₫,1
64430K89V00ZD,Cánh yếm phải *GY150P*,HONDA,Phụ tùng Honda tiêu chuẩn,204.000 ₫,1
64430K89V00ZE,Cánh yếm phải *B203M*,HONDA,Phụ tùng Honda tiêu chuẩn,204.000 ₫,2
64430K89V00ZR,Cánh yếm phải *PB421M*,HONDA,Phụ tùng Honda tiêu chuẩn,188.000 ₫,1
64430K89V00ZU,Cánh yếm phải *R389*,HONDA,Phụ tùng Honda tiêu chuẩn,178.000 ₫,1
64430K89V00ZV,Cánh yếm phải *NHA76*,HONDA,Phụ tùng Honda tiêu chuẩn,184.000 ₫,1
64430KEV900ZA,Cánh yếm phải *B142P*,HONDA,Phụ tùng Honda tiêu chuẩn,227.000 ₫,1
64430KEV900ZP,Cánh yếm phải *PB305P*,HONDA,Phụ tùng Honda tiêu chuẩn,227.000 ₫,1
64430KFL890ZD,Cánh yếm phải *PB171MU*,HONDA,Phụ tùng Honda tiêu chuẩn,230.000 ₫,1
64430KFL890ZE,Cánh yếm phải *R263*,HONDA,Phụ tùng Honda tiêu chuẩn,225.000 ₫,1
64430KTL640YE,Cánh yếm phải*NHB25M*,HONDA,Phụ tùng Honda tiêu chuẩn,188.000 ₫,1
64430KTL640ZB,Cánh yếm phải *BG107M*,HONDA,Phụ tùng Honda tiêu chuẩn,205.000 ₫,1
64430KTL640ZR,Cánh yếm phải *R263*,HONDA,Phụ tùng Honda tiêu chuẩn,188.000 ₫,1
64430KTL640ZV,Cánh yếm phải *B203M*,HONDA,Phụ tùng Honda tiêu chuẩn,188.000 ₫,1
64430KTL640ZX,Cánh yếm phải *NH-B35P*,HONDA,Phụ tùng Honda tiêu chuẩn,188.000 ₫,1
64431K1FV00ZB,Ốp trước bên trong bên trái *NHC35M*,HONDA,Phụ tùng Honda tiêu chuẩn,62.000 ₫,1
64431K1FV00ZC,Ốp trước bên trong bên trái *NHB12M*,HONDA,Phụ tùng Honda tiêu chuẩn,73.000 ₫,1
64431K1FV00ZD,Ốp trước bên trong bên trái *NHA76M*,HONDA,Phụ tùng Honda tiêu chuẩn,62.000 ₫,1
64431K1FV00ZG,Ốp trước bên trong bên trái *NHA69P*,HONDA,Phụ tùng Honda tiêu chuẩn,62.000 ₫,1
64431K1FV00ZH,Ốp trước bên trong bên trái *NHB25M*,HONDA,Phụ tùng Honda tiêu chuẩn,62.000 ₫,1
64431K27V00ZC,Ốp sàn dưới trái *NHB35P*,HONDA,Phụ tùng Honda tiêu chuẩn,187.000 ₫,2
64431K27V00ZD,Ốp sàn dưới trái *NHB25M*,HONDA,Phụ tùng Honda tiêu chuẩn,187.000 ₫,1
64431K27V00ZL,Ốp sàn dưới trái *NHB56M*,HONDA,Phụ tùng Honda tiêu chuẩn,187.000 ₫,1
64431K66V00ZA,Ốp sàn dưới trái *Y224M*,HONDA,Phụ tùng Honda tiêu chuẩn,221.000 ₫,1
64431K66V00ZB,Ốp sàn dưới trái *NHB25M*,HONDA,Phụ tùng Honda tiêu chuẩn,215.000 ₫,1
64431K66V00ZC,Ốp sàn dưới trái *NHB18M*,HONDA,Phụ tùng Honda tiêu chuẩn,221.000 ₫,1
64431K66V00ZD,Ốp sàn dưới trái *NHA76M*,HONDA,Phụ tùng Honda tiêu chuẩn,215.000 ₫,1
64431K66V00ZF,Ốp sàn dưới trái *R340C*,HONDA,Phụ tùng Honda tiêu chuẩn,215.000 ₫,1
64431K66V00ZG,Ốp sàn dưới trái *PB390M*,HONDA,Phụ tùng Honda tiêu chuẩn,221.000 ₫,1
64431K66V00ZH,Ốp sàn dưới trái *NHB86M*,HONDA,Phụ tùng Honda tiêu chuẩn,215.000 ₫,1
64431K66V00ZL,ỐP SÀN DƯỚI TRÁI *PB421M*,HONDA,Phụ tùng Honda tiêu chuẩn,215.000 ₫,1
64431KWN900ZG,Tấm ốp sàn phải *NHB25M*,HONDA,Phụ tùng Honda tiêu chuẩn,490.000 ₫,1
64432K2SN00ZS,Ốp sàn bên trái*NHC60P*,HONDA,Phụ tùng Honda tiêu chuẩn,158.000 ₫,1
64434K2ZV00ZA,Tấm chắn bugi *NH1*,HONDA,Phụ tùng Honda tiêu chuẩn,10.000 ₫,1
64435KPH700,ốp trong yếm bên trái,HONDA,Phụ tùng Honda tiêu chuẩn,14.000 ₫,1
64440K07V00ZB,BỘ ỐP ĐUÔI SAU*NHB25*,HONDA,Phụ tùng Honda tiêu chuẩn,108.000 ₫,1
64440K07V00ZC,BỘ ỐP ĐUÔI SAU*NHA62*,HONDA,Phụ tùng Honda tiêu chuẩn,79.000 ₫,1
64440K56V50ZA,Ốp trong thân bên trái *NH1*,HONDA,Phụ tùng Honda tiêu chuẩn,19.000 ₫,1
64440KEV900ZA,Cánh yếm trái *B142P*,HONDA,Phụ tùng Honda tiêu chuẩn,227.000 ₫,1
64440KEV900ZP,Cánh yếm trái PB305,HONDA,Phụ tùng Honda tiêu chuẩn,227.000 ₫,1
64440KEV900ZQ,Cánh yếm trái *R203M*,HONDA,Phụ tùng Honda tiêu chuẩn,227.000 ₫,1
64440KFL890ZD,Cánh yếm trái *PB171MU*,HONDA,Phụ tùng Honda tiêu chuẩn,230.000 ₫,1
64440KFL890ZE,Cánh yếm trái *R263*,HONDA,Phụ tùng Honda tiêu chuẩn,225.000 ₫,1
64440KTL640ZQ,Cánh yếm trái *NHA62M*,HONDA,Phụ tùng Honda tiêu chuẩn,202.000 ₫,1
64445KPH700,ốp trong yếm bên trái,HONDA,Phụ tùng Honda tiêu chuẩn,14.000 ₫,1
64450K1FV10ZA,Bộ ốp sàn bên trái *NHA76M*,HONDA,Phụ tùng Honda tiêu chuẩn,268.000 ₫,1
64450K2PV00ZA,BỘ ỐP SƯỜN SAU TRÁI *NHB56M*,HONDA,Phụ tùng Honda tiêu chuẩn,361.000 ₫,1
64450K2PV10ZA,Bộ ốp sườn sau trái *B189*,HONDA,Phụ tùng Honda tiêu chuẩn,361.000 ₫,1
64450K2PV10ZB,Bộ ốp sườn sau trái *NHB25*,HONDA,Phụ tùng Honda tiêu chuẩn,361.000 ₫,1
64450K2PV10ZD,Bộ ốp sườn sau trái *R389*,HONDA,Phụ tùng Honda tiêu chuẩn,361.000 ₫,1
64450K2PV40ZA,BỘ ỐP SƯỜN SAU TRÁI *R340*,HONDA,Phụ tùng Honda tiêu chuẩn,361.000 ₫,1
64450K2PV50ZB,Bộ ốp sườn sau trái *R340C*,HONDA,Phụ tùng Honda tiêu chuẩn,353.000 ₫,1
64450K2PV60ZB,Bộ ốp sườn sau trái *NHB55*,HONDA,Phụ tùng Honda tiêu chuẩn,333.000 ₫,1
64450K2PV60ZD,Bộ ốp sườn sau trái *R389*,HONDA,Phụ tùng Honda tiêu chuẩn,333.000 ₫,1
64450K2PV70ZA,Bộ ốp sườn sau trái *NHB18*,HONDA,Phụ tùng Honda tiêu chuẩn,325.000 ₫,1
64450K2PV80ZA,Bộ ốp sườn sau trái *R389*,HONDA,Phụ tùng Honda tiêu chuẩn,325.000 ₫,1
64450K2PVD0ZA,Bộ ốp sườn sau trái *R389*,HONDA,Phụ tùng Honda tiêu chuẩn,333.000 ₫,1
64450K44V00ZG,Bộ ốp sườn trước trái *R340*,HONDA,Phụ tùng Honda tiêu chuẩn,261.000 ₫,1
64450K44V00ZJ,Bộ ốp sườn trước trái *PB390*,HONDA,Phụ tùng Honda tiêu chuẩn,278.000 ₫,1
64450K44V00ZK,Bộ ốp sườn trước trái *NHB35*,HONDA,Phụ tùng Honda tiêu chuẩn,278.000 ₫,1
64450K44V00ZL,Bộ ốp sườn trước trái *NH411*,HONDA,Phụ tùng Honda tiêu chuẩn,272.000 ₫,1
64450K44V00ZM,Bộ ốp sườn trước trái *YR320*,HONDA,Phụ tùng Honda tiêu chuẩn,278.000 ₫,1
64450K44V30ZA,Bộ ốp sườn trước trái *NHA76M*,HONDA,Phụ tùng Honda tiêu chuẩn,261.000 ₫,1
64450K44V60ZB,Bộ ốp sườn trước trái *R340C*,HONDA,Phụ tùng Honda tiêu chuẩn,261.000 ₫,1
64450K44V60ZC,Bộ ốp sườn trước trái *Y229P*,HONDA,Phụ tùng Honda tiêu chuẩn,261.000 ₫,1
64450K44V60ZE,Bộ ốp sườn trước trái *NHB35P*,HONDA,Phụ tùng Honda tiêu chuẩn,261.000 ₫,1
64450K44V60ZF,Bộ ốp sườn trước trái *R350C*,HONDA,Phụ tùng Honda tiêu chuẩn,261.000 ₫,1
64450K44V70ZB,Bộ ốp sườn trước trái *NHA76M*,HONDA,Phụ tùng Honda tiêu chuẩn,321.000 ₫,1
64450K44V80ZA,Bộ ốp sườn trước trái *G209P*,HONDA,Phụ tùng Honda tiêu chuẩn,255.000 ₫,1
64450K44V80ZE,Bộ ốp sườn trước trái *NHB55P*,HONDA,Phụ tùng Honda tiêu chuẩn,255.000 ₫,1
64450K44V80ZG,Bộ ốp sườn trước trái *PB420P*,HONDA,Phụ tùng Honda tiêu chuẩn,255.000 ₫,1
64450K44V90ZA,Bộ ốp sườn trước trái *NHB35P*,HONDA,Phụ tùng Honda tiêu chuẩn,310.000 ₫,1
64450K44VE0ZD,BỘ ỐP SƯỜN TRƯỚC TRÁI *NHB25*,HONDA,Phụ tùng Honda tiêu chuẩn,248.000 ₫,1
64450K56V00ZA,Ốp sườn sau trái *NH411*,HONDA,Phụ tùng Honda tiêu chuẩn,270.000 ₫,1
64450K56V00ZC,Bộ ốp sườn trái *YR322C*,HONDA,Phụ tùng Honda tiêu chuẩn,268.000 ₫,1
64450K56V30ZE,Bộ ốp sườn trái *NHB25*,HONDA,Phụ tùng Honda tiêu chuẩn,270.000 ₫,1
64450K56V30ZG,Bộ ốp sườn trái *NHB35*,HONDA,Phụ tùng Honda tiêu chuẩn,270.000 ₫,1
64450K56V50ZA,Ốp sườn sau trái *NHA76H*,HONDA,Phụ tùng Honda tiêu chuẩn,341.000 ₫,1
64450K56V50ZB,Ốp sườn sau trái *NHA76T*,HONDA,Phụ tùng Honda tiêu chuẩn,341.000 ₫,1
64450K56V50ZF,Ốp sườn sau trái *R389*,HONDA,Phụ tùng Honda tiêu chuẩn,341.000 ₫,1
64450K56V70ZA,Ốp sườn sau trái *R389*,HONDA,Phụ tùng Honda tiêu chuẩn,336.000 ₫,1
64450K56V80ZB,Ốp sườn sau trái *PB406*,HONDA,Phụ tùng Honda tiêu chuẩn,381.000 ₫,1
64450K56V80ZC,Ốp sườn sau trái *R340*,HONDA,Phụ tùng Honda tiêu chuẩn,381.000 ₫,1
64450K57V00ZB,Ốp ống yếm trái *NHB55P*,HONDA,Phụ tùng Honda tiêu chuẩn,241.000 ₫,1
64450K57V00ZC,Ốp ống yếm trái *NHB25M*,HONDA,Phụ tùng Honda tiêu chuẩn,190.000 ₫,1
64450KEV900ZA,ốp ống yếm trái *B142P*,HONDA,Phụ tùng Honda tiêu chuẩn,222.000 ₫,1
64450KTL640ZM,ốp yếm trái *NHA62M*,HONDA,Phụ tùng Honda tiêu chuẩn,179.000 ₫,1
64450KTM970ZB,ốp ống yếm trái *NHA62M*,HONDA,Phụ tùng Honda tiêu chuẩn,265.000 ₫,1
64450KWWA00ZF,ốp ống yếm trái *NH411M*,HONDA,Phụ tùng Honda tiêu chuẩn,170.000 ₫,1
64450KWWA00ZJ,ốp ống yếm trái *NHA62M*,HONDA,Phụ tùng Honda tiêu chuẩn,170.000 ₫,1
64450KWWA00ZP,ốp ống yếm trái *NHA96P*,HONDA,Phụ tùng Honda tiêu chuẩn,165.000 ₫,1
64450KWWA00ZW,ốp ống yếm trái *NH193P*,HONDA,Phụ tùng Honda tiêu chuẩn,168.000 ₫,1
64450KWWA80ZA,ốp ống yếm trái *Y208M*,HONDA,Phụ tùng Honda tiêu chuẩn,242.000 ₫,1
64450KWWA80ZD,ốp ống yếm trái *NH411M*,HONDA,Phụ tùng Honda tiêu chuẩn,242.000 ₫,1
64450KWWA80ZG,ốp ống yếm trái *NHB35M*,HONDA,Phụ tùng Honda tiêu chuẩn,242.000 ₫,1
64450KWWA80ZH,ốp ống yếm trái *NHA62M*,HONDA,Phụ tùng Honda tiêu chuẩn,242.000 ₫,1
64450KWWA80ZM,ốp ống yếm trái*R340C*,HONDA,Phụ tùng Honda tiêu chuẩn,242.000 ₫,1
64450KWWA80ZN,ốp ống yếm trái*R150CU*,HONDA,Phụ tùng Honda tiêu chuẩn,242.000 ₫,1
64450KWWA80ZP,ốp ống yếm trái*NHB25M*,HONDA,Phụ tùng Honda tiêu chuẩn,242.000 ₫,1
64450KZLE00ZD,Bộ ốp trước bên trái *YR303*,HONDA,Phụ tùng Honda tiêu chuẩn,350.000 ₫,1
64450KZLE00ZE,Bộ ốp trước bên trái *NHB35*,HONDA,Phụ tùng Honda tiêu chuẩn,342.000 ₫,1
64450KZLE60ZB,Bộ ốp trước bên trái*R350*,HONDA,Phụ tùng Honda tiêu chuẩn,342.000 ₫,1
64450KZLE70ZB,Bộ ốp yếm trước trái*R350*,HONDA,Phụ tùng Honda tiêu chuẩn,355.000 ₫,1
64450KZLE80ZB,Bộ ốp yếm trước trái*R350B*,HONDA,Phụ tùng Honda tiêu chuẩn,315.000 ₫,1
64450KZLE80ZD,Bộ ốp yếm trước trái*PB390*,HONDA,Phụ tùng Honda tiêu chuẩn,315.000 ₫,1
64451K27V00,Lò xo mở nắp bình xăng,HONDA,Phụ tùng Honda tiêu chuẩn,10.000 ₫,1
64452K27V00,Giá bản lề bình xăng,HONDA,Phụ tùng Honda tiêu chuẩn,22.000 ₫,1
64454KVG900,Lò xo đẩy nắp mở xăng,HONDA,Phụ tùng Honda tiêu chuẩn,256.000 ₫,1
64455K12V01,Dây cáp mở nắp nhiên liệu,HONDA,Phụ tùng Honda tiêu chuẩn,48.000 ₫,1
64455K35V01,Dây nắp mở bình xăng,HONDA,Phụ tùng Honda tiêu chuẩn,53.000 ₫,1
64455K66V12,Dây cáp mở nắp nhiên liệu,HONDA,Phụ tùng Honda tiêu chuẩn,36.000 ₫,1
64455K73V40ZC,Tấm thông gió yếm trái *NHB56M*,HONDA,Phụ tùng Honda tiêu chuẩn,113.000 ₫,1
64455K73V40ZE,Tấm thông gió yếm trái *NHA62M*,HONDA,Phụ tùng Honda tiêu chuẩn,113.000 ₫,1
64455K73V40ZJ,Tấm thông gió yếm trái *R350C*,HONDA,Phụ tùng Honda tiêu chuẩn,113.000 ₫,1
64455K73V40ZK,Tấm thông gió yếm trái *Y218M*,HONDA,Phụ tùng Honda tiêu chuẩn,101.000 ₫,1
64455K73V40ZM,Tấm thông gió yếm trái *PB389*,HONDA,Phụ tùng Honda tiêu chuẩn,93.000 ₫,1
64455K73V40ZN,Tấm thông gió yếm trái *NH193*,HONDA,Phụ tùng Honda tiêu chuẩn,93.000 ₫,1
64455K73V40ZQ,Tấm thông gió yếm trái *NHA76*,HONDA,Phụ tùng Honda tiêu chuẩn,93.000 ₫,1
64455KVL930,Tấm thông gió trái *NH411M*,HONDA,Phụ tùng Honda tiêu chuẩn,158.000 ₫,1
64455KYZV00ZA,Tấm thông gió ốp yếm trái *Y20,HONDA,Phụ tùng Honda tiêu chuẩn,116.000 ₫,1
64455KYZV00ZB,Tấm thông gió ốp yếm trái *NHB,HONDA,Phụ tùng Honda tiêu chuẩn,125.000 ₫,1
64455KYZV00ZE,Tấm thông gió ốp yếm trái *R35,HONDA,Phụ tùng Honda tiêu chuẩn,125.000 ₫,1
64455KYZV00ZF,Tấm thông gió ốp yếm trái *R34,HONDA,Phụ tùng Honda tiêu chuẩn,116.000 ₫,1
64455KYZV00ZG,Tấm thông gió ốp yếm trái *NHB,HONDA,Phụ tùng Honda tiêu chuẩn,116.000 ₫,1
64455KYZV00ZJ,Tấm thông gió bên trái *NHB12M*,HONDA,Phụ tùng Honda tiêu chuẩn,116.000 ₫,1
64455KYZV00ZM,Tấm thông gió trái *NHA62M*,HONDA,Phụ tùng Honda tiêu chuẩn,116.000 ₫,1
64456KYL840ZA,Tấm thông gió ốp yếm trái *Y20,HONDA,Phụ tùng Honda tiêu chuẩn,164.000 ₫,1
64460K07V00ZE,Bộ ốp ống yếm phải*R340*,HONDA,Phụ tùng Honda tiêu chuẩn,327.000 ₫,1
64460K07V00ZF,BỘ ỐP ỐNG YẾM PHẢI*NHB25K*,HONDA,Phụ tùng Honda tiêu chuẩn,421.000 ₫,1
64460K2CV00ZA,Nắp ắc quy *YR286R*,HONDA,Phụ tùng Honda tiêu chuẩn,31.000 ₫,2
64460K2CV00ZB,Nắp ắc quy *NH1*,HONDA,Phụ tùng Honda tiêu chuẩn,30.000 ₫,2
64460K57A20ZA,Bộ ốp ống yếm phải *B189*,HONDA,Phụ tùng Honda tiêu chuẩn,272.000 ₫,1
64460K57A20ZB,Bộ ốp ống yếm phải *NHB55*,HONDA,Phụ tùng Honda tiêu chuẩn,278.000 ₫,1
64460K57A50ZB,Bộ ốp ống yếm phải *NHB55P*,HONDA,Phụ tùng Honda tiêu chuẩn,272.000 ₫,1
64460K57A50ZD,Bộ ốp ống yếm phải *NHB25M*,HONDA,Phụ tùng Honda tiêu chuẩn,272.000 ₫,1
64460K57A90ZD,Bộ ốp ống yếm phải *NHB55P*,HONDA,Phụ tùng Honda tiêu chuẩn,313.000 ₫,1
64460K57AC0ZA,Bộ ốp ống yếm phải *NH262*,HONDA,Phụ tùng Honda tiêu chuẩn,321.000 ₫,1
64460K57AC0ZC,BỘ ỐP ỐNG YẾM PHẢI *NH262*,HONDA,Phụ tùng Honda tiêu chuẩn,321.000 ₫,1
64460K57V00ZB,Bộ ốp ống yếm bên phải *NHB55*,HONDA,Phụ tùng Honda tiêu chuẩn,279.000 ₫,1
64460K57V10ZB,Bộ ốp ống yếm bên phải *R340*,HONDA,Phụ tùng Honda tiêu chuẩn,279.000 ₫,1
64460K57V80ZA,Bộ ốp ống yếm phải *NHB55P*,HONDA,Phụ tùng Honda tiêu chuẩn,279.000 ₫,1
64460K57V80ZD,Bộ ốp ống yếm phải *R340C*,HONDA,Phụ tùng Honda tiêu chuẩn,273.000 ₫,1
64460KVG900,Hộp chứa đồ phải,HONDA,Phụ tùng Honda tiêu chuẩn,31.000 ₫,1
64460KVGA30,Hộp đồ bên phải,HONDA,Phụ tùng Honda tiêu chuẩn,39.000 ₫,1
64460KVGV40,ốp trước phải bên trong,HONDA,Phụ tùng Honda tiêu chuẩn,37.000 ₫,1
64461KVGA30,Nắp hộp đồ bên phải,HONDA,Phụ tùng Honda tiêu chuẩn,13.000 ₫,1
64462KVGA30,Núm chốt nắp hộp đồ bên phải,HONDA,Phụ tùng Honda tiêu chuẩn,8.000 ₫,1
64463KVGA30,Vấu khóa nắp hộp đồ bên phải,HONDA,Phụ tùng Honda tiêu chuẩn,8.000 ₫,1
64465K07940ZE,"Bộ ốp ống yếm trái NHB35, R340",HONDA,Phụ tùng Honda tiêu chuẩn,332.000 ₫,1
64465K07V00ZB,Bộ ốp ống yếm trái*NHB25E*,HONDA,Phụ tùng Honda tiêu chuẩn,427.000 ₫,1
64465K07V00ZF,BỘ ỐP ỐNG YẾM TRÁI*NHB25K*,HONDA,Phụ tùng Honda tiêu chuẩn,319.000 ₫,1
64465K57A20ZA,Bộ ốp ống yếm trái *B189*,HONDA,Phụ tùng Honda tiêu chuẩn,278.000 ₫,1
64465K57A20ZB,Bộ ốp ống yếm trái *NHB55*,HONDA,Phụ tùng Honda tiêu chuẩn,272.000 ₫,1
64465K57A20ZD,Bộ ốp ống yếm trái *NHB25*,HONDA,Phụ tùng Honda tiêu chuẩn,278.000 ₫,1
64465K57AC0ZA,Bộ ốp ống yếm trái *NH262*,HONDA,Phụ tùng Honda tiêu chuẩn,315.000 ₫,1
64465K57AC0ZC,Bộ ốp ống yếm trái *NH262*,HONDA,Phụ tùng Honda tiêu chuẩn,315.000 ₫,1
64465K57V00ZB,Bộ ốp ống yếm bên trái *NHB55P*,HONDA,Phụ tùng Honda tiêu chuẩn,279.000 ₫,1
64465K57V10ZA,Bộ ốp ống yếm bên trái *NHB55P*,HONDA,Phụ tùng Honda tiêu chuẩn,273.000 ₫,1
64465K57V10ZB,Bộ ốp ống yếm bên trái *R340C*,HONDA,Phụ tùng Honda tiêu chuẩn,273.000 ₫,1
64465K57V80ZC,Bộ ốp ống yếm trái *NHB25M*,HONDA,Phụ tùng Honda tiêu chuẩn,279.000 ₫,1
64465K57V80ZD,Bộ ốp ống yếm trái *R340C*,HONDA,Phụ tùng Honda tiêu chuẩn,273.000 ₫,1
64470K03N30ZB,Cánh yếm dưới phải YR322C,HONDA,Phụ tùng Honda tiêu chuẩn,62.000 ₫,1
64470K03N30ZC,Cánh yếm dưới phải R340C,HONDA,Phụ tùng Honda tiêu chuẩn,62.000 ₫,1
64470K03N30ZE,Cánh yếm dưới phải NHB25M,HONDA,Phụ tùng Honda tiêu chuẩn,61.000 ₫,1
64470K03N30ZG,Cánh yếm dưới phải *NHA76M*,HONDA,Phụ tùng Honda tiêu chuẩn,61.000 ₫,1
64470K03N30ZH,Cánh yếm dưới phải *B189C*,HONDA,Phụ tùng Honda tiêu chuẩn,62.000 ₫,1
64470K07900ZA,Nẹp cạnh bên phải *NH1*,HONDA,Phụ tùng Honda tiêu chuẩn,51.000 ₫,1
64470K07900ZC,NẸP CẠNH BÊN PHẢI *YR-286R*,HONDA,Phụ tùng Honda tiêu chuẩn,51.000 ₫,1
64470K07900ZD,NẸP CẠNH BÊN PHẢI *R-346R*,HONDA,Phụ tùng Honda tiêu chuẩn,51.000 ₫,1
64470KVG900,Hộp chứa đồ trái,HONDA,Phụ tùng Honda tiêu chuẩn,31.000 ₫,1
64470KVGA30,Hộp đồ bên trái,HONDA,Phụ tùng Honda tiêu chuẩn,39.000 ₫,1
64470KVGV40,ốp trước trái bên trong,HONDA,Phụ tùng Honda tiêu chuẩn,37.000 ₫,1
64470KWW640ZC,Cánh yếm dưới phải *NH411M*,HONDA,Phụ tùng Honda tiêu chuẩn,99.000 ₫,1
64470KWW640ZQ,Cánh yếm dưới phải *NHA62M*,HONDA,Phụ tùng Honda tiêu chuẩn,99.000 ₫,1
64470KWW640ZU,Cánh yếm dưới phải *NH-A69P*,HONDA,Phụ tùng Honda tiêu chuẩn,99.000 ₫,1
64470KWW640ZV,CÁNH YẾM DƯỚI PHẢI*NHB25M*,HONDA,Phụ tùng Honda tiêu chuẩn,99.000 ₫,1
64471K2PV10ZB,Bộ ốp sườn trung tâm *NHB25*,HONDA,Phụ tùng Honda tiêu chuẩn,131.000 ₫,1
64471K2PV10ZC,Bộ ốp sườn trung tâm *PB421*,HONDA,Phụ tùng Honda tiêu chuẩn,131.000 ₫,1
64471K2PV10ZD,Bộ ốp sườn trung tâm *R389*,HONDA,Phụ tùng Honda tiêu chuẩn,131.000 ₫,1
64471K2PV50ZA,Bộ ốp sườn trung tâm *R340C*,HONDA,Phụ tùng Honda tiêu chuẩn,128.000 ₫,1
64471K2PV60ZC,Ốp trung tâm *NHA76*,HONDA,Phụ tùng Honda tiêu chuẩn,125.000 ₫,1
64471K2PV60ZE,Ốp trung tâm *NHB55*,HONDA,Phụ tùng Honda tiêu chuẩn,125.000 ₫,1
64471K2PV60ZG,Bộ ốp sườn trung tâm *R389*,HONDA,Phụ tùng Honda tiêu chuẩn,125.000 ₫,1
64471K56V50ZA,Bộ ốp giữa thân *NHA76*,HONDA,Phụ tùng Honda tiêu chuẩn,148.000 ₫,1
64471K56V50ZB,Bộ ốp giữa thân *NHA40*,HONDA,Phụ tùng Honda tiêu chuẩn,148.000 ₫,1
64471K56V50ZE,Bộ ốp giữa thân *R389*,HONDA,Phụ tùng Honda tiêu chuẩn,148.000 ₫,1
64471KVGA30,Nắp hộp đồ bên trái,HONDA,Phụ tùng Honda tiêu chuẩn,13.000 ₫,1
64472KVGA30,Núm chốt nắp hộp đồ bên trái,HONDA,Phụ tùng Honda tiêu chuẩn,8.000 ₫,1
64473KVGA30,Vấu khóa nắp hộp đồ bên trái,HONDA,Phụ tùng Honda tiêu chuẩn,8.000 ₫,1
64475K03N30ZA,Cánh yếm dưới trái Y208M,HONDA,Phụ tùng Honda tiêu chuẩn,62.000 ₫,1
64475K03N30ZB,Cánh yếm dưới trái YR322C,HONDA,Phụ tùng Honda tiêu chuẩn,62.000 ₫,1
64475K03N30ZC,Cánh yếm dưới trái R340C,HONDA,Phụ tùng Honda tiêu chuẩn,62.000 ₫,1
64475K03N30ZE,Cánh yếm dưới trái NHB25M,HONDA,Phụ tùng Honda tiêu chuẩn,61.000 ₫,1
64475K03N30ZG,Cánh yếm dưới trái *NHA76M*,HONDA,Phụ tùng Honda tiêu chuẩn,61.000 ₫,1
64475K07900ZD,NẸP CẠNH BÊN TRÁI *R-346R*,HONDA,Phụ tùng Honda tiêu chuẩn,51.000 ₫,1
64475KWW640ZC,Cánh yếm dưới trái *NH411M*,HONDA,Phụ tùng Honda tiêu chuẩn,99.000 ₫,1
64475KWW640ZQ,Cánh yếm dưới trái *NHA62M*,HONDA,Phụ tùng Honda tiêu chuẩn,99.000 ₫,1
64475KWW640ZT,Cánh yếm dưới trái *NH-A69P*,HONDA,Phụ tùng Honda tiêu chuẩn,99.000 ₫,1
64480K56V00ZE,Ốp sườn sau phải *NHA76M*,HONDA,Phụ tùng Honda tiêu chuẩn,236.000 ₫,1
64480KVG900,Nẹp ốp yếm phải,HONDA,Phụ tùng Honda tiêu chuẩn,14.000 ₫,2
64480KVGB20,Nẹp ốp yếm bên phải (CR),HONDA,Phụ tùng Honda tiêu chuẩn,255.000 ₫,1
64480KVGV20ZA,Nẹp ốp yếm bên phải *NH411M*,HONDA,Phụ tùng Honda tiêu chuẩn,51.000 ₫,1
64480KWWA00,ốp sườn sau phải,HONDA,Phụ tùng Honda tiêu chuẩn,25.000 ₫,1
64490K07900,Bộ nắp dưới đèn hậu,HONDA,Phụ tùng Honda tiêu chuẩn,33.000 ₫,1
64490K56V00ZE,Ốp sườn sau trái *NHA76M*,HONDA,Phụ tùng Honda tiêu chuẩn,236.000 ₫,1
64490KVG900,Nẹp ốp yếm trái,HONDA,Phụ tùng Honda tiêu chuẩn,14.000 ₫,1
64490KVGB20,Nẹp ốp yếm bên trái (CR),HONDA,Phụ tùng Honda tiêu chuẩn,255.000 ₫,1
64490KVGV20ZA,Nẹp ốp yếm bên trái *NH411M*,HONDA,Phụ tùng Honda tiêu chuẩn,51.000 ₫,1
64490KWWA00,ốp sườn sau trái,HONDA,Phụ tùng Honda tiêu chuẩn,25.000 ₫,1
64500K1FV00ZA,Mặt nạ trước phải *NHB25*,HONDA,Phụ tùng Honda tiêu chuẩn,432.000 ₫,1
64500K1FV00ZC,Mặt nạ trước phải *R368*,HONDA,Phụ tùng Honda tiêu chuẩn,432.000 ₫,1
64500K1FV00ZD,Mặt nạ trước phải *PB421*,HONDA,Phụ tùng Honda tiêu chuẩn,432.000 ₫,1
64500K1FV30ZB,Bộ ốp trước phải *NHC04*,HONDA,Phụ tùng Honda tiêu chuẩn,379.000 ₫,1
64500K1FV30ZC,Bộ ốp trước phải *R368*,HONDA,Phụ tùng Honda tiêu chuẩn,379.000 ₫,1
64500K1FV40ZA,Bộ ốp trước phải *NHC34*,HONDA,Phụ tùng Honda tiêu chuẩn,402.000 ₫,2
64500K1FV70ZB,Mặt nạ trước phải *NHC60P 1*,HONDA,Phụ tùng Honda tiêu chuẩn,373.000 ₫,1
64500K1GV00ZA,Mặt nạ trước phải *NHB35*,HONDA,Phụ tùng Honda tiêu chuẩn,415.000 ₫,1
64500K1GV00ZB,Mặt nạ trước phải *NH262*,HONDA,Phụ tùng Honda tiêu chuẩn,415.000 ₫,2
64500K1GV00ZC,Mặt nạ trước phải *R340*,HONDA,Phụ tùng Honda tiêu chuẩn,415.000 ₫,1
64500K1GV00ZD,Mặt nạ trước phải *B189*,HONDA,Phụ tùng Honda tiêu chuẩn,415.000 ₫,1
64500K1GV10ZA,Mặt nạ trước phải *NHA76M*,HONDA,Phụ tùng Honda tiêu chuẩn,415.000 ₫,1
64500K1GV30ZA,Bộ ốp trước phải *NHB35*,HONDA,Phụ tùng Honda tiêu chuẩn,367.000 ₫,1
64500K1GV30ZB,Bộ ốp trước phải *NH262*,HONDA,Phụ tùng Honda tiêu chuẩn,367.000 ₫,1
64500K1GV30ZC,Bộ ốp trước phải *R340*,HONDA,Phụ tùng Honda tiêu chuẩn,367.000 ₫,1
64500K1GV30ZD,Bộ ốp trước phải *PB421*,HONDA,Phụ tùng Honda tiêu chuẩn,367.000 ₫,1
64500K1GV90ZA,Mặt nạ trước phải *NHC60P*,HONDA,Phụ tùng Honda tiêu chuẩn,347.000 ₫,1
64500K27630ZA,Bộ ốp trước bên phải *NHA76M*,HONDA,Phụ tùng Honda tiêu chuẩn,495.000 ₫,1
64500K27V00ZD,Bộ ốp trước bên phải *R340*,HONDA,Phụ tùng Honda tiêu chuẩn,279.000 ₫,1
64500K27V00ZF,Bộ ốp trước bên phải *NHA62X*,HONDA,Phụ tùng Honda tiêu chuẩn,279.000 ₫,1
64500K27V10ZC,Bộ ốp trước bên phải *R340B*,HONDA,Phụ tùng Honda tiêu chuẩn,345.000 ₫,1
64500K27V10ZD,Bộ ốp trước bên phải *R340X*,HONDA,Phụ tùng Honda tiêu chuẩn,345.000 ₫,1
64500K27V10ZE,Bộ ốp trước bên phải *Y208*,HONDA,Phụ tùng Honda tiêu chuẩn,345.000 ₫,1
64500K27V60ZA,Bộ ốp trước bên phải*NHA62B*,HONDA,Phụ tùng Honda tiêu chuẩn,345.000 ₫,1
64500K27V60ZB,Bộ ốp trước bên phải*YR322*,HONDA,Phụ tùng Honda tiêu chuẩn,345.000 ₫,1
64500K27V60ZC,Bộ ốp trước bên phải*NHA62X*,HONDA,Phụ tùng Honda tiêu chuẩn,345.000 ₫,1
64500K27V60ZD,Bộ ốp trước bên phải*Y208*,HONDA,Phụ tùng Honda tiêu chuẩn,345.000 ₫,1
64500K27V60ZE,Bộ ốp trước bên phải*R340*,HONDA,Phụ tùng Honda tiêu chuẩn,345.000 ₫,1
64500K2ZV00ZA,Mặt nạ trước phải *NHB25*,HONDA,Phụ tùng Honda tiêu chuẩn,399.000 ₫,1
64500K2ZV00ZD,Mặt nạ trước phải *PB426*,HONDA,Phụ tùng Honda tiêu chuẩn,399.000 ₫,1
64500K2ZV70ZA,Mặt nạ trước phải *NHC60P*,HONDA,Phụ tùng Honda tiêu chuẩn,412.000 ₫,1
64500K3AV00ZC,Mặt nạ trước phải *R340*,HONDA,Phụ tùng Honda tiêu chuẩn,393.000 ₫,1
64500K3AV00ZD,Mặt nạ trước phải *PB421*,HONDA,Phụ tùng Honda tiêu chuẩn,393.000 ₫,1
64500K3AV10ZA,Mặt nạ trước phải *NHA76*,HONDA,Phụ tùng Honda tiêu chuẩn,393.000 ₫,1
64500K3AV40ZA,MẶT NẠ TRƯỚC PHẢI *TYPE2* *R368*,HONDA,Phụ tùng Honda tiêu chuẩn,406.000 ₫,1
64500K3AV70ZA,MẶT NẠ TRƯỚC PHẢI *NHC60P*,HONDA,Phụ tùng Honda tiêu chuẩn,406.000 ₫,1
64500K66V00ZA,Bộ ốp trước bên phải *YR322C*,HONDA,Phụ tùng Honda tiêu chuẩn,270.000 ₫,1
64500K66V00ZC,Bộ ốp trước bên phải *NHA62M*,HONDA,Phụ tùng Honda tiêu chuẩn,270.000 ₫,1
64500K66V00ZD,Bộ ốp trước bên phải *R340C*,HONDA,Phụ tùng Honda tiêu chuẩn,270.000 ₫,1
64500K66V10ZA,Bộ ốp trước bên phải *NHB25M*,HONDA,Phụ tùng Honda tiêu chuẩn,270.000 ₫,1
64500K66V10ZB,Bộ ốp trước bên phải *NHB35P*,HONDA,Phụ tùng Honda tiêu chuẩn,270.000 ₫,1
64500K66V10ZC,Bộ ốp trước bên phải *PB390M*,HONDA,Phụ tùng Honda tiêu chuẩn,270.000 ₫,1
64500K66V10ZD,Bộ ốp trước bên phải *R340C*,HONDA,Phụ tùng Honda tiêu chuẩn,270.000 ₫,1
64500K66V90ZA,Bộ ốp trước bên phải *NHA76M*,HONDA,Phụ tùng Honda tiêu chuẩn,272.000 ₫,1
64500K66VE0ZA,Bộ ốp trước bên phải *B189*,HONDA,Phụ tùng Honda tiêu chuẩn,292.000 ₫,1
64500K66VE0ZB,Bộ ốp trước bên phải *NHB35*,HONDA,Phụ tùng Honda tiêu chuẩn,292.000 ₫,2
64500K66VE0ZC,Bộ ốp trước bên phải *NHA62*,HONDA,Phụ tùng Honda tiêu chuẩn,292.000 ₫,1
64500K66VE0ZD,Bộ ốp trước bên phải *R340*,HONDA,Phụ tùng Honda tiêu chuẩn,292.000 ₫,1
64500K66VF0ZB,Bộ ốp trước bên phải *NHB86M*,HONDA,Phụ tùng Honda tiêu chuẩn,295.000 ₫,1
64500K66VF0ZD,Bộ ốp trước bên phải *NHB25M*,HONDA,Phụ tùng Honda tiêu chuẩn,295.000 ₫,1
64500K66VF0ZF,Bộ ốp trước bên phải *PB390M*,HONDA,Phụ tùng Honda tiêu chuẩn,295.000 ₫,1
64500K66VF0ZG,Bộ ốp trước bên phải *R340C*,HONDA,Phụ tùng Honda tiêu chuẩn,295.000 ₫,1
64500K66VG0ZA,Bộ ốp trước bên phải *NHA76M*,HONDA,Phụ tùng Honda tiêu chuẩn,322.000 ₫,1
64500K66VN0ZA,Bộ ốp trước bên phải *B189C*,HONDA,Phụ tùng Honda tiêu chuẩn,281.000 ₫,1
64500K66VN0ZB,Bộ ốp trước bên phải *NHB35P*,HONDA,Phụ tùng Honda tiêu chuẩn,281.000 ₫,1
64500K66VN0ZC,Bộ ốp trước bên phải *NHA62M*,HONDA,Phụ tùng Honda tiêu chuẩn,281.000 ₫,1
64500K66VP0ZA,Bộ ốp trước bên phải *NHB86M*,HONDA,Phụ tùng Honda tiêu chuẩn,284.000 ₫,1
64500K66VP0ZD,Bộ ốp trước bên phải *R340C*,HONDA,Phụ tùng Honda tiêu chuẩn,284.000 ₫,1
64500K66VP0ZE,Bộ ốp trước bên phải *PB421M*,HONDA,Phụ tùng Honda tiêu chuẩn,284.000 ₫,1
64500K66VQ0ZA,Bộ ốp trước bên phải *NHA76M*,HONDA,Phụ tùng Honda tiêu chuẩn,312.000 ₫,1
64500KFLD20ZC,Mặt nạ trước *B142P*,HONDA,Phụ tùng Honda tiêu chuẩn,613.000 ₫,1
64500KFLD20ZD,Mặt nạ trước *R263*,HONDA,Phụ tùng Honda tiêu chuẩn,613.000 ₫,1
64500KTM970ZF,Mặt nạ trước *NHA69P*,HONDA,Phụ tùng Honda tiêu chuẩn,133.000 ₫,1
64500KVG950ZD,Bộ ốp yếm phải trước *NHA69P*,HONDA,Phụ tùng Honda tiêu chuẩn,168.000 ₫,1
64500KVG950ZE,Bộ ốp yếm phải trước *R313C*,HONDA,Phụ tùng Honda tiêu chuẩn,173.000 ₫,1
64500KVG950ZF,Bộ ốp yếm phải trước *NHA96P*,HONDA,Phụ tùng Honda tiêu chuẩn,168.000 ₫,1
64500KVGB20ZB,Bộ ốp yếm phải trước *Y209M*,HONDA,Phụ tùng Honda tiêu chuẩn,358.000 ₫,1
64500KVGV10ZB,Bộ ốp yếm phải trước *R313C*,HONDA,Phụ tùng Honda tiêu chuẩn,211.000 ₫,1
64500KVGV10ZC,Bộ ốp yếm phải trước *NHA96P*,HONDA,Phụ tùng Honda tiêu chuẩn,207.000 ₫,1
64500KVGV20ZA,Bộ ốp yếm phải trước *NHA69P*,HONDA,Phụ tùng Honda tiêu chuẩn,221.000 ₫,1
64500KVGV20ZB,Bộ ốp yếm phải trước *NHA96P*,HONDA,Phụ tùng Honda tiêu chuẩn,216.000 ₫,1
64500KVGV20ZC,Bộ ốp yếm bên phải trước *R313,HONDA,Phụ tùng Honda tiêu chuẩn,221.000 ₫,1
64500KVGV40ZA,Bộ ốp trước phải *R340C*,HONDA,Phụ tùng Honda tiêu chuẩn,222.000 ₫,1
64500KVGV40ZB,Bộ ốp trước phải *NHB35P*,HONDA,Phụ tùng Honda tiêu chuẩn,222.000 ₫,1
64500KVGV40ZC,Bộ ốp trước phải *NHB25M*,HONDA,Phụ tùng Honda tiêu chuẩn,222.000 ₫,1
64500KVGV80ZB,Bộ ốp trước phải *NHB35K*,HONDA,Phụ tùng Honda tiêu chuẩn,344.000 ₫,1
64500KVGV80ZC,Bộ ốp trước phải *NHB25K*,HONDA,Phụ tùng Honda tiêu chuẩn,344.000 ₫,1
64500KVGV80ZD,Bộ ốp trước phải *NHB25F*,HONDA,Phụ tùng Honda tiêu chuẩn,344.000 ₫,1
64500KWWV01ZE,ỐP TRƯỚC *NHA69P*,HONDA,Phụ tùng Honda tiêu chuẩn,407.000 ₫,1
64500KYZV00ZL,Mặt nạ trước *NHB25M*,HONDA,Phụ tùng Honda tiêu chuẩn,211.000 ₫,1
64501K27V20ZD,Ốp trước bên phải*NHB51M*,HONDA,Phụ tùng Honda tiêu chuẩn,281.000 ₫,2
64501K66V20ZA,Ốp trước bên phải *Y219M*,HONDA,Phụ tùng Honda tiêu chuẩn,201.000 ₫,1
64501K66V20ZB,Ốp trước bên phải *NHB74M*,HONDA,Phụ tùng Honda tiêu chuẩn,201.000 ₫,1
64501K66V20ZC,Ốp trước bên phải *NHB51M*,HONDA,Phụ tùng Honda tiêu chuẩn,201.000 ₫,1
64501K66VH0ZA,Ốp trước bên phải *Y219M*,HONDA,Phụ tùng Honda tiêu chuẩn,201.000 ₫,1
64501K66VH0ZB,Ốp trước bên phải *NHB74M*,HONDA,Phụ tùng Honda tiêu chuẩn,201.000 ₫,1
64501KVGV40ZC,ốp đèn pha phải trước *NHB24M*,HONDA,Phụ tùng Honda tiêu chuẩn,222.000 ₫,1
64501KVGV40ZE,Ốp đèn pha phải trước *NHB25M*,HONDA,Phụ tùng Honda tiêu chuẩn,222.000 ₫,1
64501KVGV40ZF,Ốp đèn pha phải trước *NHA62M,HONDA,Phụ tùng Honda tiêu chuẩn,222.000 ₫,1
64501KVGV40ZG,Ốp đèn pha phải trước *Y208M*,HONDA,Phụ tùng Honda tiêu chuẩn,222.000 ₫,1
64502K27V20ZD,Ốp trước bên trái*NHB51M*,HONDA,Phụ tùng Honda tiêu chuẩn,287.000 ₫,2
64502K66V20ZA,Ốp trước bên trái *Y219M*,HONDA,Phụ tùng Honda tiêu chuẩn,201.000 ₫,1
64502K66V20ZB,Ốp trước bên trái *NHB74M*,HONDA,Phụ tùng Honda tiêu chuẩn,201.000 ₫,1
64502K66V20ZC,Ốp trước bên trái *NHB51M*,HONDA,Phụ tùng Honda tiêu chuẩn,201.000 ₫,1
64502K66VH0ZA,Ốp trước bên trái *Y219M*,HONDA,Phụ tùng Honda tiêu chuẩn,201.000 ₫,1
64502K66VH0ZB,Ốp trước bên trái *NHB74M*,HONDA,Phụ tùng Honda tiêu chuẩn,201.000 ₫,1
64502K66VR0ZA,Ốp trước bên trái *NHB74M*,HONDA,Phụ tùng Honda tiêu chuẩn,196.000 ₫,1
64502K96V00ZB,Ốp trước bên trái *R368C*,HONDA,Phụ tùng Honda tiêu chuẩn,630.000 ₫,2
64502K96V00ZF,Ốp trước bên trái *NHB25M*,HONDA,Phụ tùng Honda tiêu chuẩn,413.000 ₫,1
64502K96V00ZH,Ốp trước bên trái *NHA76M*,HONDA,Phụ tùng Honda tiêu chuẩn,413.000 ₫,1
64502KVGV40ZC,ốp đèn pha trái trước *NHB24M*,HONDA,Phụ tùng Honda tiêu chuẩn,221.000 ₫,1
64502KVGV40ZE,Ốp đèn pha trái trước *NHB25M*,HONDA,Phụ tùng Honda tiêu chuẩn,221.000 ₫,1
64502KVGV40ZF,Ốp đèn pha trái trước *NHA62M*,HONDA,Phụ tùng Honda tiêu chuẩn,221.000 ₫,1
64502KVGV40ZG,Ốp đèn pha trái trước *Y208M*,HONDA,Phụ tùng Honda tiêu chuẩn,221.000 ₫,1
64505KVG900ZS,ốp yếm bên phải trước *NHA69P*,HONDA,Phụ tùng Honda tiêu chuẩn,148.000 ₫,1
64505KVG950ZB,ốp yếm phải trước *NHA96P*,HONDA,Phụ tùng Honda tiêu chuẩn,150.000 ₫,1
64505KVG950ZC,ốp yếm phải trước *R313C*,HONDA,Phụ tùng Honda tiêu chuẩn,150.000 ₫,1
64505KVGV40ZA,ốp trước phải *R340C*,HONDA,Phụ tùng Honda tiêu chuẩn,216.000 ₫,1
64506KVG900ZS,ốp yếm bên trái trước *NHA69P*,HONDA,Phụ tùng Honda tiêu chuẩn,148.000 ₫,1
64506KVG950ZB,ốp yếm trái trước *NHA96P*,HONDA,Phụ tùng Honda tiêu chuẩn,150.000 ₫,1
64506KVG950ZC,ốp yếm trái trước *R313C*,HONDA,Phụ tùng Honda tiêu chuẩn,150.000 ₫,2
64506KVGV60ZB,ốp trước trái *NHB43M*,HONDA,Phụ tùng Honda tiêu chuẩn,396.000 ₫,1
64510K03M60ZA,Bộ ốp trước trên R340C,HONDA,Phụ tùng Honda tiêu chuẩn,230.000 ₫,1
64510K03M60ZB,Bộ ốp trước trên NHB55P,HONDA,Phụ tùng Honda tiêu chuẩn,230.000 ₫,1
64510K27V00ZA,Bộ ốp trước dưới phải *YR286R*,HONDA,Phụ tùng Honda tiêu chuẩn,77.000 ₫,1
64510K27V00ZE,Bộ ốp trước dưới phải*NH187R*,HONDA,Phụ tùng Honda tiêu chuẩn,102.000 ₫,1
64510K90VC0ZA,Bộ ốp trước trên *NHA76M*,HONDA,Phụ tùng Honda tiêu chuẩn,202.000 ₫,1
64510KEV900,CAO SU GIẢM CHẤN MẶT NẠ TRƯỚC,HONDA,Phụ tùng Honda tiêu chuẩn,7.000 ₫,3
64510KVG950ZA,ốp đèn pha trước phải *NHA69P*,HONDA,Phụ tùng Honda tiêu chuẩn,207.000 ₫,1
64510KVG950ZC,ốp đèn pha trước phải *R313C*,HONDA,Phụ tùng Honda tiêu chuẩn,207.000 ₫,1
64510KVGB20ZB,ốp đèn pha trước phải *Y209M*,HONDA,Phụ tùng Honda tiêu chuẩn,321.000 ₫,1
64510KYZ900,Tấm chắn bùn trước bên trong,HONDA,Phụ tùng Honda tiêu chuẩn,31.000 ₫,1
64510KZY701ZK,Bộ ốp trước bên trái *R-350C*,HONDA,Phụ tùng Honda tiêu chuẩn,772.000 ₫,1
64511KVG950ZA,ốp đèn pha trước trái *NHA69P*,HONDA,Phụ tùng Honda tiêu chuẩn,207.000 ₫,1
64511KVG950ZB,ốp đèn pha trước trái *NHA96P*,HONDA,Phụ tùng Honda tiêu chuẩn,207.000 ₫,1
64511KVG950ZC,ốp đèn pha trước trái *R313C*,HONDA,Phụ tùng Honda tiêu chuẩn,207.000 ₫,1
64511KVGB20ZA,ốp đèn pha trước trái *R343C*,HONDA,Phụ tùng Honda tiêu chuẩn,285.000 ₫,1
64511KVGB20ZB,ốp đèn pha trước trái *Y209M*,HONDA,Phụ tùng Honda tiêu chuẩn,321.000 ₫,1
64511KVRV80,Giá bắt ốp ống yếm,HONDA,Phụ tùng Honda tiêu chuẩn,48.000 ₫,1
64520K03M60ZA,Tấm thông gió trước dưới NH1,HONDA,Phụ tùng Honda tiêu chuẩn,65.000 ₫,1
64520K27V00ZA,Bộ ốp trước dưới trái *YR286R*,HONDA,Phụ tùng Honda tiêu chuẩn,77.000 ₫,1
64520K27V00ZC,Bộ ốp trước dưới trái *R346R*,HONDA,Phụ tùng Honda tiêu chuẩn,77.000 ₫,1
64520K27V00ZD,Bộ ốp trước dưới trái *NH1*,HONDA,Phụ tùng Honda tiêu chuẩn,77.000 ₫,1
64520K27V00ZE,Bộ ốp trước dưới trái*NH187R*,HONDA,Phụ tùng Honda tiêu chuẩn,102.000 ₫,1
64520K56N10,Bộ ốp yếm trái,HONDA,Phụ tùng Honda tiêu chuẩn,87.000 ₫,1
64520K56V50,Bộ ốp yếm trái,HONDA,Phụ tùng Honda tiêu chuẩn,74.000 ₫,1
64520K90VC0ZB,Tấm thông gió trước dưới *NH1*,HONDA,Phụ tùng Honda tiêu chuẩn,64.000 ₫,1
64520KVG950ZA,Chắn bùn trước bên trong *NH1*,HONDA,Phụ tùng Honda tiêu chuẩn,121.000 ₫,1
64520KWWV00ZD,Nắp dưới ốp trước *NH411M*,HONDA,Phụ tùng Honda tiêu chuẩn,94.000 ₫,1
64520KWWV00ZG,Nắp dưới ốp trước *R340C*,HONDA,Phụ tùng Honda tiêu chuẩn,91.000 ₫,1
64530K1FV00ZA,Ốp dưới sàn xe *NH1*,HONDA,Phụ tùng Honda tiêu chuẩn,196.000 ₫,1
64530K27V00,Tấm ốp sàn dưới,HONDA,Phụ tùng Honda tiêu chuẩn,210.000 ₫,1
64530K66V00,Tấm ốp sàn dưới,HONDA,Phụ tùng Honda tiêu chuẩn,242.000 ₫,1
64530KVG900,Tấm ốp sàn dưới,HONDA,Phụ tùng Honda tiêu chuẩn,114.000 ₫,1
64530KVG950ZA,Tấm ốp sàn dưới *NH1*,HONDA,Phụ tùng Honda tiêu chuẩn,116.000 ₫,1
64530KVGV40,Tấm ốp sàn dưới,HONDA,Phụ tùng Honda tiêu chuẩn,128.000 ₫,1
64530KWN711,TẤM ỐP SÀN DƯỚI,HONDA,Phụ tùng Honda tiêu chuẩn,50.000 ₫,1
64540KVGV00ZA,Bộ ốp đèn pha trước phải *YR27,HONDA,Phụ tùng Honda tiêu chuẩn,247.000 ₫,2
64540KVGV20ZA,Bộ ốp đèn pha trước phải *NHA6,HONDA,Phụ tùng Honda tiêu chuẩn,247.000 ₫,1
64540KVGV20ZB,Bộ ốp đèn pha trước phải *NHA9,HONDA,Phụ tùng Honda tiêu chuẩn,247.000 ₫,1
64540KVGV20ZC,Bộ ốp đèn pha trước phải *R313,HONDA,Phụ tùng Honda tiêu chuẩn,247.000 ₫,2
64540KYL900ZA,BỘ ỐP TRÊN ỐNG CHÍNH *NHA69P*,HONDA,Phụ tùng Honda tiêu chuẩn,185.000 ₫,1
64550KVGV00ZA,Bộ ốp đèn pha trước trái *YR27,HONDA,Phụ tùng Honda tiêu chuẩn,247.000 ₫,2
64550KVGV20ZA,Bộ ốp đèn pha trước trái *NHA6,HONDA,Phụ tùng Honda tiêu chuẩn,247.000 ₫,1
64550KVGV20ZC,Bộ ốp đèn pha trước trái *R313,HONDA,Phụ tùng Honda tiêu chuẩn,247.000 ₫,1
64550KWWV00ZF,Nắp trên ốp trước *NHA69P*,HONDA,Phụ tùng Honda tiêu chuẩn,173.000 ₫,1
64560K03M60ZA,Ốp dưới sườn phải NH1,HONDA,Phụ tùng Honda tiêu chuẩn,50.000 ₫,1
64560K57V00ZA,Ốp dưới sườn phải,HONDA,Phụ tùng Honda tiêu chuẩn,24.000 ₫,1
64560K90VC0ZB,Ốp dưới sườn phải *NH1*,HONDA,Phụ tùng Honda tiêu chuẩn,81.000 ₫,1
64560KWWA00,Thông gió ốp sườn phải,HONDA,Phụ tùng Honda tiêu chuẩn,11.000 ₫,1
64565K03M60ZA,Ốp dưới sườn trái NH1,HONDA,Phụ tùng Honda tiêu chuẩn,61.000 ₫,1
64565K57V00ZA,Ốp dưới sườn trái,HONDA,Phụ tùng Honda tiêu chuẩn,24.000 ₫,1
64565K90VC0ZB,Ốp dưới sườn trái *NH1*,HONDA,Phụ tùng Honda tiêu chuẩn,104.000 ₫,1
64565K90VM0ZA,Ốp dưới sườn trái *NH1*,HONDA,Phụ tùng Honda tiêu chuẩn,105.000 ₫,1
64600K03M30ZA,BỘ ỐP SƯỜN PHẢI *NHB55*,HONDA,Phụ tùng Honda tiêu chuẩn,382.000 ₫,1
64600K03M30ZB,Bộ ốp sườn phải *NH411*,HONDA,Phụ tùng Honda tiêu chuẩn,382.000 ₫,1
64600K03M30ZD,Bộ ốp sườn phải *NH431*,HONDA,Phụ tùng Honda tiêu chuẩn,382.000 ₫,1
64600K03M60ZE,Bộ ốp sườn phải *NHB25*,HONDA,Phụ tùng Honda tiêu chuẩn,382.000 ₫,1
64600K03V10ZC,BỘ ỐP SƯỜN PHẢI *R340*,HONDA,Phụ tùng Honda tiêu chuẩn,387.000 ₫,1
64600K03V20ZA,Bộ ốp sườn phải *NHB35*,HONDA,Phụ tùng Honda tiêu chuẩn,413.000 ₫,1
64600K03V70ZE,Bộ ốp sườn phải *NHA69P*,HONDA,Phụ tùng Honda tiêu chuẩn,250.000 ₫,1
64600K07V00ZF,BỘ ỐP SƯỜN PHẢI*NHB25K*,HONDA,Phụ tùng Honda tiêu chuẩn,407.000 ₫,1
64600K1FV00ZA,Mặt nạ trước trái *NHB25*,HONDA,Phụ tùng Honda tiêu chuẩn,432.000 ₫,1
64600K1FV00ZB,Mặt nạ trước trái *NHC04*,HONDA,Phụ tùng Honda tiêu chuẩn,432.000 ₫,1
64600K1FV00ZC,Mặt nạ trước trái *R368*,HONDA,Phụ tùng Honda tiêu chuẩn,432.000 ₫,1
64600K1FV00ZD,Mặt nạ trước trái *PB421*,HONDA,Phụ tùng Honda tiêu chuẩn,432.000 ₫,1
64600K1FV00ZE,Mặt nạ trước trái *NHC34*,HONDA,Phụ tùng Honda tiêu chuẩn,432.000 ₫,1
64600K1FV30ZA,Bộ ốp trước trái *NHB25*,HONDA,Phụ tùng Honda tiêu chuẩn,379.000 ₫,1
64600K1FV30ZB,Bộ ốp trước trái *NHC04*,HONDA,Phụ tùng Honda tiêu chuẩn,379.000 ₫,1
64600K1FV30ZC,Bộ ốp trước trái *R368*,HONDA,Phụ tùng Honda tiêu chuẩn,379.000 ₫,1
64600K1FV40ZA,Bộ ốp trước trái *NHC34*,HONDA,Phụ tùng Honda tiêu chuẩn,402.000 ₫,1
64600K1FV70ZB,Mặt nạ trước trái *NHC60P 1*,HONDA,Phụ tùng Honda tiêu chuẩn,382.000 ₫,1
64600K1GV00ZA,Mặt nạ trước trái *NHB35*,HONDA,Phụ tùng Honda tiêu chuẩn,415.000 ₫,1
64600K1GV00ZB,Mặt nạ trước trái *NH262*,HONDA,Phụ tùng Honda tiêu chuẩn,415.000 ₫,1
64600K1GV00ZC,Mặt nạ trước trái *R340*,HONDA,Phụ tùng Honda tiêu chuẩn,415.000 ₫,1
64600K1GV00ZD,Mặt nạ trước trái *B189*,HONDA,Phụ tùng Honda tiêu chuẩn,415.000 ₫,1
64600K1GV10ZA,Mặt nạ trước trái *NHA76M*,HONDA,Phụ tùng Honda tiêu chuẩn,415.000 ₫,1
64600K1GV30ZB,Bộ ốp trước trái *NH262*,HONDA,Phụ tùng Honda tiêu chuẩn,367.000 ₫,1
64600K1GV30ZC,Bộ ốp trước trái *R340*,HONDA,Phụ tùng Honda tiêu chuẩn,367.000 ₫,1
64600K1GV30ZD,Bộ ốp trước trái *PB421*,HONDA,Phụ tùng Honda tiêu chuẩn,367.000 ₫,1
64600K1GV40ZA,Bộ ốp trước trái *NHA76M*,HONDA,Phụ tùng Honda tiêu chuẩn,402.000 ₫,1
64600K1GV90ZA,Mặt nạ trước trái *NHC60P*,HONDA,Phụ tùng Honda tiêu chuẩn,347.000 ₫,1
64600K27630ZA,Bộ ốp trước bên trái *NHA76M*,HONDA,Phụ tùng Honda tiêu chuẩn,556.000 ₫,1
64600K27V00ZD,Bộ ốp trước bên trái *R340*,HONDA,Phụ tùng Honda tiêu chuẩn,312.000 ₫,1
64600K27V00ZF,Bộ ốp trước bên trái *NHA62X*,HONDA,Phụ tùng Honda tiêu chuẩn,312.000 ₫,1
64600K27V10ZC,Bộ ốp trước bên trái *R340B*,HONDA,Phụ tùng Honda tiêu chuẩn,378.000 ₫,1
64600K27V10ZD,Bộ ốp trước bên trái *R340X*,HONDA,Phụ tùng Honda tiêu chuẩn,378.000 ₫,1
64600K27V10ZE,Bộ ốp trước bên trái *Y208*,HONDA,Phụ tùng Honda tiêu chuẩn,378.000 ₫,1
64600K27V60ZA,Bộ ốp trước bên trái*NHA62B*,HONDA,Phụ tùng Honda tiêu chuẩn,378.000 ₫,1
64600K27V60ZB,Bộ ốp trước bên trái*YR322*,HONDA,Phụ tùng Honda tiêu chuẩn,378.000 ₫,1
64600K27V60ZC,Bộ ốp trước bên trái*NHA62X*,HONDA,Phụ tùng Honda tiêu chuẩn,378.000 ₫,1
64600K27V60ZE,Bộ ốp trước bên trái*R340*,HONDA,Phụ tùng Honda tiêu chuẩn,378.000 ₫,1
64600K2PV00ZA,Bộ ốp trước phải *NHB56M*,HONDA,Phụ tùng Honda tiêu chuẩn,446.000 ₫,1
64600K2PV10ZA,Bộ ốp sườn phải *B189*,HONDA,Phụ tùng Honda tiêu chuẩn,446.000 ₫,1
64600K2PV10ZB,Bộ ốp sườn phải *NHB25*,HONDA,Phụ tùng Honda tiêu chuẩn,446.000 ₫,1
64600K2PV10ZC,Bộ ốp sườn phải *PB421*,HONDA,Phụ tùng Honda tiêu chuẩn,436.000 ₫,1
64600K2PV10ZD,Bộ ốp sườn phải *R389*,HONDA,Phụ tùng Honda tiêu chuẩn,446.000 ₫,1
64600K2PV40ZA,Bộ ốp sườn phải *R340*,HONDA,Phụ tùng Honda tiêu chuẩn,489.000 ₫,1
64600K2PV40ZC,Bộ ốp sườn phải *PB406*,HONDA,Phụ tùng Honda tiêu chuẩn,478.000 ₫,1
64600K2PV50ZB,Bộ ốp trước phải *NHB25M*,HONDA,Phụ tùng Honda tiêu chuẩn,436.000 ₫,1
64600K2PV60ZA,Bộ ốp trước phải *NHB56*,HONDA,Phụ tùng Honda tiêu chuẩn,378.000 ₫,1
64600K2PV60ZB,Bộ ốp trước phải *NHB55*,HONDA,Phụ tùng Honda tiêu chuẩn,378.000 ₫,1
64600K2PV60ZC,Bộ ốp trước phải *NHB25*,HONDA,Phụ tùng Honda tiêu chuẩn,378.000 ₫,1
64600K2PV60ZD,Bộ ốp trước phải *R389*,HONDA,Phụ tùng Honda tiêu chuẩn,378.000 ₫,1
64600K2PV70ZA,Bộ ốp trước phải *NHB18*,HONDA,Phụ tùng Honda tiêu chuẩn,362.000 ₫,1
64600K2PV70ZB,Bộ ốp trước phải *R406*,HONDA,Phụ tùng Honda tiêu chuẩn,362.000 ₫,1
64600K2PV70ZC,Bộ ốp trước phải *NHA76*,HONDA,Phụ tùng Honda tiêu chuẩn,362.000 ₫,1
64600K2PV80ZA,Bộ ốp trước phải *R389*,HONDA,Phụ tùng Honda tiêu chuẩn,370.000 ₫,1
64600K2PVD0ZA,Bộ ốp trước phải *R389*,HONDA,Phụ tùng Honda tiêu chuẩn,378.000 ₫,1
64600K2VN40ZA,BỘ ỐP TRƯỚC BÊN TRÁI *NH436M*,HONDA,Phụ tùng Honda tiêu chuẩn,693.000 ₫,1
64600K2VN50ZB,Bộ ốp trước bên trái *PB406M*,HONDA,Phụ tùng Honda tiêu chuẩn,760.000 ₫,1
64600K2ZV00ZA,Mặt nạ trước trái *NHB25*,HONDA,Phụ tùng Honda tiêu chuẩn,399.000 ₫,1
64600K2ZV00ZD,Mặt nạ trước trái *PB426*,HONDA,Phụ tùng Honda tiêu chuẩn,399.000 ₫,1
64600K2ZV10ZA,Mặt nạ trước trái *NHC34*,HONDA,Phụ tùng Honda tiêu chuẩn,399.000 ₫,1
64600K3AV00ZC,Mặt nạ trước trái *R340*,HONDA,Phụ tùng Honda tiêu chuẩn,393.000 ₫,1
64600K3AV00ZD,Mặt nạ trước trái *PB421*,HONDA,Phụ tùng Honda tiêu chuẩn,393.000 ₫,1
64600K3AV10ZA,Mặt nạ trước trái *NHA76*,HONDA,Phụ tùng Honda tiêu chuẩn,393.000 ₫,1
64600K3AV70ZA,Mặt nạ trước trái *NHC60P*,HONDA,Phụ tùng Honda tiêu chuẩn,406.000 ₫,1
64600K56V00ZB,Bộ ốp yếm sau phải *R340C*,HONDA,Phụ tùng Honda tiêu chuẩn,467.000 ₫,1
64600K56V00ZC,Bộ ốp yếm sau phải *YR322C*,HONDA,Phụ tùng Honda tiêu chuẩn,532.000 ₫,1
64600K56V00ZD,Bộ ốp yếm sau phải *Y106*,HONDA,Phụ tùng Honda tiêu chuẩn,593.000 ₫,1
64600K56V00ZE,Bộ ốp yếm sau phải *B189*,HONDA,Phụ tùng Honda tiêu chuẩn,532.000 ₫,1
64600K56V20ZA,Ốp bên phải *NHA76M*,HONDA,Phụ tùng Honda tiêu chuẩn,370.000 ₫,1
64600K56V20ZB,Ốp bên phải *PB406P*,HONDA,Phụ tùng Honda tiêu chuẩn,308.000 ₫,1
64600K56V30ZB,Bộ ốp yếm sau phải *Y106*,HONDA,Phụ tùng Honda tiêu chuẩn,464.000 ₫,1
64600K56V30ZC,Bộ ốp yếm sau phải *B189C*,HONDA,Phụ tùng Honda tiêu chuẩn,464.000 ₫,1
64600K56V30ZD,Bộ ốp yếm sau phải *NHB35P*,HONDA,Phụ tùng Honda tiêu chuẩn,464.000 ₫,1
64600K56V30ZE,Bộ ốp yếm sau phải *R340C*,HONDA,Phụ tùng Honda tiêu chuẩn,464.000 ₫,1
64600K56V40ZC,Bộ ốp yếm sau phải *NHA76M*,HONDA,Phụ tùng Honda tiêu chuẩn,370.000 ₫,1
64600K56V50ZB,Bộ ốp yếm sau phải *NHA40*,HONDA,Phụ tùng Honda tiêu chuẩn,464.000 ₫,1
64600K56V50ZE,Bộ ốp yếm sau phải *R389*,HONDA,Phụ tùng Honda tiêu chuẩn,464.000 ₫,1
64600K56V60ZA,Bộ ốp yếm sau phải *NHA76*,HONDA,Phụ tùng Honda tiêu chuẩn,332.000 ₫,1
64600K56V70ZB,Bộ ốp yếm sau phải *R389*,HONDA,Phụ tùng Honda tiêu chuẩn,416.000 ₫,1
64600K56V80ZA,Bộ ốp yếm sau phải *R340*,HONDA,Phụ tùng Honda tiêu chuẩn,487.000 ₫,1
64600K56V80ZB,Bộ ốp yếm sau phải *PB406*,HONDA,Phụ tùng Honda tiêu chuẩn,487.000 ₫,1
64600K56V90ZA,Bộ ốp yếm sau phải *NHA76M*,HONDA,Phụ tùng Honda tiêu chuẩn,447.000 ₫,1
64600K57A00ZA,BỘ ỐP SƯỜN PHẢI *NHB55*,HONDA,Phụ tùng Honda tiêu chuẩn,333.000 ₫,1
64600K57A00ZC,BỘ ỐP SƯỜN PHẢI *NHB25*,HONDA,Phụ tùng Honda tiêu chuẩn,333.000 ₫,1
64600K57A20ZA,Bộ ốp sườn phải *B189*,HONDA,Phụ tùng Honda tiêu chuẩn,333.000 ₫,1
64600K57A20ZB,Bộ ốp sườn phải *NHB55*,HONDA,Phụ tùng Honda tiêu chuẩn,410.000 ₫,1
64600K57A50ZB,Bộ ốp sườn phải *NHB55P*,HONDA,Phụ tùng Honda tiêu chuẩn,338.000 ₫,1
64600K57A50ZC,Bộ ốp sườn phải *R340C*,HONDA,Phụ tùng Honda tiêu chuẩn,338.000 ₫,1
64600K57A70ZA,Bộ ốp sườn phải *B189C*,HONDA,Phụ tùng Honda tiêu chuẩn,322.000 ₫,1
64600K57A70ZB,Bộ ốp sườn phải *R340C*,HONDA,Phụ tùng Honda tiêu chuẩn,322.000 ₫,1
64600K57A90ZB,Bộ ốp sườn phải *NHB55P*,HONDA,Phụ tùng Honda tiêu chuẩn,325.000 ₫,1
64600K57AC0ZC,BỘ ỐP SƯỜN PHẢI *NH411*,HONDA,Phụ tùng Honda tiêu chuẩn,424.000 ₫,1
64600K57V00ZB,BỘ ỐP SƯỜN PHẢI *NHB55*,HONDA,Phụ tùng Honda tiêu chuẩn,335.000 ₫,1
64600K57V10ZA,Bộ ốp sườn phải *NHB55*,HONDA,Phụ tùng Honda tiêu chuẩn,327.000 ₫,1
64600K57V10ZB,Bộ ốp sườn phải *R340*,HONDA,Phụ tùng Honda tiêu chuẩn,327.000 ₫,1
64600K57V10ZC,Bộ ốp sườn phải *NHB25*,HONDA,Phụ tùng Honda tiêu chuẩn,327.000 ₫,1
64600K57V50ZB,Bộ ốp sườn phải *R340C*,HONDA,Phụ tùng Honda tiêu chuẩn,327.000 ₫,1
64600K57V80ZD,Bộ ốp sườn phải *R340C*,HONDA,Phụ tùng Honda tiêu chuẩn,335.000 ₫,1
64600K66V00ZA,Bộ ốp trước bên trái *YR322C*,HONDA,Phụ tùng Honda tiêu chuẩn,270.000 ₫,1
64600K66V00ZB,Bộ ốp trước bên trái *NHB35P*,HONDA,Phụ tùng Honda tiêu chuẩn,270.000 ₫,1
64600K66V00ZC,Bộ ốp trước bên trái *NHA62M*,HONDA,Phụ tùng Honda tiêu chuẩn,270.000 ₫,1
64600K66V10ZA,Bộ ốp trước bên trái *NHB25M*,HONDA,Phụ tùng Honda tiêu chuẩn,270.000 ₫,1
64600K66V10ZB,Bộ ốp trước bên trái *NHB35P*,HONDA,Phụ tùng Honda tiêu chuẩn,270.000 ₫,1
64600K66V10ZC,Bộ ốp trước bên trái *PB390M*,HONDA,Phụ tùng Honda tiêu chuẩn,270.000 ₫,2
64600K66V10ZD,Bộ ốp trước bên trái *R340C*,HONDA,Phụ tùng Honda tiêu chuẩn,270.000 ₫,1
64600K66V90ZA,Bộ ốp trước bên trái *NHA76M*,HONDA,Phụ tùng Honda tiêu chuẩn,272.000 ₫,1
64600K66VE0ZA,Bộ ốp trước bên trái *B189*,HONDA,Phụ tùng Honda tiêu chuẩn,292.000 ₫,1
64600K66VE0ZB,Bộ ốp trước bên trái *NHB35*,HONDA,Phụ tùng Honda tiêu chuẩn,292.000 ₫,1
64600K66VE0ZC,Bộ ốp trước bên trái *NHA62*,HONDA,Phụ tùng Honda tiêu chuẩn,292.000 ₫,2
64600K66VF0ZB,Bộ ốp trước bên trái *NHB86M*,HONDA,Phụ tùng Honda tiêu chuẩn,295.000 ₫,2
64600K66VF0ZD,Bộ ốp trước bên trái *NHB25M*,HONDA,Phụ tùng Honda tiêu chuẩn,295.000 ₫,1
64600K66VF0ZF,Bộ ốp trước bên trái *PB390M*,HONDA,Phụ tùng Honda tiêu chuẩn,295.000 ₫,1
64600K66VF0ZG,Bộ ốp trước bên trái *R340C*,HONDA,Phụ tùng Honda tiêu chuẩn,295.000 ₫,1
64600K66VG0ZA,Bộ ốp trước bên trái *NHA76M*,HONDA,Phụ tùng Honda tiêu chuẩn,322.000 ₫,2
64600K66VN0ZA,Bộ ốp trước bên trái *B189C*,HONDA,Phụ tùng Honda tiêu chuẩn,281.000 ₫,1
64600K66VN0ZB,Bộ ốp trước bên trái *NHB35P*,HONDA,Phụ tùng Honda tiêu chuẩn,281.000 ₫,1
64600K66VN0ZC,Bộ ốp trước bên trái *NHA62M*,HONDA,Phụ tùng Honda tiêu chuẩn,281.000 ₫,1
64600K66VN0ZD,Bộ ốp trước bên trái *R340C*,HONDA,Phụ tùng Honda tiêu chuẩn,281.000 ₫,1
64600K66VP0ZA,Bộ ốp trước bên trái *NHB86M*,HONDA,Phụ tùng Honda tiêu chuẩn,284.000 ₫,1
64600K66VP0ZD,Bộ ốp trước bên trái *R340C*,HONDA,Phụ tùng Honda tiêu chuẩn,284.000 ₫,1
64600K66VP0ZE,Bộ ốp trước bên trái *PB421M*,HONDA,Phụ tùng Honda tiêu chuẩn,284.000 ₫,1
64600K66VQ0ZA,Bộ ốp trước bên trái *NHA76M*,HONDA,Phụ tùng Honda tiêu chuẩn,312.000 ₫,1
64600K73V00ZA,Bộ ốp sườn phải *PB389M*,HONDA,Phụ tùng Honda tiêu chuẩn,533.000 ₫,1
64600K73V00ZB,BỘ ỐP SƯỜN PHẢI *NHA62M*,HONDA,Phụ tùng Honda tiêu chuẩn,533.000 ₫,1
64600K73V00ZF,Bộ ốp sườn phải *NHB25E*,HONDA,Phụ tùng Honda tiêu chuẩn,533.000 ₫,1
64600K73V50ZB,Bộ ốp sườn phải *PB389M*,HONDA,Phụ tùng Honda tiêu chuẩn,382.000 ₫,1
64600K73V50ZD,BỘ ỐP SƯỜN PHẢI *NHA76M*,HONDA,Phụ tùng Honda tiêu chuẩn,382.000 ₫,1
64600K73V70ZB,Bộ ốp sườn phải *R350C*,HONDA,Phụ tùng Honda tiêu chuẩn,339.000 ₫,1
64600K73V70ZC,Bộ ốp sườn phải *PB389M*,HONDA,Phụ tùng Honda tiêu chuẩn,339.000 ₫,1
64600K73V70ZE,Bộ ốp sườn phải *NHA76M*,HONDA,Phụ tùng Honda tiêu chuẩn,339.000 ₫,1
64600K73VB0ZC,BỘ ỐP SƯỜN PHẢI *NH193*,HONDA,Phụ tùng Honda tiêu chuẩn,250.000 ₫,1
64600K73VB0ZF,Ốp sườn phải *NHC34*,HONDA,Phụ tùng Honda tiêu chuẩn,244.000 ₫,1
64600K73VD0ZA,BỘ ỐP SƯỜN PHẢI *PB421M*,HONDA,Phụ tùng Honda tiêu chuẩn,250.000 ₫,1
64600K73VE0ZC,Bộ ốp sườn phải *NHB55P*,HONDA,Phụ tùng Honda tiêu chuẩn,244.000 ₫,1
64600K73VE0ZD,BỘ ỐP SƯỜN PHẢI *PB421M*,HONDA,Phụ tùng Honda tiêu chuẩn,244.000 ₫,1
64600K73VE0ZE,BỘ ỐP SƯỜN PHẢI *R368C*,HONDA,Phụ tùng Honda tiêu chuẩn,250.000 ₫,1
64600K89V00ZD,Bộ ốp sườn phải *NHB25*,HONDA,Phụ tùng Honda tiêu chuẩn,296.000 ₫,1
64600K89V20ZC,Bộ ốp sườn phải *NHB55P*,HONDA,Phụ tùng Honda tiêu chuẩn,318.000 ₫,1
64600K89V30ZC,Bộ ốp sườn phải *B203M*,HONDA,Phụ tùng Honda tiêu chuẩn,299.000 ₫,1
64600K89V30ZE,Bộ ốp sườn phải *NHB25M*,HONDA,Phụ tùng Honda tiêu chuẩn,299.000 ₫,1
64600K89V30ZF,Bộ ốp sườn phải *R263*,HONDA,Phụ tùng Honda tiêu chuẩn,299.000 ₫,1
64600K89V50ZA,Bộ ốp sườn phải *PB421*,HONDA,Phụ tùng Honda tiêu chuẩn,252.000 ₫,1
64600K89V50ZB,Bộ ốp sườn phải *B203*,HONDA,Phụ tùng Honda tiêu chuẩn,252.000 ₫,1
64600K89V50ZC,Bộ ốp sườn phải *NHB55*,HONDA,Phụ tùng Honda tiêu chuẩn,252.000 ₫,1
64600K89V50ZD,Bộ ốp sườn phải *NHB25*,HONDA,Phụ tùng Honda tiêu chuẩn,252.000 ₫,1
64600K89V50ZE,Bộ ốp sườn phải *R263*,HONDA,Phụ tùng Honda tiêu chuẩn,252.000 ₫,1
64600K89V70ZA,Bộ ốp sườn phải *NHA76*,HONDA,Phụ tùng Honda tiêu chuẩn,282.000 ₫,1
64600K89V70ZD,Bộ ốp sườn phải *NHB55*,HONDA,Phụ tùng Honda tiêu chuẩn,272.000 ₫,1
64600K89V90ZA,Bộ ốp sườn phải *PB421M*,HONDA,Phụ tùng Honda tiêu chuẩn,255.000 ₫,1
64600K89V90ZC,Bộ ốp sườn phải *R389*,HONDA,Phụ tùng Honda tiêu chuẩn,255.000 ₫,1
64600K90V20ZC,Bộ ốp sườn phải *R340 & NHA76*,HONDA,Phụ tùng Honda tiêu chuẩn,396.000 ₫,1
64600K90V80ZA,Bộ ốp sườn phải *NHB83*,HONDA,Phụ tùng Honda tiêu chuẩn,413.000 ₫,1
64600K90V80ZC,Bộ ốp sườn phải *R340*,HONDA,Phụ tùng Honda tiêu chuẩn,419.000 ₫,1
64600K90V90ZD,Bộ ốp sườn phải *B189C*,HONDA,Phụ tùng Honda tiêu chuẩn,385.000 ₫,1
64600K90VC0ZD,Bộ ốp sườn phải *B189*,HONDA,Phụ tùng Honda tiêu chuẩn,385.000 ₫,1
64600K90VE0ZD,Bộ ốp sườn phải *R340*,HONDA,Phụ tùng Honda tiêu chuẩn,418.000 ₫,1
64600K90VG0ZC,Bộ ốp sườn phải *R340*,HONDA,Phụ tùng Honda tiêu chuẩn,333.000 ₫,1
64600K90VH0ZC,Bộ ốp sườn phải *R340*,HONDA,Phụ tùng Honda tiêu chuẩn,367.000 ₫,1
64600K90VJ0ZB,BỘ ỐP SƯỜN PHẢI *NHA76*,HONDA,Phụ tùng Honda tiêu chuẩn,330.000 ₫,1
64600K90VL0ZA,BỘ ỐP SƯỜN PHẢI *NHA76M*,HONDA,Phụ tùng Honda tiêu chuẩn,355.000 ₫,1
64600KFL830ZA,Bộ ốp sườn phải *PB171MU*,HONDA,Phụ tùng Honda tiêu chuẩn,350.000 ₫,1
64600KRS860ZF,Bộ ốp sườn phải *B142P*,HONDA,Phụ tùng Honda tiêu chuẩn,361.000 ₫,1
64600KRS900ZF,Bộ ốp sườn phải *R203M*,HONDA,Phụ tùng Honda tiêu chuẩn,361.000 ₫,1
64600KRS900ZG,Bộ ốp sườn phải *B142P*,HONDA,Phụ tùng Honda tiêu chuẩn,361.000 ₫,1
64600KRS900ZH,Bộ ốp sườn phải PB305,HONDA,Phụ tùng Honda tiêu chuẩn,361.000 ₫,1
64600KTL640ZC,Bộ ốp sườn phải *R263*,HONDA,Phụ tùng Honda tiêu chuẩn,262.000 ₫,1
64600KTL670ZB,Bộ ốp sườn phải*PB373M*,HONDA,Phụ tùng Honda tiêu chuẩn,315.000 ₫,1
64600KTL780ZB,Bộ ốp sườn phải *R263*M,HONDA,Phụ tùng Honda tiêu chuẩn,361.000 ₫,1
64600KTL790ZB,Bộ ốp sườn phải *Y106*,HONDA,Phụ tùng Honda tiêu chuẩn,361.000 ₫,1
64600KTM970ZA,Bộ ốp sườn phải *R313C*,HONDA,Phụ tùng Honda tiêu chuẩn,398.000 ₫,1
64600KTM970ZD,Bộ ốp sườn phải *NH411M*,HONDA,Phụ tùng Honda tiêu chuẩn,398.000 ₫,1
64600KVG950ZD,Bộ ốp yếm trái trước *NHA69P*,HONDA,Phụ tùng Honda tiêu chuẩn,168.000 ₫,1
64600KVG950ZE,Bộ ốp yếm trái trước *R313C*,HONDA,Phụ tùng Honda tiêu chuẩn,173.000 ₫,1
64600KVG950ZF,Bộ ốp yếm trái trước *NHA96P*,HONDA,Phụ tùng Honda tiêu chuẩn,168.000 ₫,1
64600KVGB20ZA,Bộ ốp yếm trái trước *R343C*,HONDA,Phụ tùng Honda tiêu chuẩn,358.000 ₫,1
64600KVGB20ZB,Bộ ốp yếm trái trước *Y209M*,HONDA,Phụ tùng Honda tiêu chuẩn,358.000 ₫,1
64600KVGV10ZB,Bộ ốp yếm trái trước *R313C*,HONDA,Phụ tùng Honda tiêu chuẩn,213.000 ₫,1
64600KVGV10ZC,Bộ ốp yếm trái trước *NHA96P*,HONDA,Phụ tùng Honda tiêu chuẩn,208.000 ₫,1
64600KVGV20ZA,Bộ ốp yếm trái trước *NHA69P*,HONDA,Phụ tùng Honda tiêu chuẩn,221.000 ₫,1
64600KVGV20ZC,Bộ ốp yếm trái trước *R313C*,HONDA,Phụ tùng Honda tiêu chuẩn,221.000 ₫,1
64600KVGV40ZA,Bộ ốp trước trái *R340C*,HONDA,Phụ tùng Honda tiêu chuẩn,222.000 ₫,1
64600KVGV40ZC,Bộ ốp trước trái *NHB25M*,HONDA,Phụ tùng Honda tiêu chuẩn,222.000 ₫,1
64600KVGV60ZB,Bộ ốp trước trái *Y209*,HONDA,Phụ tùng Honda tiêu chuẩn,404.000 ₫,1
64600KVGV80ZB,Bộ ốp trước trái *NHB35K*,HONDA,Phụ tùng Honda tiêu chuẩn,344.000 ₫,1
64600KVGV80ZC,Bộ ốp trước trái *NHB25K*,HONDA,Phụ tùng Honda tiêu chuẩn,344.000 ₫,1
64600KVGV80ZD,Bộ ốp trước trái *NHB25F*,HONDA,Phụ tùng Honda tiêu chuẩn,344.000 ₫,1
64600KVR920ZF,Bộ ốp sườn phải *BG132M*,HONDA,Phụ tùng Honda tiêu chuẩn,299.000 ₫,1
64600KWWB10ZA,Bộ ốp sườn phải *R263*,HONDA,Phụ tùng Honda tiêu chuẩn,262.000 ₫,1
64600KWWB20ZB,Bộ ốp sườn phải *NHA69P*,HONDA,Phụ tùng Honda tiêu chuẩn,264.000 ₫,1
64600KWWB80ZB,Bộ ốp sườn phải *NHA69P*,HONDA,Phụ tùng Honda tiêu chuẩn,264.000 ₫,1
64600KWWM00ZB,Bộ ốp sườn phải *R340B*,HONDA,Phụ tùng Honda tiêu chuẩn,415.000 ₫,1
64600KWWV00ZB,Bộ ốp sườn phải *R313C*,HONDA,Phụ tùng Honda tiêu chuẩn,256.000 ₫,1
64600KWY860ZA,Bộ ốp sườn phải *R263*,HONDA,Phụ tùng Honda tiêu chuẩn,335.000 ₫,1
64600KWY940ZC,Bộ ốp sườn phải *NHA69P*,HONDA,Phụ tùng Honda tiêu chuẩn,216.000 ₫,1
64600KWYA10ZA,Bộ ốp sườn phải *B203M*,HONDA,Phụ tùng Honda tiêu chuẩn,288.000 ₫,1
64600KWYA10ZD,Bộ ốp sườn phải *R263*,HONDA,Phụ tùng Honda tiêu chuẩn,288.000 ₫,1
64600KWYA30ZB,Bộ ốp sườn phải*B203*,HONDA,Phụ tùng Honda tiêu chuẩn,270.000 ₫,1
64600KWYA30ZC,Bộ ốp sườn phải*NHB55*,HONDA,Phụ tùng Honda tiêu chuẩn,270.000 ₫,1
64600KWYA40ZC,Bộ ốp sườn phải *NHB55P*,HONDA,Phụ tùng Honda tiêu chuẩn,270.000 ₫,1
64600KWYA40ZD,Bộ ốp sườn phải *NHB25M*,HONDA,Phụ tùng Honda tiêu chuẩn,270.000 ₫,1
64600KWYA40ZE,Bộ ốp sườn phải *R263M*,HONDA,Phụ tùng Honda tiêu chuẩn,270.000 ₫,1
64600KYL900ZA,Bộ ốp sườn phải *NHA69P*,HONDA,Phụ tùng Honda tiêu chuẩn,422.000 ₫,1
64600KYZG00ZB,Bộ ốp sườn phải *R340C*,HONDA,Phụ tùng Honda tiêu chuẩn,532.000 ₫,1
64600KYZG00ZE,BỘ ỐP SƯỜN PHẢI *NHB25*,HONDA,Phụ tùng Honda tiêu chuẩn,533.000 ₫,1
64600KYZV00ZF,Bộ ốp sườn phải *NHB25*,HONDA,Phụ tùng Honda tiêu chuẩn,569.000 ₫,1
64600KYZV00ZL,Bộ ốp sườn phải *R340*,HONDA,Phụ tùng Honda tiêu chuẩn,569.000 ₫,1
64600KYZV20ZA,Bộ ốp sườn phải *PB373*,HONDA,Phụ tùng Honda tiêu chuẩn,572.000 ₫,1
64600KYZV20ZC,Bộ ốp sườn phải *NHB35*,HONDA,Phụ tùng Honda tiêu chuẩn,572.000 ₫,1
64600KYZV20ZE,Bộ ốp sườn phải *NHB25*,HONDA,Phụ tùng Honda tiêu chuẩn,572.000 ₫,1
64600KYZV60ZA,BỘ ỐP SƯỜN PHẢI *NHA62*,HONDA,Phụ tùng Honda tiêu chuẩn,549.000 ₫,1
64600KYZV70ZB,Bộ ốp sườn phải *R340C*,HONDA,Phụ tùng Honda tiêu chuẩn,541.000 ₫,1
64600KYZV90ZA,Bộ ốp sườn phải *NHA62*,HONDA,Phụ tùng Honda tiêu chuẩn,532.000 ₫,1
64600KYZV90ZE,Bộ ốp sườn phải *NH411*,HONDA,Phụ tùng Honda tiêu chuẩn,532.000 ₫,1
64615K2PV60,Nắp bình chứa nước làm mát,HONDA,Phụ tùng Honda tiêu chuẩn,14.000 ₫,1
64615K56N10,Nắp bình chứa nước làm mát,HONDA,Phụ tùng Honda tiêu chuẩn,13.000 ₫,1
64615K56V50,Nắp bình chứa nước làm mát,HONDA,Phụ tùng Honda tiêu chuẩn,14.000 ₫,1
64630K56N10,Ốp yếm dưới,HONDA,Phụ tùng Honda tiêu chuẩn,50.000 ₫,2
64630K56V50,Ốp yếm dưới,HONDA,Phụ tùng Honda tiêu chuẩn,44.000 ₫,1
64650K03M30ZB,Bộ ốp sườn trái *NH411*,HONDA,Phụ tùng Honda tiêu chuẩn,392.000 ₫,1
64650K03M30ZD,Bộ ốp sườn trái *NH431*,HONDA,Phụ tùng Honda tiêu chuẩn,387.000 ₫,1
64650K03M60ZE,Bộ ốp sườn trái *NHB25*,HONDA,Phụ tùng Honda tiêu chuẩn,382.000 ₫,1
64650K03V10ZC,BỘ ỐP SƯỜN TRÁI*R340*,HONDA,Phụ tùng Honda tiêu chuẩn,387.000 ₫,1
64650K03V70ZD,Bộ ốp sườn trái *NHA69P*,HONDA,Phụ tùng Honda tiêu chuẩn,250.000 ₫,1
64650K07940ZE,Bộ ốp sườn trái *R340*,HONDA,Phụ tùng Honda tiêu chuẩn,429.000 ₫,1
64650K07V00ZF,BỘ ỐP SƯỜN TRÁI*NHB25K*,HONDA,Phụ tùng Honda tiêu chuẩn,413.000 ₫,1
64650K2PV10ZA,Bộ ốp sườn trái *B189*,HONDA,Phụ tùng Honda tiêu chuẩn,446.000 ₫,1
64650K2PV10ZB,Bộ ốp sườn trái *NHB25*,HONDA,Phụ tùng Honda tiêu chuẩn,446.000 ₫,1
64650K2PV10ZD,Bộ ốp sườn trái *R389*,HONDA,Phụ tùng Honda tiêu chuẩn,446.000 ₫,1
64650K2PV40ZA,Bộ ốp sườn trái *R340*,HONDA,Phụ tùng Honda tiêu chuẩn,486.000 ₫,1
64650K2PV50ZB,Bộ ốp trước trái *NHB25M*,HONDA,Phụ tùng Honda tiêu chuẩn,436.000 ₫,1
64650K2PV60ZB,Bộ ốp trước trái *NHB55*,HONDA,Phụ tùng Honda tiêu chuẩn,378.000 ₫,1
64650K2PV60ZD,Bộ ốp trước trái *R389*,HONDA,Phụ tùng Honda tiêu chuẩn,378.000 ₫,1
64650K2PV70ZA,Bộ ốp trước trái *NHB18*,HONDA,Phụ tùng Honda tiêu chuẩn,362.000 ₫,1
64650K2PV80ZA,Bộ ốp trước trái *R389*,HONDA,Phụ tùng Honda tiêu chuẩn,370.000 ₫,1
64650K2PVD0ZA,Bộ ốp trước trái *R389*,HONDA,Phụ tùng Honda tiêu chuẩn,378.000 ₫,1
64650K2PVE0ZA,BỘ ỐP TRƯỚC TRÁI *NHB25M*,HONDA,Phụ tùng Honda tiêu chuẩn,370.000 ₫,1
64650K56V00ZB,Bộ ốp sườn trái *R340C*,HONDA,Phụ tùng Honda tiêu chuẩn,536.000 ₫,1
64650K56V00ZC,Bộ ốp sườn trái *YR322C*,HONDA,Phụ tùng Honda tiêu chuẩn,532.000 ₫,1
64650K56V00ZD,Bộ ốp sườn trái *Y106*,HONDA,Phụ tùng Honda tiêu chuẩn,467.000 ₫,1
64650K56V00ZE,Bộ ốp sườn trái *B189*,HONDA,Phụ tùng Honda tiêu chuẩn,467.000 ₫,1
64650K56V20ZA,Ốp bên trái *NHA76M*,HONDA,Phụ tùng Honda tiêu chuẩn,459.000 ₫,1
64650K56V20ZB,Ốp bên trái *PB406P*,HONDA,Phụ tùng Honda tiêu chuẩn,313.000 ₫,1
64650K56V30ZB,Bộ ốp yếm sau trái *Y106*,HONDA,Phụ tùng Honda tiêu chuẩn,464.000 ₫,1
64650K56V30ZC,Bộ ốp yếm sau trái *B189C*,HONDA,Phụ tùng Honda tiêu chuẩn,464.000 ₫,1
64650K56V30ZD,Bộ ốp yếm sau trái *NHB35P*,HONDA,Phụ tùng Honda tiêu chuẩn,464.000 ₫,1
64650K56V30ZE,Bộ ốp yếm sau trái *R340C*,HONDA,Phụ tùng Honda tiêu chuẩn,464.000 ₫,1
64650K56V40ZC,Bộ ốp yếm sau trái *NHA76M*,HONDA,Phụ tùng Honda tiêu chuẩn,370.000 ₫,1
64650K56V50ZA,"Bộ ốp sườn trái *NHA76H, NHA76T*",HONDA,Phụ tùng Honda tiêu chuẩn,464.000 ₫,1
64650K56V50ZB,Bộ ốp sườn trái *NHA40*,HONDA,Phụ tùng Honda tiêu chuẩn,455.000 ₫,1
64650K56V50ZE,Bộ ốp sườn trái *R389*,HONDA,Phụ tùng Honda tiêu chuẩn,464.000 ₫,1
64650K56V60ZA,Bộ ốp sườn trái *NHA76*,HONDA,Phụ tùng Honda tiêu chuẩn,332.000 ₫,2
64650K56V70ZB,Bộ ốp sườn trái *R389*,HONDA,Phụ tùng Honda tiêu chuẩn,416.000 ₫,1
64650K56V80ZA,Bộ ốp sườn trái *R340*,HONDA,Phụ tùng Honda tiêu chuẩn,487.000 ₫,1
64650K56V80ZB,Bộ ốp sườn trái *PB406*,HONDA,Phụ tùng Honda tiêu chuẩn,487.000 ₫,1
64650K56V90ZA,Bộ ốp yếm sau trái *NHA76M*,HONDA,Phụ tùng Honda tiêu chuẩn,444.000 ₫,1
64650K57A00ZA,BỘ ỐP SƯỜN TRÁI *NHB55*,HONDA,Phụ tùng Honda tiêu chuẩn,333.000 ₫,1
64650K57A20ZA,Bộ ốp sườn trái *B189*,HONDA,Phụ tùng Honda tiêu chuẩn,439.000 ₫,1
64650K57A20ZB,Bộ ốp sườn trái *NHB55*,HONDA,Phụ tùng Honda tiêu chuẩn,439.000 ₫,1
64650K57A50ZB,Bộ ốp sườn trái *NHB55P*,HONDA,Phụ tùng Honda tiêu chuẩn,345.000 ₫,1
64650K57A50ZC,Bộ ốp sườn trái *R340C*,HONDA,Phụ tùng Honda tiêu chuẩn,345.000 ₫,1
64650K57A70ZA,Bộ ốp sườn trái *B189C*,HONDA,Phụ tùng Honda tiêu chuẩn,322.000 ₫,1
64650K57A70ZB,Bộ ốp sườn trái *R340C*,HONDA,Phụ tùng Honda tiêu chuẩn,322.000 ₫,1
64650K57A90ZB,Bộ ốp sườn trái *NHB55P*,HONDA,Phụ tùng Honda tiêu chuẩn,325.000 ₫,1
64650K57AB0ZB,Bộ ốp sườn trái *R340*,HONDA,Phụ tùng Honda tiêu chuẩn,424.000 ₫,1
64650K57AB0ZC,Bộ ốp sườn trái *NHB25*,HONDA,Phụ tùng Honda tiêu chuẩn,424.000 ₫,1
64650K57AC0ZC,BỘ ỐP SƯỜN TRÁI *R340*,HONDA,Phụ tùng Honda tiêu chuẩn,424.000 ₫,1
64650K57V00ZB,BỘ ỐP SƯỜN TRÁI,HONDA,Phụ tùng Honda tiêu chuẩn,335.000 ₫,1
64650K57V80ZC,Bộ ốp sườn trái *NHB25M*,HONDA,Phụ tùng Honda tiêu chuẩn,327.000 ₫,1
64650K57V80ZD,Bộ ốp sườn trái *R340C*,HONDA,Phụ tùng Honda tiêu chuẩn,335.000 ₫,1
64650K73V00ZA,Bộ ốp sườn trái *PB389M*,HONDA,Phụ tùng Honda tiêu chuẩn,533.000 ₫,1
64650K73V00ZB,Bộ ốp sườn trái *NHA62M*,HONDA,Phụ tùng Honda tiêu chuẩn,533.000 ₫,1
64650K73V00ZF,Bộ ốp sườn trái *NHB25E*,HONDA,Phụ tùng Honda tiêu chuẩn,533.000 ₫,1
64650K73V50ZB,Bộ ốp sườn trái *PB389M*,HONDA,Phụ tùng Honda tiêu chuẩn,382.000 ₫,1
64650K73V50ZC,Bộ ốp sườn trái *R350C*,HONDA,Phụ tùng Honda tiêu chuẩn,382.000 ₫,1
64650K73V50ZD,Bộ ốp sườn trái *NHA76M*,HONDA,Phụ tùng Honda tiêu chuẩn,382.000 ₫,1
64650K73V60ZA,Bộ ốp sườn trái *R340C*,HONDA,Phụ tùng Honda tiêu chuẩn,518.000 ₫,1
64650K73V70ZB,Bộ ốp sườn trái *R350C*,HONDA,Phụ tùng Honda tiêu chuẩn,339.000 ₫,1
64650K73V70ZD,Bộ ốp sườn trái *NHB55P*,HONDA,Phụ tùng Honda tiêu chuẩn,382.000 ₫,1
64650K73VA0ZB,BỘ ỐP SƯỜN TRÁI *PB389*,HONDA,Phụ tùng Honda tiêu chuẩn,244.000 ₫,1
64650K73VB0ZC,Bộ ốp sườn trái *NH193*,HONDA,Phụ tùng Honda tiêu chuẩn,250.000 ₫,1
64650K73VB0ZE,BỘ ỐP SƯỜN TRÁI *R350*,HONDA,Phụ tùng Honda tiêu chuẩn,250.000 ₫,1
64650K73VD0ZA,BỘ ỐP SƯỜN TRÁI *PB421M*,HONDA,Phụ tùng Honda tiêu chuẩn,244.000 ₫,1
64650K73VE0ZA,Bộ ốp sườn trái *NHC34M*,HONDA,Phụ tùng Honda tiêu chuẩn,250.000 ₫,1
64650K73VE0ZC,Bộ ốp sườn trái *NHB55P*,HONDA,Phụ tùng Honda tiêu chuẩn,244.000 ₫,1
64650K73VE0ZD,BỘ ỐP SƯỜN TRÁI *PB421M*,HONDA,Phụ tùng Honda tiêu chuẩn,244.000 ₫,1
64650K73VE0ZE,BỘ ỐP SƯỜN TRÁI *R368C*,HONDA,Phụ tùng Honda tiêu chuẩn,244.000 ₫,1
64650K89V00ZD,BỘ ỐP SƯỜN TRÁI *NHB25*,HONDA,Phụ tùng Honda tiêu chuẩn,296.000 ₫,1
64650K89V20ZB,Bộ ốp sườn trái *B203M*,HONDA,Phụ tùng Honda tiêu chuẩn,310.000 ₫,1
64650K89V20ZC,Bộ ốp sườn trái *NHB55P*,HONDA,Phụ tùng Honda tiêu chuẩn,318.000 ₫,1
64650K89V30ZA,Bộ ốp sườn trái *PB421M*,HONDA,Phụ tùng Honda tiêu chuẩn,299.000 ₫,1
64650K89V30ZD,Bộ ốp sườn trái *NHB55P*,HONDA,Phụ tùng Honda tiêu chuẩn,299.000 ₫,1
64650K89V30ZE,Bộ ốp sườn trái *NHB25M*,HONDA,Phụ tùng Honda tiêu chuẩn,299.000 ₫,1
64650K89V50ZA,Bộ ốp sườn trái *PB421*,HONDA,Phụ tùng Honda tiêu chuẩn,252.000 ₫,1
64650K89V50ZB,Bộ ốp sườn trái *B203*,HONDA,Phụ tùng Honda tiêu chuẩn,252.000 ₫,1
64650K89V50ZC,Bộ ốp sườn trái *NHB55*,HONDA,Phụ tùng Honda tiêu chuẩn,252.000 ₫,1
64650K89V50ZD,Bộ ốp sườn trái *NHB25*,HONDA,Phụ tùng Honda tiêu chuẩn,252.000 ₫,1
64650K89V50ZE,Bộ ốp sườn trái *R263*,HONDA,Phụ tùng Honda tiêu chuẩn,252.000 ₫,1
64650K89V70ZD,Bộ ốp sườn trái *NHB55*,HONDA,Phụ tùng Honda tiêu chuẩn,272.000 ₫,1
64650K89V90ZA,Bộ ốp sườn trái *PB421M*,HONDA,Phụ tùng Honda tiêu chuẩn,248.000 ₫,1
64650K89V90ZB,Bộ ốp sườn trái *NHB55P*,HONDA,Phụ tùng Honda tiêu chuẩn,255.000 ₫,1
64650K89V90ZC,Bộ ốp sườn trái *R389*,HONDA,Phụ tùng Honda tiêu chuẩn,255.000 ₫,1
64650K89VD0ZA,Ốp bên trong trái*NHB18M*,HONDA,Phụ tùng Honda tiêu chuẩn,258.000 ₫,1
64650K90V20ZC,Bộ ốp sườn trái *R340 & NHA76*,HONDA,Phụ tùng Honda tiêu chuẩn,396.000 ₫,1
64650K90V20ZD,Bộ ốp sườn trái *B189*,HONDA,Phụ tùng Honda tiêu chuẩn,519.000 ₫,1
64650K90V80ZC,Bộ ốp sườn trái *R340*,HONDA,Phụ tùng Honda tiêu chuẩn,410.000 ₫,1
64650K90V90ZD,Bộ ốp sườn trái *B189C*,HONDA,Phụ tùng Honda tiêu chuẩn,385.000 ₫,1
64650K90VB0ZD,Bộ ốp sườn trái *B189C*,HONDA,Phụ tùng Honda tiêu chuẩn,421.000 ₫,1
64650K90VC0ZD,Bộ ốp sườn trái *B189*,HONDA,Phụ tùng Honda tiêu chuẩn,378.000 ₫,1
64650K90VJ0ZB,BỘ ỐP SƯỜN TRÁI *NHA76*,HONDA,Phụ tùng Honda tiêu chuẩn,330.000 ₫,1
64650K90VL0ZA,BỘ ỐP SƯỜN TRÁI *NHA76M*,HONDA,Phụ tùng Honda tiêu chuẩn,355.000 ₫,1
64650KFL830ZA,Bộ ốp sườn trái *PB171MU*,HONDA,Phụ tùng Honda tiêu chuẩn,350.000 ₫,1
64650KRS860ZF,Bộ ốp sườn trái *B142P*,HONDA,Phụ tùng Honda tiêu chuẩn,430.000 ₫,1
64650KRS900ZF,Bộ ốp sườn trái *R203M*,HONDA,Phụ tùng Honda tiêu chuẩn,430.000 ₫,1
64650KRS900ZG,Bộ ốp sườn trái *B142P*,HONDA,Phụ tùng Honda tiêu chuẩn,430.000 ₫,1
64650KRS900ZH,Bộ ốp sườn trái PB305,HONDA,Phụ tùng Honda tiêu chuẩn,430.000 ₫,1
64650KTL640ZC,Bộ ốp sườn trái *R263*,HONDA,Phụ tùng Honda tiêu chuẩn,262.000 ₫,1
64650KTL670ZB,Bộ ốp sườn trái *PB373M*,HONDA,Phụ tùng Honda tiêu chuẩn,315.000 ₫,1
64650KTL790ZB,Bộ ốp sườn trái *Y106*,HONDA,Phụ tùng Honda tiêu chuẩn,430.000 ₫,1
64650KTM970ZA,Bộ ốp sườn trái *R313C*,HONDA,Phụ tùng Honda tiêu chuẩn,398.000 ₫,1
64650KTM970ZD,Bộ ốp sườn trái *NH411M*,HONDA,Phụ tùng Honda tiêu chuẩn,398.000 ₫,1
64650KVR920ZF,Bộ ốp sườn trái *BG132M*,HONDA,Phụ tùng Honda tiêu chuẩn,298.000 ₫,1
64650KWWB10ZA,Bộ ốp sườn trái *R263*,HONDA,Phụ tùng Honda tiêu chuẩn,264.000 ₫,1
64650KWWM00ZB,Bộ ốp sườn trái *R340B*,HONDA,Phụ tùng Honda tiêu chuẩn,415.000 ₫,1
64650KWWV00ZB,Bộ ốp sườn trái *R313C*,HONDA,Phụ tùng Honda tiêu chuẩn,258.000 ₫,1
64650KWY860ZA,BỘ ỐP SƯỜN TRÁI *R263*,HONDA,Phụ tùng Honda tiêu chuẩn,332.000 ₫,1
64650KWY940ZC,Bộ ốp sườn trái *NHA69P*,HONDA,Phụ tùng Honda tiêu chuẩn,216.000 ₫,1
64650KWYA10ZA,Bộ ốp sườn trái *B203M*,HONDA,Phụ tùng Honda tiêu chuẩn,288.000 ₫,1
64650KWYA10ZD,Bộ ốp sườn trái *R263*,HONDA,Phụ tùng Honda tiêu chuẩn,288.000 ₫,1
64650KWYA30ZC,Bộ ốp sườn trái*NHB55*,HONDA,Phụ tùng Honda tiêu chuẩn,270.000 ₫,1
64650KWYA40ZC,Bộ ốp sườn trái *NHB55P*,HONDA,Phụ tùng Honda tiêu chuẩn,270.000 ₫,1
64650KWYA40ZD,Bộ ốp sườn trái *NHB25M*,HONDA,Phụ tùng Honda tiêu chuẩn,270.000 ₫,1
64650KWYA40ZE,Bộ ốp sườn trái *R263M*,HONDA,Phụ tùng Honda tiêu chuẩn,270.000 ₫,1
64650KYL900ZA,Bộ ốp sườn trái *NHA69P*,HONDA,Phụ tùng Honda tiêu chuẩn,422.000 ₫,1
64650KYZG00ZB,Bộ ốp sườn trái *R340C*,HONDA,Phụ tùng Honda tiêu chuẩn,532.000 ₫,1
64650KYZG00ZE,BỘ ỐP SƯỜN TRÁI *NHB25*,HONDA,Phụ tùng Honda tiêu chuẩn,532.000 ₫,1
64650KYZV00ZF,Bộ ốp sườn trái *NHB25*,HONDA,Phụ tùng Honda tiêu chuẩn,569.000 ₫,1
64650KYZV00ZL,Bộ ốp sườn trái *R340*,HONDA,Phụ tùng Honda tiêu chuẩn,569.000 ₫,1
64650KYZV20ZA,Bộ ốp sườn trái *PB373*,HONDA,Phụ tùng Honda tiêu chuẩn,572.000 ₫,1
64650KYZV20ZC,BỘ ỐP SƯỜN TRÁI *NHB35*,HONDA,Phụ tùng Honda tiêu chuẩn,572.000 ₫,1
64650KYZV20ZE,Bộ ốp sườn trái *NHB25*,HONDA,Phụ tùng Honda tiêu chuẩn,572.000 ₫,1
64650KYZV60ZA,BỘ ỐP SƯỜN TRÁI *NHA62*,HONDA,Phụ tùng Honda tiêu chuẩn,549.000 ₫,1
64650KYZV70ZB,Bộ ốp sườn trái *R340C*,HONDA,Phụ tùng Honda tiêu chuẩn,541.000 ₫,1
64650KYZV90ZA,Bộ ốp sườn trái *NHA62*,HONDA,Phụ tùng Honda tiêu chuẩn,532.000 ₫,1
64650KYZV90ZE,Bộ ốp sườn trái *NHB25* *TYPE1*,HONDA,Phụ tùng Honda tiêu chuẩn,532.000 ₫,1
64660K2PV60ZB,Ốp dưới phải *NH1*,HONDA,Phụ tùng Honda tiêu chuẩn,71.000 ₫,1
64660K2PV60ZD,Ốp dưới phải *NHA76*,HONDA,Phụ tùng Honda tiêu chuẩn,84.000 ₫,1
64660K56V50,Ốp yếm dưới phải,HONDA,Phụ tùng Honda tiêu chuẩn,74.000 ₫,1
64665K2PV80ZA,Bộ ốp dưới phải *R389*,HONDA,Phụ tùng Honda tiêu chuẩn,91.000 ₫,1
64670K2PV60ZB,Ốp dưới trái *NH1*,HONDA,Phụ tùng Honda tiêu chuẩn,71.000 ₫,1
64670K2PV60ZD,Ốp dưới trái *NHA76*,HONDA,Phụ tùng Honda tiêu chuẩn,79.000 ₫,1
64670K2PV60ZF,ỐP DƯỚI TRÁI *NHB55P*,HONDA,Phụ tùng Honda tiêu chuẩn,79.000 ₫,1
64670K56V50,Ốp yếm dưới trái,HONDA,Phụ tùng Honda tiêu chuẩn,74.000 ₫,1
64675K2PV80ZA,Bộ ốp dưới trái *R389*,HONDA,Phụ tùng Honda tiêu chuẩn,88.000 ₫,1
64700K07940ZF,Bộ cánh yếm phải NHA69,HONDA,Phụ tùng Honda tiêu chuẩn,470.000 ₫,1
64700K07V00ZA,Bộ cánh yếm phải*NHA62*,HONDA,Phụ tùng Honda tiêu chuẩn,459.000 ₫,1
64700K07V00ZE,Bộ cánh yếm phải*R340*,HONDA,Phụ tùng Honda tiêu chuẩn,453.000 ₫,1
64700K07V00ZF,Bộ cánh yếm phải*NHB25K*,HONDA,Phụ tùng Honda tiêu chuẩn,459.000 ₫,1
64700KVGV00ZA,Bộ tấm ốp trung tâm *NHA96P*,HONDA,Phụ tùng Honda tiêu chuẩn,215.000 ₫,3
64700KVLV30ZA,Bộ cánh yếm phải *R313C*,HONDA,Phụ tùng Honda tiêu chuẩn,393.000 ₫,1
64700KYL900ZA,Bộ cánh yếm phải *NHA69P*,HONDA,Phụ tùng Honda tiêu chuẩn,193.000 ₫,1
64750K07940ZF,Bộ cánh yếm trái NHA69,HONDA,Phụ tùng Honda tiêu chuẩn,484.000 ₫,1
64750K07V00ZA,Bộ cánh yếm trái*NHA62*,HONDA,Phụ tùng Honda tiêu chuẩn,466.000 ₫,1
64750K07V00ZB,"Bộ cánh yếm trái*NHB25E,NHA69Y",HONDA,Phụ tùng Honda tiêu chuẩn,446.000 ₫,1
64750K07V00ZE,Bộ cánh yếm trái*R340*,HONDA,Phụ tùng Honda tiêu chuẩn,466.000 ₫,1
64750K27V00ZA,Bộ nắp bình xăng *Y208M*,HONDA,Phụ tùng Honda tiêu chuẩn,138.000 ₫,1
64750K27V00ZB,Bộ nắp bình xăng NHA62M,HONDA,Phụ tùng Honda tiêu chuẩn,141.000 ₫,1
64750K27V00ZE,Bộ nắp bình xăng *R340C*,HONDA,Phụ tùng Honda tiêu chuẩn,141.000 ₫,1
64750K27V00ZN,Bộ nắp bình xăng*NHB25M*,HONDA,Phụ tùng Honda tiêu chuẩn,141.000 ₫,1
64750K57A00ZA,Bộ cánh yếm phải *NHB55*,HONDA,Phụ tùng Honda tiêu chuẩn,350.000 ₫,1
64750K57A00ZB,Bộ cánh yếm phải *R340*,HONDA,Phụ tùng Honda tiêu chuẩn,350.000 ₫,1
64750K57A00ZC,Bộ cánh yếm phải *NHB25*,HONDA,Phụ tùng Honda tiêu chuẩn,350.000 ₫,1
64750K57A20ZA,BỘ CÁNH YẾM PHẢI *B189*,HONDA,Phụ tùng Honda tiêu chuẩn,350.000 ₫,1
64750K57A20ZB,Bộ cánh yếm phải *NHB55*,HONDA,Phụ tùng Honda tiêu chuẩn,350.000 ₫,1
64750K57A20ZC,Bộ cánh yếm phải *R340*,HONDA,Phụ tùng Honda tiêu chuẩn,350.000 ₫,1
64750K57A30ZC,Bộ cánh yếm phải *NHB25M*,HONDA,Phụ tùng Honda tiêu chuẩn,350.000 ₫,1
64750K57A50ZB,Bộ cánh yếm phải *NHB55P*,HONDA,Phụ tùng Honda tiêu chuẩn,350.000 ₫,1
64750K57A50ZC,Bộ cánh yếm phải *R340C*,HONDA,Phụ tùng Honda tiêu chuẩn,350.000 ₫,1
64750K57A50ZD,Bộ cánh yếm phải *NHB25M*,HONDA,Phụ tùng Honda tiêu chuẩn,350.000 ₫,1
64750K57A70ZA,Bộ cánh yếm phải *B189C*,HONDA,Phụ tùng Honda tiêu chuẩn,339.000 ₫,1
64750K57A70ZB,Bộ cánh yếm phải *R340C*,HONDA,Phụ tùng Honda tiêu chuẩn,339.000 ₫,1
64750K57A70ZC,Bộ cánh yếm phải *NHB25M*,HONDA,Phụ tùng Honda tiêu chuẩn,339.000 ₫,1
64750K57A90ZB,Bộ cánh yếm phải *NHB55P*,HONDA,Phụ tùng Honda tiêu chuẩn,339.000 ₫,1
64750K57A90ZC,Bộ cánh yếm phải *R340C*,HONDA,Phụ tùng Honda tiêu chuẩn,339.000 ₫,1
64750K57AB0ZB,Bộ cánh yếm phải *R340*,HONDA,Phụ tùng Honda tiêu chuẩn,333.000 ₫,1
64750K57AB0ZC,Bộ cánh yếm phải *NHB25*,HONDA,Phụ tùng Honda tiêu chuẩn,333.000 ₫,1
64750K57AC0ZA,Bộ cánh yếm phải *B189*,HONDA,Phụ tùng Honda tiêu chuẩn,333.000 ₫,1
64750K57AC0ZC,ốp ống yếm trung tâm *NH158R*,HONDA,Phụ tùng Honda tiêu chuẩn,333.000 ₫,1
64750K57AE0ZA,Bộ cánh yếm phải *NHB25M*( đen xanh ),HONDA,Phụ tùng Honda tiêu chuẩn,333.000 ₫,1
64750K57V00ZA,Bộ cánh yếm phải *NHB25M*,HONDA,Phụ tùng Honda tiêu chuẩn,301.000 ₫,1
64750K57V00ZB,Bộ cánh yếm phải *NHB55P*,HONDA,Phụ tùng Honda tiêu chuẩn,301.000 ₫,1
64750K57V10ZB,Bộ cánh yếm phải *R340*,HONDA,Phụ tùng Honda tiêu chuẩn,352.000 ₫,1
64750K57V10ZC,Bộ cánh yếm phải *NHB25M*,HONDA,Phụ tùng Honda tiêu chuẩn,352.000 ₫,1
64750K57V20ZA,BỘ CÁNH YẾM PHẢI *NHB55P*,HONDA,Phụ tùng Honda tiêu chuẩn,352.000 ₫,1
64750K57V20ZB,Bộ cánh yếm phải *YR322*,HONDA,Phụ tùng Honda tiêu chuẩn,352.000 ₫,1
64750K57V20ZD,Bộ cánh yếm phải *R340*,HONDA,Phụ tùng Honda tiêu chuẩn,352.000 ₫,1
64750K57V50ZB,BỘ CÁNH YẾM PHẢI *R340C*,HONDA,Phụ tùng Honda tiêu chuẩn,352.000 ₫,1
64750K57V50ZC,Bộ cánh yếm phải *NHB25M*,HONDA,Phụ tùng Honda tiêu chuẩn,352.000 ₫,1
64750K57V80ZD,Bộ cánh yếm phải *R340C*,HONDA,Phụ tùng Honda tiêu chuẩn,352.000 ₫,1
64750K66V00ZB,Bộ nắp bình xăng *YR322C*,HONDA,Phụ tùng Honda tiêu chuẩn,108.000 ₫,1
64750K66V00ZC,Bộ nắp bình xăng *R340C*,HONDA,Phụ tùng Honda tiêu chuẩn,111.000 ₫,1
64750K66V00ZD,Bộ nắp bình xăng *PB390M*,HONDA,Phụ tùng Honda tiêu chuẩn,111.000 ₫,1
64750K66V00ZG,Bộ nắp bình xăng *NHB35P*,HONDA,Phụ tùng Honda tiêu chuẩn,111.000 ₫,1
64750K66V00ZH,Bộ nắp bình xăng *NHB25M*,HONDA,Phụ tùng Honda tiêu chuẩn,110.000 ₫,1
64750K66V00ZK,Bộ nắp bình xăng *NHB56M*,HONDA,Phụ tùng Honda tiêu chuẩn,111.000 ₫,1
64750K66V00ZL,Bộ nắp bình xăng *NHB83M*,HONDA,Phụ tùng Honda tiêu chuẩn,110.000 ₫,1
64750K66V00ZM,Bộ nắp bình xăng *Y221M*,HONDA,Phụ tùng Honda tiêu chuẩn,108.000 ₫,1
64750K66V00ZN,Nắp mở bình xăng *NHB24M*,HONDA,Phụ tùng Honda tiêu chuẩn,110.000 ₫,1
64750KTL640ZC,BỘ CÁNH YẾM PHẢI *R263*,HONDA,Phụ tùng Honda tiêu chuẩn,356.000 ₫,1
64750KTL780ZB,Bộ cánh yếm PHAI *R263*M,HONDA,Phụ tùng Honda tiêu chuẩn,330.000 ₫,1
64750KVGV30ZA,Bộ nắp mở bình xăng *YR271*,HONDA,Phụ tùng Honda tiêu chuẩn,91.000 ₫,2
64750KVLV30ZA,Bộ cánh yếm trái *R313C*,HONDA,Phụ tùng Honda tiêu chuẩn,393.000 ₫,1
64750KVLV30ZE,Bộ cánh yếm trái *NHA69P*,HONDA,Phụ tùng Honda tiêu chuẩn,393.000 ₫,1
64750KVRV20ZD,Bộ cánh yếm phải *YR272M*,HONDA,Phụ tùng Honda tiêu chuẩn,299.000 ₫,1
64750KVRV20ZF,Bộ cánh yếm phải *BG132M*,HONDA,Phụ tùng Honda tiêu chuẩn,305.000 ₫,1
64750KWY840ZB,Bộ cánh yếm phải *NHA69P*,HONDA,Phụ tùng Honda tiêu chuẩn,288.000 ₫,1
64750KWY860ZA,Bộ cánh yếm phải *R263*,HONDA,Phụ tùng Honda tiêu chuẩn,278.000 ₫,1
64750KYL900ZA,Bộ cánh yếm trái *NHA69P*,HONDA,Phụ tùng Honda tiêu chuẩn,193.000 ₫,1
64770K57A00ZA,Bộ cánh yếm trái *NHB55*,HONDA,Phụ tùng Honda tiêu chuẩn,350.000 ₫,1
64770K57A00ZB,Bộ cánh yếm trái *R340*,HONDA,Phụ tùng Honda tiêu chuẩn,350.000 ₫,1
64770K57A00ZC,Bộ cánh yếm trái *NHB25*,HONDA,Phụ tùng Honda tiêu chuẩn,350.000 ₫,1
64770K57A20ZA,BỘ CÁNH YẾM TRÁI *B189*,HONDA,Phụ tùng Honda tiêu chuẩn,350.000 ₫,1
64770K57A20ZB,Bộ cánh yếm trái *NHB55*,HONDA,Phụ tùng Honda tiêu chuẩn,350.000 ₫,1
64770K57A50ZB,Bộ cánh yếm trái *NHB55P*,HONDA,Phụ tùng Honda tiêu chuẩn,350.000 ₫,1
64770K57A50ZC,Bộ cánh yếm trái *R340C*,HONDA,Phụ tùng Honda tiêu chuẩn,350.000 ₫,1
64770K57A70ZA,Bộ cánh yếm trái *B189C*,HONDA,Phụ tùng Honda tiêu chuẩn,332.000 ₫,1
64770K57A70ZB,Bộ cánh yếm trái *R340C*,HONDA,Phụ tùng Honda tiêu chuẩn,339.000 ₫,1
64770K57A70ZC,Bộ cánh yếm trái *NHB25M*,HONDA,Phụ tùng Honda tiêu chuẩn,339.000 ₫,1
64770K57A90ZA,Bộ cánh yếm trái *B189C*,HONDA,Phụ tùng Honda tiêu chuẩn,339.000 ₫,1
64770K57A90ZB,Bộ cánh yếm trái *NHB55P*,HONDA,Phụ tùng Honda tiêu chuẩn,339.000 ₫,1
64770K57A90ZC,BỘ CÁNH YẾM TRÁI *R340C*,HONDA,Phụ tùng Honda tiêu chuẩn,339.000 ₫,1
64770K57AB0ZB,Bộ cánh yếm trái *R340*,HONDA,Phụ tùng Honda tiêu chuẩn,333.000 ₫,1
64770K57AB0ZC,Bộ cánh yếm trái *NHB25*,HONDA,Phụ tùng Honda tiêu chuẩn,333.000 ₫,1
64770K57AC0ZA,Bộ cánh yếm trái *B189*,HONDA,Phụ tùng Honda tiêu chuẩn,333.000 ₫,1
64770K57AC0ZC,BỘ CÁNH YẾM TRÁI *R340*,HONDA,Phụ tùng Honda tiêu chuẩn,333.000 ₫,1
64770K57AE0ZA,Bộ cánh yếm trái *NHB25M* ( xanh đen ),HONDA,Phụ tùng Honda tiêu chuẩn,333.000 ₫,1
64770K57V00ZB,Bộ cánh yếm trái *NHB55*,HONDA,Phụ tùng Honda tiêu chuẩn,301.000 ₫,1
64770K57V10ZB,Bộ cánh yếm trái *R340*,HONDA,Phụ tùng Honda tiêu chuẩn,352.000 ₫,1
64770K57V20ZA,Bộ cánh yếm trái *NHB55*,HONDA,Phụ tùng Honda tiêu chuẩn,352.000 ₫,1
64770K57V20ZD,Bộ cánh yếm trái *R340*,HONDA,Phụ tùng Honda tiêu chuẩn,352.000 ₫,1
64770K57V50ZB,Bộ cánh yếm trái *R340C*,HONDA,Phụ tùng Honda tiêu chuẩn,352.000 ₫,1
64770K57V50ZC,Bộ cánh yếm trái *NHB25M*,HONDA,Phụ tùng Honda tiêu chuẩn,352.000 ₫,1
64770K57V80ZD,Bộ cánh yếm trái *R340C*,HONDA,Phụ tùng Honda tiêu chuẩn,352.000 ₫,1
64770K89V00ZA,Cánh yếm trái *GY150*,HONDA,Phụ tùng Honda tiêu chuẩn,301.000 ₫,1
64770K89V00ZB,Cánh yếm trái *B203*,HONDA,Phụ tùng Honda tiêu chuẩn,301.000 ₫,1
64770K89V00ZC,Cánh yếm trái *NHB55*,HONDA,Phụ tùng Honda tiêu chuẩn,301.000 ₫,1
64770K89V00ZD,Cánh yếm trái *NHB25*,HONDA,Phụ tùng Honda tiêu chuẩn,301.000 ₫,1
64770K89V20ZB,Cánh yếm trái *B203M*,HONDA,Phụ tùng Honda tiêu chuẩn,301.000 ₫,1
64770K89V20ZE,Cánh yếm trái *R263*,HONDA,Phụ tùng Honda tiêu chuẩn,301.000 ₫,1
64770K89V30ZB,Bộ cánh yếm trái *GY150P*,HONDA,Phụ tùng Honda tiêu chuẩn,293.000 ₫,1
64770K89V30ZC,Bộ cánh yếm trái *B203M*,HONDA,Phụ tùng Honda tiêu chuẩn,293.000 ₫,1
64770K89V30ZF,Bộ cánh yếm trái *R263*,HONDA,Phụ tùng Honda tiêu chuẩn,293.000 ₫,1
64770K89V50ZA,Bộ cánh yếm trái *PB421*,HONDA,Phụ tùng Honda tiêu chuẩn,239.000 ₫,1
64770K89V50ZB,Bộ cánh yếm trái *B203*,HONDA,Phụ tùng Honda tiêu chuẩn,239.000 ₫,1
64770K89V50ZC,Bộ cánh yếm trái *NHB55*,HONDA,Phụ tùng Honda tiêu chuẩn,239.000 ₫,1
64770K89V50ZD,Bộ cánh yếm trái *NHB25*,HONDA,Phụ tùng Honda tiêu chuẩn,239.000 ₫,1
64770K89V50ZE,Bộ cánh yếm trái *R263*,HONDA,Phụ tùng Honda tiêu chuẩn,239.000 ₫,1
64770K89V70ZB,Bộ ốp cánh yếm trái *PB421*,HONDA,Phụ tùng Honda tiêu chuẩn,259.000 ₫,1
64770K89V70ZC,Bộ ốp cánh yếm trái *NHB55*,HONDA,Phụ tùng Honda tiêu chuẩn,259.000 ₫,1
64770K89V70ZD,Bộ ốp cánh yếm trái *R389*,HONDA,Phụ tùng Honda tiêu chuẩn,259.000 ₫,1
64770K89V90ZA,Bộ cánh yếm trái *PB421M*,HONDA,Phụ tùng Honda tiêu chuẩn,242.000 ₫,1
64770K89V90ZC,Bộ cánh yếm trái*R389*,HONDA,Phụ tùng Honda tiêu chuẩn,242.000 ₫,1
64770K89V90ZD,Bộ cánh yếm trái*NHA76M*,HONDA,Phụ tùng Honda tiêu chuẩn,242.000 ₫,1
64770K89VB0ZB,Bộ cánh yếm trái*NHB55P*,HONDA,Phụ tùng Honda tiêu chuẩn,245.000 ₫,1
64770K89VD0ZA,BỘ CÁNH YẾM TRÁI *NHC60P*,HONDA,Phụ tùng Honda tiêu chuẩn,245.000 ₫,1
64770K89VD0ZB,Bộ cánh yếm trái * PB408P*,HONDA,Phụ tùng Honda tiêu chuẩn,245.000 ₫,1
64770KTL640ZC,Bộ cánh yếm trái *R263*,HONDA,Phụ tùng Honda tiêu chuẩn,344.000 ₫,1
64770KTL670ZA,Bộ cánh yếm trái *PB373M*,HONDA,Phụ tùng Honda tiêu chuẩn,350.000 ₫,1
64770KTL780ZB,Bộ cánh yếm trái *R263*M,HONDA,Phụ tùng Honda tiêu chuẩn,330.000 ₫,1
64770KVR910ZA,BỘ CÁNH YẾM TRÁI *BG107M*,HONDA,Phụ tùng Honda tiêu chuẩn,276.000 ₫,1
64770KVRV20ZC,Bộ cánh yếm trái *R263*,HONDA,Phụ tùng Honda tiêu chuẩn,292.000 ₫,1
64770KVRV20ZD,Bộ cánh yếm trái *YR272M*,HONDA,Phụ tùng Honda tiêu chuẩn,292.000 ₫,1
64770KVRV20ZF,Bộ cánh yếm trái *BG132M*,HONDA,Phụ tùng Honda tiêu chuẩn,298.000 ₫,1
64770KWY860ZA,Bộ cánh yếm trái *R263*,HONDA,Phụ tùng Honda tiêu chuẩn,275.000 ₫,1
64770KWY940ZE,Bộ cánh yếm trái *R161P*,HONDA,Phụ tùng Honda tiêu chuẩn,245.000 ₫,1
64770KWYA30ZA,Bộ cánh yếm trái*NH262*,HONDA,Phụ tùng Honda tiêu chuẩn,222.000 ₫,1
64770KWYA30ZC,Bộ cánh yếm trái*NHB55*,HONDA,Phụ tùng Honda tiêu chuẩn,222.000 ₫,1
64770KWYA40ZA,Bộ cánh yếm trái *YR322C*,HONDA,Phụ tùng Honda tiêu chuẩn,222.000 ₫,1
64770KWYA40ZC,Bộ cánh yếm trái *NHB55P*,HONDA,Phụ tùng Honda tiêu chuẩn,222.000 ₫,1
64770KWYA40ZD,Bộ cánh yếm trái *NHB25M*,HONDA,Phụ tùng Honda tiêu chuẩn,222.000 ₫,1
64770KWYA40ZE,Bộ cánh yếm trái *R263M*,HONDA,Phụ tùng Honda tiêu chuẩn,222.000 ₫,1
64800KYL900ZA,Bộ ốp cốp phải s/s,HONDA,Phụ tùng Honda tiêu chuẩn,211.000 ₫,1
64850KTM980ZC,Bộ cốp bên trái *NHA69P*,HONDA,Phụ tùng Honda tiêu chuẩn,175.000 ₫,1
64850KYL900ZA,Bộ ốp cốp trái s/s,HONDA,Phụ tùng Honda tiêu chuẩn,208.000 ₫,1
72148SEA900,PIN(CR1220),HONDA,Phụ tùng Honda tiêu chuẩn,30.000 ₫,1
75581GN8920,Lò xo cài khóa yên,HONDA,Phụ tùng Honda tiêu chuẩn,13.000 ₫,1
77200K1NV00ZB,Yên xe *NH1*,HONDA,Phụ tùng Honda tiêu chuẩn,1.189.000 ₫,1
77200K1NV00ZF,YÊN XE *TYPE1* (*YRA04*),HONDA,Phụ tùng Honda tiêu chuẩn,1.189.000 ₫,1
77200K2CV00ZA,Yên xe *NH1*,HONDA,Phụ tùng Honda tiêu chuẩn,495.000 ₫,1
77200K2CV00ZB,Yên xe *YRA04*,HONDA,Phụ tùng Honda tiêu chuẩn,612.000 ₫,1
77200K44V00ZB,Yên xe,HONDA,Phụ tùng Honda tiêu chuẩn,603.000 ₫,1
77200K89V00,Yên xe,HONDA,Phụ tùng Honda tiêu chuẩn,501.000 ₫,1
77200KEV900,Yên xe,HONDA,Phụ tùng Honda tiêu chuẩn,692.000 ₫,1
77200KPHB00,Yên xe,HONDA,Phụ tùng Honda tiêu chuẩn,1.511.000 ₫,1
77200KTL680,Yên xe,HONDA,Phụ tùng Honda tiêu chuẩn,364.000 ₫,1
77200KVG910,Yên xe,HONDA,Phụ tùng Honda tiêu chuẩn,909.000 ₫,1
77200KWWB80,Yên xe,HONDA,Phụ tùng Honda tiêu chuẩn,555.000 ₫,1
77200KWWE00,Yên xe,HONDA,Phụ tùng Honda tiêu chuẩn,606.000 ₫,1
77201KVG900,Bản lề yên xe,HONDA,Phụ tùng Honda tiêu chuẩn,36.000 ₫,1
77201KWB600,Bản lề yên xe,HONDA,Phụ tùng Honda tiêu chuẩn,24.000 ₫,1
77206426000,Cao su yên xe,HONDA,Phụ tùng Honda tiêu chuẩn,30.000 ₫,1
77206KW6900,Cao su đệm bản lề yên,HONDA,Phụ tùng Honda tiêu chuẩn,19.000 ₫,2
77207GN5910,Cao su B đệm bản lề yên xe,HONDA,Phụ tùng Honda tiêu chuẩn,5.000 ₫,1
77210K56N00,BẢN LỀ YÊN XE,HONDA,Phụ tùng Honda tiêu chuẩn,27.000 ₫,1
77230K07900,Bộ khóa yên xe,HONDA,Phụ tùng Honda tiêu chuẩn,50.000 ₫,1
77230K1NV00,Ngàm khóa yên xe,HONDA,Phụ tùng Honda tiêu chuẩn,76.000 ₫,1
77230K35V00,Cụm khóa yên xe,HONDA,Phụ tùng Honda tiêu chuẩn,51.000 ₫,1
77230K56N10,Cụm khóa yên xe,HONDA,Phụ tùng Honda tiêu chuẩn,76.000 ₫,1
77230KTL741,Cụm khóa yên xe,HONDA,Phụ tùng Honda tiêu chuẩn,48.000 ₫,1
77230KVG900,Khóa yên,HONDA,Phụ tùng Honda tiêu chuẩn,108.000 ₫,1
77230KWW600,Cụm khóa yên xe,HONDA,Phụ tùng Honda tiêu chuẩn,101.000 ₫,1
77230KYZ900,Cụm khóa yên xe,HONDA,Phụ tùng Honda tiêu chuẩn,48.000 ₫,1
77234GN2000,Lò xo khóa yên xe,HONDA,Phụ tùng Honda tiêu chuẩn,33.000 ₫,1
77236GW0000,Đệm khóa yên xe,HONDA,Phụ tùng Honda tiêu chuẩn,5.000 ₫,1
77240K1FV01,Dây cáp khoá yên xe,HONDA,Phụ tùng Honda tiêu chuẩn,196.000 ₫,1
77240K44V81,Dây cáp khóa yên,HONDA,Phụ tùng Honda tiêu chuẩn,130.000 ₫,1
77240K56N11,Dây cáp khóa yên,HONDA,Phụ tùng Honda tiêu chuẩn,31.000 ₫,1
77240K56V51,Dây cáp khóa yên,HONDA,Phụ tùng Honda tiêu chuẩn,56.000 ₫,1
77240K77V01,Dây cáp khóa yên,HONDA,Phụ tùng Honda tiêu chuẩn,224.000 ₫,1
77241KYZV01,Dây cáp khoá yên xe,HONDA,Phụ tùng Honda tiêu chuẩn,136.000 ₫,1
77242KAB000,Giá giữ khoá yên xe,HONDA,Phụ tùng Honda tiêu chuẩn,165.000 ₫,1
80050KFV660ZA,Chắn bùn sau *R203M*,HONDA,Phụ tùng Honda tiêu chuẩn,432.000 ₫,1
80050KFV830ZA,Chắn bùn sau R150F,HONDA,Phụ tùng Honda tiêu chuẩn,430.000 ₫,2
80050KVV930ZA,Bộ chắn bùn sau *R150CU*,HONDA,Phụ tùng Honda tiêu chuẩn,412.000 ₫,1
80100K01900ZA,Chắn bùn sau A *NH-1*,HONDA,Phụ tùng Honda tiêu chuẩn,91.000 ₫,1
80100K07940ZA,Chắn bùn sau *NH-1*,HONDA,Phụ tùng Honda tiêu chuẩn,98.000 ₫,1
80100K0RV00ZA,Bộ chắn bùn sau *NH1*,HONDA,Phụ tùng Honda tiêu chuẩn,108.000 ₫,3
80100K2SV00ZA,Bộ chắn bùn sau A *TYPE1*,HONDA,Phụ tùng Honda tiêu chuẩn,131.000 ₫,1
80100K44V00ZA,Chắn bùn sau,HONDA,Phụ tùng Honda tiêu chuẩn,161.000 ₫,1
80100K56N10,Chắn bùn sau trên,HONDA,Phụ tùng Honda tiêu chuẩn,175.000 ₫,1
80100K56V50,Chắn bùn sau trên,HONDA,Phụ tùng Honda tiêu chuẩn,134.000 ₫,1
80100KEV900,Chắn bùn sau,HONDA,Phụ tùng Honda tiêu chuẩn,70.000 ₫,1
80100KFL890,Chắn bùn sau,HONDA,Phụ tùng Honda tiêu chuẩn,101.000 ₫,1
80100KPH700,Chắn bùn sau,HONDA,Phụ tùng Honda tiêu chuẩn,142.000 ₫,1
80100KVGV40,Chắn bùn sau,HONDA,Phụ tùng Honda tiêu chuẩn,158.000 ₫,1
80100KWWA80ZA,Chắn bùn sau *NH-1*,HONDA,Phụ tùng Honda tiêu chuẩn,193.000 ₫,14
80101K01610,Chắn bùn sau B,HONDA,Phụ tùng Honda tiêu chuẩn,121.000 ₫,1
80101K1NV00ZB,Chắn bùn A sau *NH1*,HONDA,Phụ tùng Honda tiêu chuẩn,156.000 ₫,1
80101K27V00,Chắn bùn sau bên trong,HONDA,Phụ tùng Honda tiêu chuẩn,130.000 ₫,1
80101K29900ZA,Chắn bùn A sau*YR286R*,HONDA,Phụ tùng Honda tiêu chuẩn,175.000 ₫,1
80101K29900ZB,Chắn bùn A sau*NH1*,HONDA,Phụ tùng Honda tiêu chuẩn,175.000 ₫,1
80101K2ZV00,Chắn bùn sau bên trong,HONDA,Phụ tùng Honda tiêu chuẩn,102.000 ₫,1
80101K44V00,Chắn bùn sau bên trong,HONDA,Phụ tùng Honda tiêu chuẩn,59.000 ₫,4
80101K44V80,Chắn bùn sau bên trong,HONDA,Phụ tùng Honda tiêu chuẩn,56.000 ₫,1
80101K66V00,Chắn bùn sau bên trong,HONDA,Phụ tùng Honda tiêu chuẩn,113.000 ₫,1
80101K77V00,Chắn bùn sau B,HONDA,Phụ tùng Honda tiêu chuẩn,164.000 ₫,1
80101KVGV20,Chắn bùn sau bên trong,HONDA,Phụ tùng Honda tiêu chuẩn,59.000 ₫,1
80101KVGV40,Chắn bùn sau bên trong,HONDA,Phụ tùng Honda tiêu chuẩn,51.000 ₫,1
80102K01900,Chắn bùn sau C,HONDA,Phụ tùng Honda tiêu chuẩn,76.000 ₫,1
80102K01D10,Chắn bùn sau C,HONDA,Phụ tùng Honda tiêu chuẩn,114.000 ₫,1
80102K0RV00,Giá đỡ chắn bùn sau A,HONDA,Phụ tùng Honda tiêu chuẩn,64.000 ₫,1
80102K27V00,Ốp bình chứa dung dịch làm mát,HONDA,Phụ tùng Honda tiêu chuẩn,28.000 ₫,1
80102K29900,Chắn bùn B sau,HONDA,Phụ tùng Honda tiêu chuẩn,118.000 ₫,1
80102K2ZV00,Ốp bình chứa dung dịch làm mát,HONDA,Phụ tùng Honda tiêu chuẩn,28.000 ₫,1
80103K1FV00,Tấm chắn bảo vệ đuôi xe,HONDA,Phụ tùng Honda tiêu chuẩn,31.000 ₫,1
80103K1NV00,Chắn bùn C sau,HONDA,Phụ tùng Honda tiêu chuẩn,94.000 ₫,1
80103K27V00,Tấm chắn bảo vệ đuôi xe,HONDA,Phụ tùng Honda tiêu chuẩn,36.000 ₫,3
80103K29900,Chắn bùn C sau,HONDA,Phụ tùng Honda tiêu chuẩn,107.000 ₫,1
80103K59A70ZA,ỐP CHẮN BÙN SAU TRÊN*NH1*,HONDA,Phụ tùng Honda tiêu chuẩn,27.000 ₫,1
80103KVG900,Tấm chắn bảo vệ đuôi xe,HONDA,Phụ tùng Honda tiêu chuẩn,21.000 ₫,1
80103KVGA30,Tấm chắn bảo vệ đuôi xe,HONDA,Phụ tùng Honda tiêu chuẩn,45.000 ₫,1
80104GFM900,Tấm chắn bùn sau hộp đồ,HONDA,Phụ tùng Honda tiêu chuẩn,88.000 ₫,1
80104K2CV00,Tấm chắn bảo vệ đuôi xe,HONDA,Phụ tùng Honda tiêu chuẩn,33.000 ₫,2
80104K44V00,Tấm bảo vệ chắn bùn sau,HONDA,Phụ tùng Honda tiêu chuẩn,36.000 ₫,1
80104K59A70,ỐP CHẮN BÙN SAU DƯỚI,HONDA,Phụ tùng Honda tiêu chuẩn,33.000 ₫,1
80105K0RV00ZA,Cao su đệm *NH1*,HONDA,Phụ tùng Honda tiêu chuẩn,28.000 ₫,2
80105K12900,Chắn bùn sau,HONDA,Phụ tùng Honda tiêu chuẩn,107.000 ₫,1
80105K12V00ZB,Chắn bùn sau *NH1*,HONDA,Phụ tùng Honda tiêu chuẩn,101.000 ₫,1
80105K1NV00,Nắp chắn bùn B sau,HONDA,Phụ tùng Honda tiêu chuẩn,44.000 ₫,1
80105K29900,Nắp chắn bùn B sau,HONDA,Phụ tùng Honda tiêu chuẩn,31.000 ₫,1
80105K29V80,Nắp chắn bùn B sau,HONDA,Phụ tùng Honda tiêu chuẩn,31.000 ₫,1
80105K73V00,Nắp đuôi sau dưới,HONDA,Phụ tùng Honda tiêu chuẩn,34.000 ₫,1
80105K73V40,Nắp đuôi sau dưới,HONDA,Phụ tùng Honda tiêu chuẩn,28.000 ₫,1
80105KZLE00ZB,Chắn bùn A sau *NH1*,HONDA,Phụ tùng Honda tiêu chuẩn,102.000 ₫,1
80106K01900,Bộ chắn bùn C sau trước,HONDA,Phụ tùng Honda tiêu chuẩn,111.000 ₫,1
80106K12900,Chắn bùn sau bên trong,HONDA,Phụ tùng Honda tiêu chuẩn,68.000 ₫,1
80106K29900,Chắn bùn sau bên trong,HONDA,Phụ tùng Honda tiêu chuẩn,104.000 ₫,1
80106K77V00,Nắp chụp động cơ,HONDA,Phụ tùng Honda tiêu chuẩn,108.000 ₫,2
80106K77V10,Nắp trên động cơ,HONDA,Phụ tùng Honda tiêu chuẩn,108.000 ₫,1
80106KVGV20,Chắn bùn sau bên trong,HONDA,Phụ tùng Honda tiêu chuẩn,65.000 ₫,1
80108K01900,Tấm nối chắn bùn,HONDA,Phụ tùng Honda tiêu chuẩn,31.000 ₫,1
80108K0RV00,Tấm nối chắn bùn,HONDA,Phụ tùng Honda tiêu chuẩn,28.000 ₫,1
80110GN5900,Chắn bùn đuôi sau,HONDA,Phụ tùng Honda tiêu chuẩn,25.000 ₫,1
80110K1FV00,Chắn bùn sau A,HONDA,Phụ tùng Honda tiêu chuẩn,188.000 ₫,1
80110K1NV00ZA,Bộ nắp đèn soi biển số *YR286*,HONDA,Phụ tùng Honda tiêu chuẩn,96.000 ₫,1
80110K1NV00ZB,Bộ nắp đèn soi biển số *NH1*,HONDA,Phụ tùng Honda tiêu chuẩn,93.000 ₫,1
80110K29900ZA,Bộ nắp đèn soi biển số**,HONDA,Phụ tùng Honda tiêu chuẩn,54.000 ₫,1
80110K29900ZB,Bộ nắp đèn soi biển số**,HONDA,Phụ tùng Honda tiêu chuẩn,54.000 ₫,1
80110K2CV00ZA,Chắn bùn sau *NH1*,HONDA,Phụ tùng Honda tiêu chuẩn,175.000 ₫,2
80110K2ZV00,Chắn bùn A sau,HONDA,Phụ tùng Honda tiêu chuẩn,188.000 ₫,2
80110K56V00,Chắn bùn sau dưới,HONDA,Phụ tùng Honda tiêu chuẩn,56.000 ₫,1
80110K57V00ZC,Bộ chắn bùn sau,HONDA,Phụ tùng Honda tiêu chuẩn,110.000 ₫,2
80110K66V00ZA,Bộ chắn bùn sau *NH105*,HONDA,Phụ tùng Honda tiêu chuẩn,204.000 ₫,1
80110K90VC0ZA,Chắn bùn đuôi sau *NH1*,HONDA,Phụ tùng Honda tiêu chuẩn,256.000 ₫,1
80110KFV950,Chắn bùn đuôi sau,HONDA,Phụ tùng Honda tiêu chuẩn,37.000 ₫,1
80110KVB930ZA,Bộ đuôi chắn bùn sau *NH1*,HONDA,Phụ tùng Honda tiêu chuẩn,124.000 ₫,1
80110KWWB80ZA,Bộ chắn bùn sau,HONDA,Phụ tùng Honda tiêu chuẩn,147.000 ₫,1
80110KWWE00ZA,Bộ chắn bùn sau,HONDA,Phụ tùng Honda tiêu chuẩn,193.000 ₫,1
80116K2CV00,Đế đèn soi biển số,HONDA,Phụ tùng Honda tiêu chuẩn,10.000 ₫,1
80120GN5900,Hộp đựng túi dụng cụ,HONDA,Phụ tùng Honda tiêu chuẩn,44.000 ₫,1
80121GGE900,Nắp chụp đèn soi biển số,HONDA,Phụ tùng Honda tiêu chuẩn,27.000 ₫,1
80121K44V00ZA,Nắp ốp xi nhan sau phải *NH1*,HONDA,Phụ tùng Honda tiêu chuẩn,19.000 ₫,3
80121KZL930,Nắp ốp xi nhan sau phải,HONDA,Phụ tùng Honda tiêu chuẩn,22.000 ₫,1
80125K2CV00ZA,Bộ nắp đèn soi biển số *NH1*,HONDA,Phụ tùng Honda tiêu chuẩn,179.000 ₫,2
80130K2CV00,Chắn bùn sau bên trong,HONDA,Phụ tùng Honda tiêu chuẩn,50.000 ₫,1
80131K44V00ZA,Nắp ốp xi nhan sau trái *NH1*,HONDA,Phụ tùng Honda tiêu chuẩn,19.000 ₫,4
80131KZL930,Nắp ốp xi nhan sau trái,HONDA,Phụ tùng Honda tiêu chuẩn,22.000 ₫,1
80140KEV880,Hộp đựng đồ,HONDA,Phụ tùng Honda tiêu chuẩn,57.000 ₫,1
80150K01900ZA,Bộ nắp đậy bóng đèn *NH-1*,HONDA,Phụ tùng Honda tiêu chuẩn,33.000 ₫,1
80150K03M60ZA,Chắn bùn bên trong NH1,HONDA,Phụ tùng Honda tiêu chuẩn,134.000 ₫,1
80150K56V00,Chắn bùn B sau,HONDA,Phụ tùng Honda tiêu chuẩn,121.000 ₫,1
80150K56V50,Chắn bùn B sau,HONDA,Phụ tùng Honda tiêu chuẩn,108.000 ₫,1
80150K77V00ZA,Chắn bùn sau *NH1*,HONDA,Phụ tùng Honda tiêu chuẩn,124.000 ₫,1
80150KEV880,NGĂN ĐỰNG DỤNG CỤ,HONDA,Phụ tùng Honda tiêu chuẩn,31.000 ₫,1
80151K12900ZA,Ốp nhựa trung tâm *YR321R*,HONDA,Phụ tùng Honda tiêu chuẩn,128.000 ₫,1
80151K12900ZB,Ốp nhựa trung tâm *YR286R*,HONDA,Phụ tùng Honda tiêu chuẩn,84.000 ₫,1
80151K12900ZC,Ốp nhựa trung tâm *NH1*,HONDA,Phụ tùng Honda tiêu chuẩn,68.000 ₫,1
80151K12V00ZL,Ốp nhựa trung tâm trên *R350C*,HONDA,Phụ tùng Honda tiêu chuẩn,104.000 ₫,1
80151K29900ZA,Ốp nhựa trung tâm*YR286R*,HONDA,Phụ tùng Honda tiêu chuẩn,110.000 ₫,1
80151K29900ZC,Ốp nhựa trung tâm*NH1*,HONDA,Phụ tùng Honda tiêu chuẩn,110.000 ₫,1
80151K2CV00ZA,Ốp trung tâm *YR286R*,HONDA,Phụ tùng Honda tiêu chuẩn,65.000 ₫,1
80151K2CV00ZB,Ốp trung tâm *NH1*,HONDA,Phụ tùng Honda tiêu chuẩn,65.000 ₫,2
80151K44V00ZA,ốp nhựa trung tâm *YR286R*,HONDA,Phụ tùng Honda tiêu chuẩn,77.000 ₫,2
80151K44V00ZB,ốp nhựa trung tâm *NH1*,HONDA,Phụ tùng Honda tiêu chuẩn,76.000 ₫,2
80151KVB900ZA,ốp thân giữa *NH1*,HONDA,Phụ tùng Honda tiêu chuẩn,77.000 ₫,1
80151KZL930ZA,ốp nhựa trung tâm *NH1*,HONDA,Phụ tùng Honda tiêu chuẩn,84.000 ₫,1
80151KZL930ZE,ốp nhựa trung tâm *YR321R*,HONDA,Phụ tùng Honda tiêu chuẩn,84.000 ₫,1
80152K12V00ZA,Ốp nhựa trung tâm dưới *YR286R*,HONDA,Phụ tùng Honda tiêu chuẩn,59.000 ₫,1
80152K12V00ZB,Ốp nhựa trung tâm dưới *NH1*,HONDA,Phụ tùng Honda tiêu chuẩn,59.000 ₫,1
80155K07900,Nắp đèn soi biển số,HONDA,Phụ tùng Honda tiêu chuẩn,36.000 ₫,1
80160K03N30,NẮP KHÓA ĐIỆN,HONDA,Phụ tùng Honda tiêu chuẩn,25.000 ₫,1
80160K0RV00ZA,Nắp ốp bình xăng *NH1*,HONDA,Phụ tùng Honda tiêu chuẩn,22.000 ₫,2
80160K12900ZA,Nắp mở bình xăng *YR321R*,HONDA,Phụ tùng Honda tiêu chuẩn,25.000 ₫,1
80160K12900ZC,Nắp mở bình xăng *NH1*,HONDA,Phụ tùng Honda tiêu chuẩn,25.000 ₫,1
80160K12V00ZA,Nắp bình xăng *YR286R*,HONDA,Phụ tùng Honda tiêu chuẩn,25.000 ₫,1
80160K12V00ZB,Nắp bình xăng *NH1*,HONDA,Phụ tùng Honda tiêu chuẩn,25.000 ₫,1
80160K56N10,Giá đèn soi biển số,HONDA,Phụ tùng Honda tiêu chuẩn,16.000 ₫,1
80161GGE900,Núm nắp bình xăng,HONDA,Phụ tùng Honda tiêu chuẩn,8.000 ₫,1
80162GFM970,Lò xo nắp bình xăng,HONDA,Phụ tùng Honda tiêu chuẩn,11.000 ₫,1
80200K1GV00ZA,Bộ chắn bùn sau phía trên *NH1*,HONDA,Phụ tùng Honda tiêu chuẩn,36.000 ₫,1
80200K2ZV00ZA,Bộ chắn bùn sau phía trên *NH1*,HONDA,Phụ tùng Honda tiêu chuẩn,36.000 ₫,2
81130K29900ZE,Bộ ốp trên bên trong*NHB25J*,HONDA,Phụ tùng Honda tiêu chuẩn,231.000 ₫,1
81130K29900ZF,Bộ ốp trên bên trong*PB390*,HONDA,Phụ tùng Honda tiêu chuẩn,236.000 ₫,1
81130K29900ZH,Bộ ốp trên bên trong*NHB35*,HONDA,Phụ tùng Honda tiêu chuẩn,236.000 ₫,1
81130K2SN00ZR,Nắp mở hộp chứa đồ bên trong*NHC60P*,HONDA,Phụ tùng Honda tiêu chuẩn,213.000 ₫,1
81130K2SN00ZS,Nắp mở hộp chứa đồ bên trong*NHB25M*,HONDA,Phụ tùng Honda tiêu chuẩn,213.000 ₫,1
81131GGE900,ốp khoang chứa đồ trước,HONDA,Phụ tùng Honda tiêu chuẩn,185.000 ₫,1
81131K01610ZA,Tấm ốp bên trong *NH1*,HONDA,Phụ tùng Honda tiêu chuẩn,244.000 ₫,1
81131K01900ZA,Tấm ốp bên trong *NH-1*,HONDA,Phụ tùng Honda tiêu chuẩn,228.000 ₫,1
81131K0RV00ZA,Ốp trên bên trong *NH1*,HONDA,Phụ tùng Honda tiêu chuẩn,191.000 ₫,1
81131K1NV00ZA,Ốp trên bên trong *R350C*,HONDA,Phụ tùng Honda tiêu chuẩn,201.000 ₫,1
81131K1NV00ZE,Hốc đựng bên trong *NHB25M*,HONDA,Phụ tùng Honda tiêu chuẩn,204.000 ₫,1
81131K29900ZA,Ốp trên bên trong*YR299P*,HONDA,Phụ tùng Honda tiêu chuẩn,219.000 ₫,1
81131K29900ZC,Ốp trên bên trong*R340C*,HONDA,Phụ tùng Honda tiêu chuẩn,219.000 ₫,3
81131K29900ZF,Ốp trên bên trong*NHB35P*,HONDA,Phụ tùng Honda tiêu chuẩn,224.000 ₫,1
81131K29900ZG,Ốp trên bên trong*NHB25M*,HONDA,Phụ tùng Honda tiêu chuẩn,219.000 ₫,1
81131K29900ZM,Ốp trên bên trong*GY150P*,HONDA,Phụ tùng Honda tiêu chuẩn,218.000 ₫,1
81131K29900ZN,Ốp trên bên trong *NHB18M*,HONDA,Phụ tùng Honda tiêu chuẩn,219.000 ₫,1
81131K29960ZB,Ốp trên bên trong *R368C*,HONDA,Phụ tùng Honda tiêu chuẩn,219.000 ₫,1
81131K29960ZE,Ốp trên bên trong *NHB35P*,HONDA,Phụ tùng Honda tiêu chuẩn,224.000 ₫,1
81131K29960ZF,Ốp trên bên trong *NHB25M*,HONDA,Phụ tùng Honda tiêu chuẩn,224.000 ₫,1
81131K29960ZG,Ốp trên bên trong *NHB18M*,HONDA,Phụ tùng Honda tiêu chuẩn,224.000 ₫,1
81131K29960ZH,Ốp trên bên trong *GY150P*,HONDA,Phụ tùng Honda tiêu chuẩn,219.000 ₫,1
81131K29VC0ZC,Ốp trên bên trong,HONDA,Phụ tùng Honda tiêu chuẩn,219.000 ₫,4
81131K2CV00ZA,Ốp trong phía trên *R350C*,HONDA,Phụ tùng Honda tiêu chuẩn,301.000 ₫,2
81131K2CV00ZB,Ốp trong phía trên *NHB35P*,HONDA,Phụ tùng Honda tiêu chuẩn,301.000 ₫,1
81131K2CV00ZE,Ốp trong phía trên *NHA76M*,HONDA,Phụ tùng Honda tiêu chuẩn,301.000 ₫,1
81131K2CV00ZH,Ốp trong phía trên *NHC34M*,HONDA,Phụ tùng Honda tiêu chuẩn,307.000 ₫,1
81131K2CV00ZJ,Ốp trong phía trên *PB425M*,HONDA,Phụ tùng Honda tiêu chuẩn,301.000 ₫,1
81131K2CV00ZK,Ốp trong phía trên *PB426P*,HONDA,Phụ tùng Honda tiêu chuẩn,301.000 ₫,1
81131K2CV90ZB,Ốp trong phía trên *NH1*,HONDA,Phụ tùng Honda tiêu chuẩn,301.000 ₫,2
81131K44V00ZA,Ốp trên bên trong *YR320M*,HONDA,Phụ tùng Honda tiêu chuẩn,305.000 ₫,1
81131K44V00ZD,Ốp trên bên trong *PB390M*,HONDA,Phụ tùng Honda tiêu chuẩn,305.000 ₫,1
81131K44V00ZE,Ốp trên bên trong *NHB35P*,HONDA,Phụ tùng Honda tiêu chuẩn,305.000 ₫,1
81131K44V00ZF,Ốp trên bên trong *NHB25M*,HONDA,Phụ tùng Honda tiêu chuẩn,305.000 ₫,1
81131K44V00ZG,Ốp trên bên trong *R340C*,HONDA,Phụ tùng Honda tiêu chuẩn,299.000 ₫,1
81131K44V00ZH,Ốp trên bên trong *NH411M*,HONDA,Phụ tùng Honda tiêu chuẩn,299.000 ₫,2
81131K44V00ZV,Ốp trên bên trong *NHB55P*,HONDA,Phụ tùng Honda tiêu chuẩn,299.000 ₫,1
81131K44V90ZA,Ốp trên bên trong *Y229P*,HONDA,Phụ tùng Honda tiêu chuẩn,299.000 ₫,1
81131K44V90ZD,Ốp trên bên trong *NHB35P*,HONDA,Phụ tùng Honda tiêu chuẩn,299.000 ₫,1
81131K44V90ZE,Ốp trên bên trong *NHA40M*,HONDA,Phụ tùng Honda tiêu chuẩn,299.000 ₫,1
81131K44V90ZF,Ốp trên bên trong *R340C*,HONDA,Phụ tùng Honda tiêu chuẩn,299.000 ₫,1
81131K44V90ZG,Ốp trên bên trong *NHB55P*,HONDA,Phụ tùng Honda tiêu chuẩn,299.000 ₫,1
81131K44V90ZH,Ốp trên bên trong *NHC23M*,HONDA,Phụ tùng Honda tiêu chuẩn,299.000 ₫,2
81131K44V90ZJ,Ốp trên bên trong *NHB25*,HONDA,Phụ tùng Honda tiêu chuẩn,299.000 ₫,1
81131K77V00ZA,Ốp trên bên trong *NH1*,HONDA,Phụ tùng Honda tiêu chuẩn,235.000 ₫,1
81131KVB951ZA,ốp yếm *NH1*,HONDA,Phụ tùng Honda tiêu chuẩn,184.000 ₫,1
81131KVG950,Tấm ốp bên trong trước,HONDA,Phụ tùng Honda tiêu chuẩn,59.000 ₫,1
81131KZLE00ZA,ốp trong phía trên *NH411M*,HONDA,Phụ tùng Honda tiêu chuẩn,413.000 ₫,1
81131KZLE00ZC,Ốp trong phía trên*R350C*,HONDA,Phụ tùng Honda tiêu chuẩn,413.000 ₫,1
81131KZLE00ZF,Ốp trong phía trên*PB390M*,HONDA,Phụ tùng Honda tiêu chuẩn,413.000 ₫,1
81131KZLE00ZG,Ốp trong phía trên*NHB35P*,HONDA,Phụ tùng Honda tiêu chuẩn,413.000 ₫,1
81131KZLE00ZH,Ốp trong phía trên*NHB25M*,HONDA,Phụ tùng Honda tiêu chuẩn,424.000 ₫,1
81132GAH000ZW,Móc treo hàng *NH1*,HONDA,Phụ tùng Honda tiêu chuẩn,7.000 ₫,1
81132GGE900,Móc treo đồ trước,HONDA,Phụ tùng Honda tiêu chuẩn,11.000 ₫,1
81132KTF670,Móc treo đồ,HONDA,Phụ tùng Honda tiêu chuẩn,70.000 ₫,2
81133GCCC50,Nắp đậy khóa,HONDA,Phụ tùng Honda tiêu chuẩn,14.000 ₫,1
81133K01900ZA,Nắp hộc đồ trước *NH-1*,HONDA,Phụ tùng Honda tiêu chuẩn,25.000 ₫,1
81133K1NV00ZA,Nắp khẩn cấp *R350C*,HONDA,Phụ tùng Honda tiêu chuẩn,65.000 ₫,1
81133K1NV00ZB,Nắp khẩn cấp *PB410P*,HONDA,Phụ tùng Honda tiêu chuẩn,65.000 ₫,1
81133K1NV00ZF,Nắp khẩn cấp *NHB18M*,HONDA,Phụ tùng Honda tiêu chuẩn,252.000 ₫,1
81133K2CV00ZA,Nắp hộp đồ trước *R350C*,HONDA,Phụ tùng Honda tiêu chuẩn,62.000 ₫,1
81133K2CV00ZD,Nắp hộp đồ trước *NHB35P*,HONDA,Phụ tùng Honda tiêu chuẩn,62.000 ₫,1
81133K2CV00ZF,Nắp hộp đồ trước *NHA76M*,HONDA,Phụ tùng Honda tiêu chuẩn,62.000 ₫,1
81133K2CV00ZJ,Nắp hộp đồ trước *PB425M*,HONDA,Phụ tùng Honda tiêu chuẩn,62.000 ₫,1
81133K2CV00ZK,Nắp hộp đồ trước*PB426P*,HONDA,Phụ tùng Honda tiêu chuẩn,64.000 ₫,1
81133K2CV00ZN,Nắp hộp đồ trước *NHC60P*,HONDA,Phụ tùng Honda tiêu chuẩn,62.000 ₫,1
81133K2CV00ZQ,NẮP HỘP ĐỒ TRƯỚC *NH1*,HONDA,Phụ tùng Honda tiêu chuẩn,62.000 ₫,1
81133K2CV90ZB,Nắp hộp đồ trước *NH1*,HONDA,Phụ tùng Honda tiêu chuẩn,62.000 ₫,1
81133K77V00ZA,Nắp hộc đồ trước *NH1*,HONDA,Phụ tùng Honda tiêu chuẩn,28.000 ₫,1
81133KZLA00,ĐỆM CAO SU Ổ KHÁ ĐIỆN,HONDA,Phụ tùng Honda tiêu chuẩn,14.000 ₫,1
81134K01610ZC,Tấm bảo vệ cổ lái *NHB35P*,HONDA,Phụ tùng Honda tiêu chuẩn,216.000 ₫,1
81134K01900ZD,Tấm bảo vệ cổ lái *NH-B35P*,HONDA,Phụ tùng Honda tiêu chuẩn,216.000 ₫,1
81134K0RV00ZA,Hốc đựng bên trong *R368C*,HONDA,Phụ tùng Honda tiêu chuẩn,184.000 ₫,1
81134K0RV00ZD,Hốc đựng bên trong *NHB35P*,HONDA,Phụ tùng Honda tiêu chuẩn,184.000 ₫,1
81134K0RV00ZE,Hốc đựng bên trong *NHB25M*,HONDA,Phụ tùng Honda tiêu chuẩn,184.000 ₫,1
81134K0RV00ZM,Ốp trong phía trên *NHC60P*,HONDA,Phụ tùng Honda tiêu chuẩn,185.000 ₫,1
81134K0RV40ZA,Ốp trên bên trong *R368C*,HONDA,Phụ tùng Honda tiêu chuẩn,182.000 ₫,1
81134K0RV40ZD,Ốp trên bên trong *NHB25M*,HONDA,Phụ tùng Honda tiêu chuẩn,181.000 ₫,1
81134K2CV00,Bản lề nắp hộc đồ,HONDA,Phụ tùng Honda tiêu chuẩn,67.000 ₫,1
81134K77V00ZB,Tấm bảo vệ cổ lái *PB403P*,HONDA,Phụ tùng Honda tiêu chuẩn,235.000 ₫,1
81134K77V00ZG,Tấm bảo vệ cổ lái *R368C*,HONDA,Phụ tùng Honda tiêu chuẩn,208.000 ₫,1
81134K77V00ZJ,Tấm bảo vệ cổ lái *NHB35P*,HONDA,Phụ tùng Honda tiêu chuẩn,208.000 ₫,1
81134K77V00ZW,Ốp trên bên trong *NHA76M*,HONDA,Phụ tùng Honda tiêu chuẩn,231.000 ₫,1
81135K1NV00,Gioăng hộp đồ trước,HONDA,Phụ tùng Honda tiêu chuẩn,11.000 ₫,1
81135K2CV00,Gioăng hộp đồ trước,HONDA,Phụ tùng Honda tiêu chuẩn,13.000 ₫,1
81136K1NV00ZB,Chốt cài móc hộp chứa đồ *NH1*,HONDA,Phụ tùng Honda tiêu chuẩn,25.000 ₫,1
81136K2CV00,Chốt cài móc hộp chứa đồ,HONDA,Phụ tùng Honda tiêu chuẩn,30.000 ₫,1
81137K01610ZA,Nắp hộc đồ trước *NH1*,HONDA,Phụ tùng Honda tiêu chuẩn,37.000 ₫,1
81137K1NV00ZB,Lò xo móc hộp chứa đồ *NH1*,HONDA,Phụ tùng Honda tiêu chuẩn,8.000 ₫,1
81137K2CV01,Chốt hộp chứa đồ,HONDA,Phụ tùng Honda tiêu chuẩn,27.000 ₫,1
81137K77V00ZA,Nắp hộc đồ trước *NH1*,HONDA,Phụ tùng Honda tiêu chuẩn,37.000 ₫,1
81138K1NV00,Phanh cài hộp chứa đồ,HONDA,Phụ tùng Honda tiêu chuẩn,10.000 ₫,1
81140K12900ZD,Ốp trên bên trong *R-350C*,HONDA,Phụ tùng Honda tiêu chuẩn,304.000 ₫,1
81140K12900ZF,Ốp trên bên trong *PB-390M*,HONDA,Phụ tùng Honda tiêu chuẩn,455.000 ₫,1
81140K12900ZG,Ốp trên bên trong *NH-B35P*,HONDA,Phụ tùng Honda tiêu chuẩn,304.000 ₫,1
81140K12930ZB,Ốp trên bên trong *YR299P*,HONDA,Phụ tùng Honda tiêu chuẩn,315.000 ₫,1
81140K12930ZC,Ốp trên bên trong *R350C*,HONDA,Phụ tùng Honda tiêu chuẩn,315.000 ₫,1
81140K12930ZF,Ốp trên bên trong *NHB25M*,HONDA,Phụ tùng Honda tiêu chuẩn,315.000 ₫,1
81140K12V00ZE,Ốp trên bên trong,HONDA,Phụ tùng Honda tiêu chuẩn,222.000 ₫,1
81140K12V00ZG,Ốp trên bên trong *Y229P*,HONDA,Phụ tùng Honda tiêu chuẩn,222.000 ₫,1
81140K12V00ZJ,Ốp trên bên trong *PB403P*,HONDA,Phụ tùng Honda tiêu chuẩn,222.000 ₫,1
81140K12V00ZM,Ốp trên bên trong *R350C*,HONDA,Phụ tùng Honda tiêu chuẩn,205.000 ₫,1
81141K12900ZB,Nắp khoang chứa đồ *YR-303M*,HONDA,Phụ tùng Honda tiêu chuẩn,108.000 ₫,1
81141K12900ZC,Nắp khoang chứa đồ *YR-299P*,HONDA,Phụ tùng Honda tiêu chuẩn,111.000 ₫,1
81141K12900ZD,Nắp khoang chứa đồ *R-350C*,HONDA,Phụ tùng Honda tiêu chuẩn,111.000 ₫,1
81141K12900ZF,Nắp khoang chứa đồ *PB-390M*,HONDA,Phụ tùng Honda tiêu chuẩn,111.000 ₫,1
81141K12900ZG,Nắp khoang chứa đồ *NH-B35P*,HONDA,Phụ tùng Honda tiêu chuẩn,111.000 ₫,1
81141K12900ZH,Nắp khoang chứa đồ *NH-B25M*,HONDA,Phụ tùng Honda tiêu chuẩn,111.000 ₫,1
81141K12900ZN,Nắp khoang chứa đồ *PB403P*,HONDA,Phụ tùng Honda tiêu chuẩn,111.000 ₫,1
81141K12900ZP,Nắp khoang chứa đồ *NHB18M*,HONDA,Phụ tùng Honda tiêu chuẩn,108.000 ₫,1
81141K1NV00ZB,Ốp dưới bên trong *NH1*,HONDA,Phụ tùng Honda tiêu chuẩn,365.000 ₫,2
81141K29900ZA,Ốp dưới bên trong*YR286R*,HONDA,Phụ tùng Honda tiêu chuẩn,295.000 ₫,1
81141K29900ZB,Ốp dưới bên trong*R349R*,HONDA,Phụ tùng Honda tiêu chuẩn,295.000 ₫,2
81141K29900ZC,Ốp dưới bên trong*NH1*,HONDA,Phụ tùng Honda tiêu chuẩn,295.000 ₫,1
81141K29960ZB,Ốp dưới bên trong *NH1*,HONDA,Phụ tùng Honda tiêu chuẩn,299.000 ₫,3
81141K29960ZC,Ốp dưới bên trong *YR321R*,HONDA,Phụ tùng Honda tiêu chuẩn,398.000 ₫,1
81141K2CV00ZA,Ốp trên bên trong *YR286R*,HONDA,Phụ tùng Honda tiêu chuẩn,138.000 ₫,1
81141K2CV00ZB,Ốp trên bên trong *NH1*,HONDA,Phụ tùng Honda tiêu chuẩn,138.000 ₫,2
81141K2SV00ZB,ốp trong phía dưới *NH1*,HONDA,Phụ tùng Honda tiêu chuẩn,307.000 ₫,1
81141K2VN40ZB,TẤM ỐP BÊN TRONG*TBLACK*,HONDA,Phụ tùng Honda tiêu chuẩn,513.000 ₫,1
81141K44V00ZA,Bộ ốp sườn trước trái *YR286R*,HONDA,Phụ tùng Honda tiêu chuẩn,158.000 ₫,2
81141K44V00ZB,Bộ ốp sườn trước trái *NH1*,HONDA,Phụ tùng Honda tiêu chuẩn,158.000 ₫,4
81141K96V00ZG,Nắp khoang chứa đồ *NHB18M*,HONDA,Phụ tùng Honda tiêu chuẩn,119.000 ₫,1
81141KZL930ZA,ốp trong phía dưới *NH1*,HONDA,Phụ tùng Honda tiêu chuẩn,168.000 ₫,1
81141KZL930ZD,ốp trong phía dưới *YR321R*,HONDA,Phụ tùng Honda tiêu chuẩn,168.000 ₫,1
81142GFM900,Nắp hộp đồ trước,HONDA,Phụ tùng Honda tiêu chuẩn,101.000 ₫,1
81142K01901,Chốt định vị nắp hộp đồ,HONDA,Phụ tùng Honda tiêu chuẩn,201.000 ₫,1
81142K12900,Hộp chứa đồ bên trong,HONDA,Phụ tùng Honda tiêu chuẩn,51.000 ₫,1
81142K12V00ZB,Hộp chứa đồ bên trong *NH1*,HONDA,Phụ tùng Honda tiêu chuẩn,65.000 ₫,1
81142K1NV00ZB,Nắp khẩn cấp thông minh *NH1*,HONDA,Phụ tùng Honda tiêu chuẩn,34.000 ₫,1
81142K1NV90ZA,NẮP KHẨN CẤP THÔNG MINH *NH1*,HONDA,Phụ tùng Honda tiêu chuẩn,33.000 ₫,1
81142K29960ZA,Nắp khẩn cấp thông minh *YR286R*,HONDA,Phụ tùng Honda tiêu chuẩn,31.000 ₫,1
81142K29960ZB,Nắp khẩn cấp thông minh *NH1*,HONDA,Phụ tùng Honda tiêu chuẩn,31.000 ₫,1
81142K77V00,Hộp chứa đồ bên trong,HONDA,Phụ tùng Honda tiêu chuẩn,61.000 ₫,1
81143K12V00,Bản lề nắp hộc đồ,HONDA,Phụ tùng Honda tiêu chuẩn,25.000 ₫,1
81143K1NV00ZB,Nắp mở ốp giữa trái *NH1*,HONDA,Phụ tùng Honda tiêu chuẩn,45.000 ₫,1
81144K1NV00ZA,Nắp mở ốp giữa phải *YR286R*,HONDA,Phụ tùng Honda tiêu chuẩn,25.000 ₫,1
81144K1NV00ZB,Nắp mở ốp giữa phải *NH1*,HONDA,Phụ tùng Honda tiêu chuẩn,24.000 ₫,1
81145K12V00ZM,Nắp khẩn cấp *R350C*,HONDA,Phụ tùng Honda tiêu chuẩn,59.000 ₫,1
81145K2CV00ZA,Nắp khẩn cấp *R350C*,HONDA,Phụ tùng Honda tiêu chuẩn,74.000 ₫,1
81145K2CV00ZE,Nắp khẩn cấp *NHB35P*,HONDA,Phụ tùng Honda tiêu chuẩn,74.000 ₫,1
81145K2CV00ZG,Nắp khẩn cấp *NHA76M*,HONDA,Phụ tùng Honda tiêu chuẩn,74.000 ₫,1
81145K2CV00ZH,Nắp khẩn cấp *NHC34M*,HONDA,Phụ tùng Honda tiêu chuẩn,74.000 ₫,1
81145K2CV00ZJ,Nắp khẩn cấp *PB425M*,HONDA,Phụ tùng Honda tiêu chuẩn,74.000 ₫,1
81145K2CV00ZK,Nắp khẩn cấp *PB426P*,HONDA,Phụ tùng Honda tiêu chuẩn,74.000 ₫,1
81145K2CV00ZN,Nắp khẩn cấp *NHC60P*,HONDA,Phụ tùng Honda tiêu chuẩn,74.000 ₫,1
81145K2CV00ZQ,Nắp khẩn cấp *NH1*,HONDA,Phụ tùng Honda tiêu chuẩn,74.000 ₫,1
81145K2CV90ZB,Nắp khẩn cấp *NH1*,HONDA,Phụ tùng Honda tiêu chuẩn,74.000 ₫,1
81145K44V90ZA,Nắp khẩn cấp *Y229P*,HONDA,Phụ tùng Honda tiêu chuẩn,74.000 ₫,1
81145K44V90ZB,Nắp khẩn cấp *R350C*,HONDA,Phụ tùng Honda tiêu chuẩn,74.000 ₫,1
81145K44V90ZD,Nắp khẩn cấp *NHB35P*,HONDA,Phụ tùng Honda tiêu chuẩn,74.000 ₫,1
81145K44V90ZH,Nắp khẩn cấp *NHA40M*,HONDA,Phụ tùng Honda tiêu chuẩn,74.000 ₫,1
81145K44V90ZJ,Nắp khẩn cấp *R340C*,HONDA,Phụ tùng Honda tiêu chuẩn,74.000 ₫,1
81145K44V90ZK,Nắp khẩn cấp *NHB55P*,HONDA,Phụ tùng Honda tiêu chuẩn,74.000 ₫,1
81145K44V90ZL,Nắp khẩn cấp *NHC23M*,HONDA,Phụ tùng Honda tiêu chuẩn,74.000 ₫,1
81145K44V90ZM,Nắp khẩn cấp *NHB25*,HONDA,Phụ tùng Honda tiêu chuẩn,74.000 ₫,1
81146K12V00,Cao su hộp chứa đồ bên trong,HONDA,Phụ tùng Honda tiêu chuẩn,16.000 ₫,1
81150K12900ZA,Ốp dưới bên trong YR321R,HONDA,Phụ tùng Honda tiêu chuẩn,222.000 ₫,1
81150K12900ZB,Ốp dưới bên trong YR286R,HONDA,Phụ tùng Honda tiêu chuẩn,222.000 ₫,1
81150K12900ZC,Ốp dưới bên trong NH1,HONDA,Phụ tùng Honda tiêu chuẩn,222.000 ₫,1
81150K12V00ZA,Ốp dưới bên trong *YR286R*,HONDA,Phụ tùng Honda tiêu chuẩn,193.000 ₫,1
81150K12V00ZB,Ốp dưới bên trong *NH1*,HONDA,Phụ tùng Honda tiêu chuẩn,193.000 ₫,1
81150K2TV00ZB,Ốp dưới bên trong *NH1*,HONDA,Phụ tùng Honda tiêu chuẩn,179.000 ₫,1
81160K12V00ZA,Nắp khoang chứa đồ *Y229P*,HONDA,Phụ tùng Honda tiêu chuẩn,54.000 ₫,1
81160K12V00ZC,Nắp khoang chứa đồ *YR299P*,HONDA,Phụ tùng Honda tiêu chuẩn,54.000 ₫,1
81160K12V00ZH,Nắp khoang chứa đồ,HONDA,Phụ tùng Honda tiêu chuẩn,54.000 ₫,1
81160K12V00ZJ,Nắp khoang chứa đồ *NHB18M*,HONDA,Phụ tùng Honda tiêu chuẩn,56.000 ₫,1
81160K12V00ZM,Nắp khoang chứa đồ *R350C*,HONDA,Phụ tùng Honda tiêu chuẩn,74.000 ₫,1
81160K12V00ZQ,Nắp hộc chứa đồ *PB426P*,HONDA,Phụ tùng Honda tiêu chuẩn,73.000 ₫,1
81200K1NV00ZC,Giá đèo hàng sau *NH1*,HONDA,Phụ tùng Honda tiêu chuẩn,658.000 ₫,1
81200K29900ZB,Giá đèo hàng sau *NH1*,HONDA,Phụ tùng Honda tiêu chuẩn,638.000 ₫,1
81200K2CV00ZA,tay sách,HONDA,Phụ tùng Honda tiêu chuẩn,680.000 ₫,1
81200K2CV00ZB,Tay dắt sau *NH303M*,HONDA,Phụ tùng Honda tiêu chuẩn,680.000 ₫,1
81200K2CV00ZC,Tay dắt sau *R340C*,HONDA,Phụ tùng Honda tiêu chuẩn,795.000 ₫,1
81200K44V80ZA,Tay dắt sau *R340C*,HONDA,Phụ tùng Honda tiêu chuẩn,572.000 ₫,1
81200K44V80ZB,Tay dắt sau *NH411M*,HONDA,Phụ tùng Honda tiêu chuẩn,572.000 ₫,1
81200KZLA00ZE,Tay dắt sau *NH411M*,HONDA,Phụ tùng Honda tiêu chuẩn,627.000 ₫,1
81218GFMD30,TEM HƯỚNG DẪN HỘP ĐỒ,HONDA,Phụ tùng Honda tiêu chuẩn,11.000 ₫,1
81250K1FV00,Hộp chứa đồ,HONDA,Phụ tùng Honda tiêu chuẩn,481.000 ₫,1
81250K1NV00,Hộp đựng đồ,HONDA,Phụ tùng Honda tiêu chuẩn,292.000 ₫,1
81250K27V00,Hộp chưa đồ,HONDA,Phụ tùng Honda tiêu chuẩn,412.000 ₫,1
81250K29960,Hộp đựng đồ,HONDA,Phụ tùng Honda tiêu chuẩn,315.000 ₫,1
81250K2CV00,Hộc chứa đồ,HONDA,Phụ tùng Honda tiêu chuẩn,279.000 ₫,1
81250K2CV10,Hộc chứa đồ,HONDA,Phụ tùng Honda tiêu chuẩn,279.000 ₫,1
81250K57V00,Hộp chứa đồ,HONDA,Phụ tùng Honda tiêu chuẩn,202.000 ₫,1
81250K73T30,Hộp chưa đồ,HONDA,Phụ tùng Honda tiêu chuẩn,284.000 ₫,1
81250K73V40,HỘP CHƯA ĐỒ,HONDA,Phụ tùng Honda tiêu chuẩn,242.000 ₫,1
81250K89V00,Hộp chưa đồ,HONDA,Phụ tùng Honda tiêu chuẩn,153.000 ₫,1
81250K90V00,Hộp chưa đồ,HONDA,Phụ tùng Honda tiêu chuẩn,216.000 ₫,1
81250KTL640,Khoang chứa đồ,HONDA,Phụ tùng Honda tiêu chuẩn,141.000 ₫,1
81250KTM970,Khoang chứa đồ,HONDA,Phụ tùng Honda tiêu chuẩn,179.000 ₫,1
81250KVB900,Hộp chứa đồ,HONDA,Phụ tùng Honda tiêu chuẩn,204.000 ₫,1
81250KVL930,HỘP CHỨA ĐỒ,HONDA,Phụ tùng Honda tiêu chuẩn,205.000 ₫,1
81251K0RV00,NẮP ĐẬY HỘP ẮC QUY,HONDA,Phụ tùng Honda tiêu chuẩn,8.000 ₫,1
81252K27V10,Nắp đèn hộp đồ,HONDA,Phụ tùng Honda tiêu chuẩn,24.000 ₫,1
81253K29900,Nắp kiểm tra nước làm mát,HONDA,Phụ tùng Honda tiêu chuẩn,31.000 ₫,1
81271GFM900,Nắp trên hộp để đồ,HONDA,Phụ tùng Honda tiêu chuẩn,539.000 ₫,1
81312KPH900,BẠC ĐỆM CHẮN BÙN TRƯỚC,HONDA,Phụ tùng Honda tiêu chuẩn,5.000 ₫,1
81313KFLD20,Bạc bắt giỏ xe trước,HONDA,Phụ tùng Honda tiêu chuẩn,8.000 ₫,1
81770KZVV30,Bộ giá trở hàng trước,HONDA,Phụ tùng Honda tiêu chuẩn,191.000 ₫,2
83200K02900ZD,Bộ ốp sườn phải *NHB35*,HONDA,Phụ tùng Honda tiêu chuẩn,881.000 ₫,1
83200K29600ZB,Bộ ốp sườn phải *NHB18M*,HONDA,Phụ tùng Honda tiêu chuẩn,892.000 ₫,1
83200K29600ZC,Bộ ốp sườn phải *R350C*,HONDA,Phụ tùng Honda tiêu chuẩn,837.000 ₫,1
83200K29600ZD,Bộ ốp sườn phải *R368C*,HONDA,Phụ tùng Honda tiêu chuẩn,837.000 ₫,1
83200K29600ZF,Bộ ốp sườn phải *GY150P*,HONDA,Phụ tùng Honda tiêu chuẩn,837.000 ₫,1
83200K29600ZH,BỘ ỐP SƯỜN PHẢI *NHB35P*,HONDA,Phụ tùng Honda tiêu chuẩn,837.000 ₫,1
83200K29900ZE,Bộ ốp sườn phải*PB390M*,HONDA,Phụ tùng Honda tiêu chuẩn,496.000 ₫,1
83200K29930ZA,Bộ ốp sườn phải *NHB18M*,HONDA,Phụ tùng Honda tiêu chuẩn,496.000 ₫,1
83200K29930ZB,Bộ ốp sườn phải *R350C*,HONDA,Phụ tùng Honda tiêu chuẩn,496.000 ₫,1
83200K29930ZC,Bộ ốp sườn phải *YR299P*,HONDA,Phụ tùng Honda tiêu chuẩn,486.000 ₫,1
83200K29960ZA,Bộ ốp sườn phải *NHB18M*,HONDA,Phụ tùng Honda tiêu chuẩn,496.000 ₫,1
83200K29V80ZC,Bộ ốp sườn phải,HONDA,Phụ tùng Honda tiêu chuẩn,837.000 ₫,1
83200K29V80ZD,Bộ ốp sườn phải,HONDA,Phụ tùng Honda tiêu chuẩn,837.000 ₫,1
83200K29V80ZE,Bộ ốp sườn phải,HONDA,Phụ tùng Honda tiêu chuẩn,837.000 ₫,1
83200K77V00ZF,Bộ ốp sườn phải *NHB25*,HONDA,Phụ tùng Honda tiêu chuẩn,849.000 ₫,1
83200K78V00ZA,Bộ ốp sườn phải *NHB86*,HONDA,Phụ tùng Honda tiêu chuẩn,849.000 ₫,1
83200K78V50ZA,Ốp sườn phải *NHA76M*,HONDA,Phụ tùng Honda tiêu chuẩn,937.000 ₫,1
83300K02900ZD,Bộ ốp sườn trái *NHB35*,HONDA,Phụ tùng Honda tiêu chuẩn,881.000 ₫,1
83300K29600ZA,Bộ ốp sườn trái *NHB35P*,HONDA,Phụ tùng Honda tiêu chuẩn,892.000 ₫,1
83300K29600ZB,Bộ ốp sườn trái *NHB18M*,HONDA,Phụ tùng Honda tiêu chuẩn,892.000 ₫,1
83300K29600ZC,Bộ ốp sườn trái *R350C*,HONDA,Phụ tùng Honda tiêu chuẩn,837.000 ₫,1
83300K29600ZF,Bộ ốp sườn trái *GY150P*,HONDA,Phụ tùng Honda tiêu chuẩn,837.000 ₫,2
83300K29600ZH,Bộ ốp sườn trái *NHB35P*,HONDA,Phụ tùng Honda tiêu chuẩn,837.000 ₫,1
83300K29900ZA,Bộ ốp sườn trái*YR299P*,HONDA,Phụ tùng Honda tiêu chuẩn,496.000 ₫,1
83300K29900ZC,Bộ ốp sườn trái*R340C*,HONDA,Phụ tùng Honda tiêu chuẩn,496.000 ₫,1
83300K29900ZE,Bộ ốp sườn trái*PB390M*,HONDA,Phụ tùng Honda tiêu chuẩn,496.000 ₫,1
83300K29930ZA,Bộ ốp sườn trái *NHB18M*,HONDA,Phụ tùng Honda tiêu chuẩn,496.000 ₫,1
83300K29930ZB,Bộ ốp sườn trái *R350C*,HONDA,Phụ tùng Honda tiêu chuẩn,496.000 ₫,1
83300K29930ZD,Bộ ốp sườn trái *GY150P*,HONDA,Phụ tùng Honda tiêu chuẩn,486.000 ₫,1
83300K29930ZE,Bộ ốp sườn trái *NHB35P*,HONDA,Phụ tùng Honda tiêu chuẩn,486.000 ₫,1
83300K29960ZA,Bộ ốp sườn trái *NHB18M*,HONDA,Phụ tùng Honda tiêu chuẩn,496.000 ₫,1
83300K29V80ZC,Bộ ốp sườn trái,HONDA,Phụ tùng Honda tiêu chuẩn,837.000 ₫,1
83300K29V80ZE,Bộ ốp sườn trái,HONDA,Phụ tùng Honda tiêu chuẩn,837.000 ₫,1
83300K77V00ZD,Bộ ốp sườn trái *R368*,HONDA,Phụ tùng Honda tiêu chuẩn,849.000 ₫,1
83300K77V00ZE,Bộ ốp sườn trái *NHB35P*,HONDA,Phụ tùng Honda tiêu chuẩn,849.000 ₫,1
83300K77V00ZF,Bộ ốp sườn trái *NHB25*,HONDA,Phụ tùng Honda tiêu chuẩn,849.000 ₫,1
83300K78V00ZE,Bộ ốp sườn trái *NHB35P*,HONDA,Phụ tùng Honda tiêu chuẩn,849.000 ₫,1
83400K01600ZE,Bộ ốp sườn trước trái*NHB35*,HONDA,Phụ tùng Honda tiêu chuẩn,187.000 ₫,1
83400K01900ZD,Bộ ốp sườn trước trái *NHB35*,HONDA,Phụ tùng Honda tiêu chuẩn,187.000 ₫,1
83400KFL890ZC,Bộ cốp phải *PB171MU*,HONDA,Phụ tùng Honda tiêu chuẩn,178.000 ₫,1
83400KFV830ZA,Bộ cốp phải R150F,HONDA,Phụ tùng Honda tiêu chuẩn,201.000 ₫,2
83400KRS860ZF,Bộ cốp phải *B142P*,HONDA,Phụ tùng Honda tiêu chuẩn,162.000 ₫,1
83400KRS900ZF,Bộ cốp phải *R203M*,HONDA,Phụ tùng Honda tiêu chuẩn,167.000 ₫,1
83400KRS900ZG,Bộ cốp phải *B142P*,HONDA,Phụ tùng Honda tiêu chuẩn,162.000 ₫,1
83400KRS900ZH,Bộ cốp phải PB305,HONDA,Phụ tùng Honda tiêu chuẩn,167.000 ₫,1
83400KTL790ZB,Bộ cốp phải *Y106*,HONDA,Phụ tùng Honda tiêu chuẩn,162.000 ₫,1
83400KVV930ZA,Bộ cốp phải *R150CU*,HONDA,Phụ tùng Honda tiêu chuẩn,170.000 ₫,1
83410K01900ZA,Nắp ốp để chân sau phải *NH-1*,HONDA,Phụ tùng Honda tiêu chuẩn,44.000 ₫,1
83410K0RV00ZA,Nắp ốp để chân sau phải *NH1*,HONDA,Phụ tùng Honda tiêu chuẩn,36.000 ₫,1
83410K1NV00,Trang trí sườn phải,HONDA,Phụ tùng Honda tiêu chuẩn,250.000 ₫,1
83410K77V00ZA,Nắp ốp để chân sau phải *NH1*,HONDA,Phụ tùng Honda tiêu chuẩn,39.000 ₫,1
83420K01900ZA,Nắp ốp để chân sau trái *NH-1*,HONDA,Phụ tùng Honda tiêu chuẩn,44.000 ₫,1
83420K0RV00ZA,Nắp ốp để chân sau trái *NH1*,HONDA,Phụ tùng Honda tiêu chuẩn,36.000 ₫,1
83420K1NV00,Trang trí sườn trái,HONDA,Phụ tùng Honda tiêu chuẩn,250.000 ₫,1
83420K77V00ZA,Nắp ốp để chân sau trái *NH1*,HONDA,Phụ tùng Honda tiêu chuẩn,39.000 ₫,1
83430K01900ZA,Ốp cần để chân sau phải *NH-1*,HONDA,Phụ tùng Honda tiêu chuẩn,28.000 ₫,1
83430K1NV00ZB,Ốp cần để chân sau phải *NH1*,HONDA,Phụ tùng Honda tiêu chuẩn,22.000 ₫,1
83430K29900,Ốp cần để chân sau phải,HONDA,Phụ tùng Honda tiêu chuẩn,16.000 ₫,1
83440K01900ZA,Ốp cần để chân sau trái *NH-1*,HONDA,Phụ tùng Honda tiêu chuẩn,28.000 ₫,1
83440K29900,Ốp cần để chân sau trái,HONDA,Phụ tùng Honda tiêu chuẩn,16.000 ₫,1
83450K01900ZD,Ốp sườn trước phải *NH-B35P*,HONDA,Phụ tùng Honda tiêu chuẩn,181.000 ₫,1
83450K1NV00ZB,Ốp B để chân sau bên phải *NH1*,HONDA,Phụ tùng Honda tiêu chuẩn,16.000 ₫,1
83450KFL890ZC,Bộ cốp trái *PB171MU*,HONDA,Phụ tùng Honda tiêu chuẩn,176.000 ₫,1
83450KFV830ZA,Bộ cốp trái R150F,HONDA,Phụ tùng Honda tiêu chuẩn,201.000 ₫,2
83450KVV930ZA,Bộ cốp trái *R150CU*,HONDA,Phụ tùng Honda tiêu chuẩn,165.000 ₫,1
83460K1NV00ZB,Ốp B để chân sau bên trái *NH1*,HONDA,Phụ tùng Honda tiêu chuẩn,16.000 ₫,1
83500K0RV00ZC,Ốp sườn phải *R368*,HONDA,Phụ tùng Honda tiêu chuẩn,740.000 ₫,1
83500K0RV00ZD,Ốp sườn phải *NHB35*,HONDA,Phụ tùng Honda tiêu chuẩn,740.000 ₫,1
83500K0RV00ZE,Ốp sườn phải *NHB25*,HONDA,Phụ tùng Honda tiêu chuẩn,740.000 ₫,1
83500K0SV00ZC,Bộ ốp sườn phải *R368*,HONDA,Phụ tùng Honda tiêu chuẩn,789.000 ₫,1
83500K0SV00ZD,Bộ ốp sườn phải *NHB35*,HONDA,Phụ tùng Honda tiêu chuẩn,789.000 ₫,1
83500K0SV00ZE,Bộ ốp sườn phải *NHB25*,HONDA,Phụ tùng Honda tiêu chuẩn,789.000 ₫,1
83500K0SVB0ZD,Bộ ốp sườn phải *NHB35P*,HONDA,Phụ tùng Honda tiêu chuẩn,752.000 ₫,1
83500K12900ZC,Ốp sườn phải *YR-299P*,HONDA,Phụ tùng Honda tiêu chuẩn,264.000 ₫,1
83500K12900ZH,Ốp sườn phải *NH-B25M*,HONDA,Phụ tùng Honda tiêu chuẩn,264.000 ₫,1
83500K12900ZN,Ốp sườn phải *PB403P*,HONDA,Phụ tùng Honda tiêu chuẩn,264.000 ₫,1
83500K12900ZP,Ốp sườn phải *NHB18M*,HONDA,Phụ tùng Honda tiêu chuẩn,258.000 ₫,1
83500K56V00ZA,Bộ ốp đuôi sau *NHB35P*,HONDA,Phụ tùng Honda tiêu chuẩn,421.000 ₫,1
83500K56V00ZC,Bộ ốp đuôi sau *YR322C*,HONDA,Phụ tùng Honda tiêu chuẩn,365.000 ₫,1
83500K56V00ZE,Bộ ốp đuôi sau *B189*,HONDA,Phụ tùng Honda tiêu chuẩn,365.000 ₫,1
83500K56V20ZB,Bộ ốp đuôi sau xe *PB406P*,HONDA,Phụ tùng Honda tiêu chuẩn,569.000 ₫,1
83500K56V30ZB,Bộ ốp đuôi sau *Y106*,HONDA,Phụ tùng Honda tiêu chuẩn,444.000 ₫,1
83500K56V30ZC,Bộ ốp đuôi sau *B189C*,HONDA,Phụ tùng Honda tiêu chuẩn,444.000 ₫,1
83500K56V30ZE,Bộ ốp đuôi sau *R340C*,HONDA,Phụ tùng Honda tiêu chuẩn,444.000 ₫,2
83500K56V40ZC,Bộ ốp đuôi sau *NHA76M*,HONDA,Phụ tùng Honda tiêu chuẩn,516.000 ₫,1
83500K56V90ZA,Bộ ốp đuôi sau *NHA76M*,HONDA,Phụ tùng Honda tiêu chuẩn,516.000 ₫,1
83500K57V00ZA,Bộ ốp đuôi sau xe,HONDA,Phụ tùng Honda tiêu chuẩn,142.000 ₫,1
83500K57V00ZC,Bộ ốp đuôi sau xe,HONDA,Phụ tùng Honda tiêu chuẩn,110.000 ₫,1
83500K57V00ZD,Bộ ốp đuôi sau xe *NHA76M*,HONDA,Phụ tùng Honda tiêu chuẩn,110.000 ₫,1
83500KEV900ZA,Cốp phải *B142P*,HONDA,Phụ tùng Honda tiêu chuẩn,148.000 ₫,3
83500KZL930YN,Ốp sườn phải *R350C*,HONDA,Phụ tùng Honda tiêu chuẩn,358.000 ₫,1
83503K12900ZC,Ốp đuôi sau dưới *YR-299P*,HONDA,Phụ tùng Honda tiêu chuẩn,182.000 ₫,1
83503K12900ZD,Ốp đuôi sau dưới *R-350C*,HONDA,Phụ tùng Honda tiêu chuẩn,182.000 ₫,1
83503K12900ZH,Ốp đuôi sau dưới *NH-B25M*,HONDA,Phụ tùng Honda tiêu chuẩn,184.000 ₫,1
83503K12900ZP,Ốp đuôi sau dưới *NHB18M*,HONDA,Phụ tùng Honda tiêu chuẩn,158.000 ₫,1
83503K12V00ZM,Ốp đuôi sau dưới *R350C*,HONDA,Phụ tùng Honda tiêu chuẩn,68.000 ₫,1
83503K2TV30ZG,ỐP ĐUÔI SAU DƯỚI *NHA76M*,HONDA,Phụ tùng Honda tiêu chuẩn,73.000 ₫,1
83505GGE900ZC,Bộ ốp sườn phải *R313C*,HONDA,Phụ tùng Honda tiêu chuẩn,464.000 ₫,1
83505K2CV00ZB,Bộ ốp sườn phải *NHB35*,HONDA,Phụ tùng Honda tiêu chuẩn,336.000 ₫,1
83505K2CV00ZC,Bộ ốp sườn phải *PB426*,HONDA,Phụ tùng Honda tiêu chuẩn,336.000 ₫,1
83505K2CV00ZD,Bộ ốp sườn phải *PB425*,HONDA,Phụ tùng Honda tiêu chuẩn,336.000 ₫,1
83505K2CV00ZE,Bộ ốp sườn phải *NHA76*,HONDA,Phụ tùng Honda tiêu chuẩn,336.000 ₫,1
83505K2CV00ZF,Bộ ốp sườn phải *R350*,HONDA,Phụ tùng Honda tiêu chuẩn,336.000 ₫,1
83505K2CV30ZA,Bộ ốp sườn phải *NHC34M*,HONDA,Phụ tùng Honda tiêu chuẩn,344.000 ₫,1
83505K2CV30ZB,Bộ ốp sườn phải *NHA76M*,HONDA,Phụ tùng Honda tiêu chuẩn,344.000 ₫,1
83505K2CVA0ZA,Bộ ốp sườn phải *PB434M*,HONDA,Phụ tùng Honda tiêu chuẩn,336.000 ₫,1
83505K2CVA0ZB,Bộ ốp sườn phải *R368C*,HONDA,Phụ tùng Honda tiêu chuẩn,336.000 ₫,1
83505K2CVA0ZC,Bộ ốp sườn phải *NHB25M*,HONDA,Phụ tùng Honda tiêu chuẩn,336.000 ₫,1
83505K2CVF0ZB,Bộ ốp sườn phải *NHA76M*,HONDA,Phụ tùng Honda tiêu chuẩn,344.000 ₫,1
83505K2CVF0ZC,Bộ ốp sườn phải *NHC60P*,HONDA,Phụ tùng Honda tiêu chuẩn,344.000 ₫,1
83505K2CVK0ZB,BỘ ỐP SƯỜN PHẢI *YR381M*,HONDA,Phụ tùng Honda tiêu chuẩn,336.000 ₫,1
83505K2CVM0ZA,BỘ ỐP SƯỜN PHẢI *NHC60P*,HONDA,Phụ tùng Honda tiêu chuẩn,344.000 ₫,1
83505K2CVS0ZA,Bộ ốp sườn phải *NHC34M*,HONDA,Phụ tùng Honda tiêu chuẩn,347.000 ₫,1
83505K44V00ZD,ốp sườn phải *YR320*,HONDA,Phụ tùng Honda tiêu chuẩn,338.000 ₫,1
83505K44V00ZG,ốp sườn phải *R340*,HONDA,Phụ tùng Honda tiêu chuẩn,345.000 ₫,1
83505K44V00ZL,ốp sườn phải *NH411*,HONDA,Phụ tùng Honda tiêu chuẩn,359.000 ₫,1
83505K44V60ZE,Bộ ốp sườn phải *NHB35P*,HONDA,Phụ tùng Honda tiêu chuẩn,345.000 ₫,1
83505K44V80ZA,Bộ ốp sườn phải *NHB55P*,HONDA,Phụ tùng Honda tiêu chuẩn,333.000 ₫,1
83505K44V80ZE,Bộ ốp sườn phải *PB420P*,HONDA,Phụ tùng Honda tiêu chuẩn,333.000 ₫,1
83505K44V80ZJ,Bộ ốp sườn phải *NHB35P*,HONDA,Phụ tùng Honda tiêu chuẩn,333.000 ₫,1
83505K44V80ZK,Bộ ốp sườn phải *G209P*,HONDA,Phụ tùng Honda tiêu chuẩn,333.000 ₫,1
83505K44V80ZM,Bộ ốp sườn phải *Y229P*,HONDA,Phụ tùng Honda tiêu chuẩn,333.000 ₫,1
83505K44V80ZN,Bộ ốp sườn phải *R350C*,HONDA,Phụ tùng Honda tiêu chuẩn,333.000 ₫,1
83505K44V80ZP,Bộ ốp sườn phải *NHB55P*,HONDA,Phụ tùng Honda tiêu chuẩn,333.000 ₫,1
83505K44VE0ZF,ỐP SƯỜN PHẢI *NHA76*,HONDA,Phụ tùng Honda tiêu chuẩn,333.000 ₫,1
83505K44VE0ZJ,ốp sườn phải *NHB25*,HONDA,Phụ tùng Honda tiêu chuẩn,333.000 ₫,1
83505KZLE00ZD,Bộ ốp sườn phải *YR303*,HONDA,Phụ tùng Honda tiêu chuẩn,573.000 ₫,1
83505KZLE00ZE,Bộ ốp sườn phải *NHB35*,HONDA,Phụ tùng Honda tiêu chuẩn,573.000 ₫,1
83505KZLE00ZF,Bộ ốp sườn phải *NHA69*,HONDA,Phụ tùng Honda tiêu chuẩn,573.000 ₫,1
83505KZLE80ZB,Bộ ốp sườn phải*R350B*,HONDA,Phụ tùng Honda tiêu chuẩn,479.000 ₫,1
83505KZLE80ZC,Bộ ốp sườn phải*NHB25B*,HONDA,Phụ tùng Honda tiêu chuẩn,490.000 ₫,1
83505KZLE80ZD,Bộ ốp sườn phải*PB390*,HONDA,Phụ tùng Honda tiêu chuẩn,479.000 ₫,1
83505KZLE80ZE,Bộ ốp sườn phải*NHB35*,HONDA,Phụ tùng Honda tiêu chuẩn,479.000 ₫,1
83510K12900ZC,Ốp sàn bên phải *YR-299P*,HONDA,Phụ tùng Honda tiêu chuẩn,173.000 ₫,1
83510K12900ZG,Ốp sàn bên phải *NH-B35P*,HONDA,Phụ tùng Honda tiêu chuẩn,173.000 ₫,1
83510K12900ZH,Ốp sàn bên phải *NH-B25M*,HONDA,Phụ tùng Honda tiêu chuẩn,173.000 ₫,1
83510K12900ZM,Ốp sàn bên phải *Y183M*,HONDA,Phụ tùng Honda tiêu chuẩn,173.000 ₫,1
83510K12900ZN,Ốp sàn bên phải *PB403P*,HONDA,Phụ tùng Honda tiêu chuẩn,168.000 ₫,1
83510K12900ZP,Ốp sàn bên phải *NHB18M*,HONDA,Phụ tùng Honda tiêu chuẩn,168.000 ₫,1
83510K12V00ZD,Ốp sàn bên phải *NH411M*,HONDA,Phụ tùng Honda tiêu chuẩn,150.000 ₫,1
83510K12V00ZH,Ốp sàn bên phải *NHA96P*,HONDA,Phụ tùng Honda tiêu chuẩn,173.000 ₫,1
83510K12V00ZL,Ốp sàn bên phải *R350C*,HONDA,Phụ tùng Honda tiêu chuẩn,173.000 ₫,1
83510K1NV00ZG,Bộ ốp sườn phải *PB410*,HONDA,Phụ tùng Honda tiêu chuẩn,766.000 ₫,1
83510K1NV60ZE,Bộ ốp sườn phải *NHC60*,HONDA,Phụ tùng Honda tiêu chuẩn,797.000 ₫,1
83510K1NVA0ZC,BỘ ỐP SƯỜN PHẢI *NHB18M*,HONDA,Phụ tùng Honda tiêu chuẩn,780.000 ₫,1
83510K2TV00ZB,Ốp sàn bên phải *PB426P*,HONDA,Phụ tùng Honda tiêu chuẩn,204.000 ₫,1
83510K73V40ZB,Ốp đuôi sau *R350C*,HONDA,Phụ tùng Honda tiêu chuẩn,88.000 ₫,1
83510K73V40ZF,Ốp đuôi sau *NHA76M*,HONDA,Phụ tùng Honda tiêu chuẩn,88.000 ₫,1
83510K73V40ZL,ỐP ĐUÔI SAU *NH193P*,HONDA,Phụ tùng Honda tiêu chuẩn,113.000 ₫,1
83510K73V40ZN,Ốp đuôi xe *NHC34*,HONDA,Phụ tùng Honda tiêu chuẩn,91.000 ₫,1
83510K73V40ZQ,ỐP ĐUÔI SAU *PB421M*,HONDA,Phụ tùng Honda tiêu chuẩn,82.000 ₫,1
83510K89V00ZA,Ốp đuôi sau *R263*,HONDA,Phụ tùng Honda tiêu chuẩn,87.000 ₫,1
83510K89V00ZB,Ốp đuôi sau *NHB55P*,HONDA,Phụ tùng Honda tiêu chuẩn,87.000 ₫,1
83510K89V00ZC,Ốp đuôi sau *NHB25M*,HONDA,Phụ tùng Honda tiêu chuẩn,87.000 ₫,1
83510K89V00ZE,Ốp đuôi sau *B203M*,HONDA,Phụ tùng Honda tiêu chuẩn,87.000 ₫,1
83510K89V00ZS,Ốp đuôi sau *PB421M*,HONDA,Phụ tùng Honda tiêu chuẩn,87.000 ₫,1
83510KEV900YB,ốp đuôi sau *R263*,HONDA,Phụ tùng Honda tiêu chuẩn,104.000 ₫,1
83510KEV900YK,ốp đuôi sau *PB141P*,HONDA,Phụ tùng Honda tiêu chuẩn,104.000 ₫,1
83510KFL890ZA,Ốp đuôi sau *B154M*,HONDA,Phụ tùng Honda tiêu chuẩn,59.000 ₫,1
83510KPH700ZC,ốp đuôi sau *NH411M*,HONDA,Phụ tùng Honda tiêu chuẩn,71.000 ₫,1
83510KPH700ZJ,ốp đuôi sau *R313C*,HONDA,Phụ tùng Honda tiêu chuẩn,71.000 ₫,2
83510KPH700ZN,ốp đuôi sau *R315P*,HONDA,Phụ tùng Honda tiêu chuẩn,71.000 ₫,1
83510KTL640YA,ốp đuôi sau *R313C*,HONDA,Phụ tùng Honda tiêu chuẩn,54.000 ₫,1
83510KTL640YJ,ốp đuôi sau *B203M*,HONDA,Phụ tùng Honda tiêu chuẩn,50.000 ₫,1
83510KTL640YN,ốp đuôi sau*NHB55P*,HONDA,Phụ tùng Honda tiêu chuẩn,50.000 ₫,1
83510KTL640YP,ốp đuôi sau*NHB25M*,HONDA,Phụ tùng Honda tiêu chuẩn,50.000 ₫,1
83510KTL640YR,Ốp đuôi sau *YR322C*,HONDA,Phụ tùng Honda tiêu chuẩn,48.000 ₫,1
83510KTL640ZA,ốp đuôi sau *BG132M*,HONDA,Phụ tùng Honda tiêu chuẩn,53.000 ₫,1
83510KTL640ZC,ốp đuôi sau *R263*,HONDA,Phụ tùng Honda tiêu chuẩn,50.000 ₫,2
83510KTL640ZG,ốp đuôi sau *NHA69P*,HONDA,Phụ tùng Honda tiêu chuẩn,50.000 ₫,1
83510KTL640ZS,ốp đuôi sau *PB373M*,HONDA,Phụ tùng Honda tiêu chuẩn,54.000 ₫,1
83510KVG900ZA,Bộ tấm ốp đuôi đèn sau s/s,HONDA,Phụ tùng Honda tiêu chuẩn,68.000 ₫,1
83510KVGV40,Bộ nắp ốp đèn soi biển số,HONDA,Phụ tùng Honda tiêu chuẩn,48.000 ₫,1
83510KVRV80ZC,ốp đuôi sau *PB383M*,HONDA,Phụ tùng Honda tiêu chuẩn,87.000 ₫,1
83510KYZ900ZM,ốp đuôi sau *PB373M*,HONDA,Phụ tùng Honda tiêu chuẩn,138.000 ₫,1
83510KYZ900ZN,ỐP ĐUÔI SAU *NHB35P*,HONDA,Phụ tùng Honda tiêu chuẩn,138.000 ₫,1
83510KYZ900ZP,ốp đuôi sau *NHB25M*,HONDA,Phụ tùng Honda tiêu chuẩn,134.000 ₫,2
83510KYZ900ZQ,ốp đuôi sau *R340C*,HONDA,Phụ tùng Honda tiêu chuẩn,134.000 ₫,1
83510KYZ900ZS,ốp đuôi sau *NHA62M*,HONDA,Phụ tùng Honda tiêu chuẩn,134.000 ₫,1
83510KYZ900ZU,Ốp đuôi sau *PB389M*,HONDA,Phụ tùng Honda tiêu chuẩn,134.000 ₫,1
83511K12V00ZA,Ốp để chân phải *NH1*,HONDA,Phụ tùng Honda tiêu chuẩn,39.000 ₫,1
83511K2TV00ZA,Ốp để chân sau phải *NH1*,HONDA,Phụ tùng Honda tiêu chuẩn,39.000 ₫,1
83520K0RV00,Trang trí đuôi đèn sau,HONDA,Phụ tùng Honda tiêu chuẩn,301.000 ₫,1
83520K12900ZA,Ốp trung tâm bên phải *YR321R*,HONDA,Phụ tùng Honda tiêu chuẩn,50.000 ₫,1
83520K12900ZB,Ốp trung tâm bên phải *YR286R*,HONDA,Phụ tùng Honda tiêu chuẩn,53.000 ₫,1
83520K12900ZC,Ốp trung tâm bên phải *NH1*,HONDA,Phụ tùng Honda tiêu chuẩn,41.000 ₫,1
83520K29900ZA,Ốp dưới sườn phải*YR286R*,HONDA,Phụ tùng Honda tiêu chuẩn,61.000 ₫,1
83520K29900ZC,Ốp dưới sườn phải*NH1*,HONDA,Phụ tùng Honda tiêu chuẩn,61.000 ₫,4
83520K2CV00ZA,Ốp sàn phải *R350C*,HONDA,Phụ tùng Honda tiêu chuẩn,182.000 ₫,1
83520K2CV00ZD,Ốp sàn phải *NHB35P*,HONDA,Phụ tùng Honda tiêu chuẩn,182.000 ₫,1
83520K2CV00ZE,Bộ ốp sàn phải,HONDA,Phụ tùng Honda tiêu chuẩn,148.000 ₫,2
83520K2CV00ZH,Ốp sàn phải *NHC34M*,HONDA,Phụ tùng Honda tiêu chuẩn,182.000 ₫,1
83520K2CV00ZJ,Ốp sàn phải *PB425M*,HONDA,Phụ tùng Honda tiêu chuẩn,182.000 ₫,1
83520K2CV00ZK,Ốp sàn phải *PB426M*,HONDA,Phụ tùng Honda tiêu chuẩn,182.000 ₫,2
83520K2CV00ZL,Ốp sàn bên phải *R368C*,HONDA,Phụ tùng Honda tiêu chuẩn,182.000 ₫,1
83520K2CV00ZM,Ốp sàn bên phải *PB434M*,HONDA,Phụ tùng Honda tiêu chuẩn,182.000 ₫,1
83520K2CV00ZN,Ốp sàn bên phải *NHC60P*,HONDA,Phụ tùng Honda tiêu chuẩn,182.000 ₫,1
83520K2CV00ZP,ỐP SÀN PHẢI *YR381M*,HONDA,Phụ tùng Honda tiêu chuẩn,182.000 ₫,1
83520K2CV00ZQ,ỐP SÀN PHẢI *PB421M*,HONDA,Phụ tùng Honda tiêu chuẩn,182.000 ₫,1
83520K44V00ZA,Bộ ốp sàn bên phải *YR320M*,HONDA,Phụ tùng Honda tiêu chuẩn,248.000 ₫,1
83520K44V00ZC,Bộ ốp sàn bên phải *R350C*,HONDA,Phụ tùng Honda tiêu chuẩn,248.000 ₫,3
83520K44V00ZD,Bộ ốp sàn bên phải *PB390M*,HONDA,Phụ tùng Honda tiêu chuẩn,248.000 ₫,1
83520K44V00ZE,Bộ ốp sàn bên phải *NHB35P*,HONDA,Phụ tùng Honda tiêu chuẩn,248.000 ₫,1
83520K44V00ZF,Bộ ốp sàn bên phải *NHB25M*,HONDA,Phụ tùng Honda tiêu chuẩn,248.000 ₫,1
83520K44V00ZG,Bộ ốp sàn bên phải *R340C*,HONDA,Phụ tùng Honda tiêu chuẩn,248.000 ₫,2
83520K44V00ZH,Bộ ốp sàn bên phải *NH411M*,HONDA,Phụ tùng Honda tiêu chuẩn,248.000 ₫,1
83520K44V00ZJ,Bộ ốp sàn phải *NHA76M*,HONDA,Phụ tùng Honda tiêu chuẩn,181.000 ₫,1
83520K44V00ZK,Bộ ốp sàn phải *RP197M*,HONDA,Phụ tùng Honda tiêu chuẩn,176.000 ₫,1
83520K44V00ZT,Bộ ốp sàn phải *Y229P*,HONDA,Phụ tùng Honda tiêu chuẩn,181.000 ₫,1
83520K44V00ZV,ốp sàn cạnh phải *NHB55P*,HONDA,Phụ tùng Honda tiêu chuẩn,181.000 ₫,1
83520K44V00ZW,Bộ ốp sàn phải *G209P*,HONDA,Phụ tùng Honda tiêu chuẩn,181.000 ₫,1
83520K44V00ZX,Bộ ốp sàn phải *PB420M*,HONDA,Phụ tùng Honda tiêu chuẩn,181.000 ₫,2
83520K56N10,Nắp đèn hậu,HONDA,Phụ tùng Honda tiêu chuẩn,36.000 ₫,1
83520K56V50,Nắp đèn hậu phải,HONDA,Phụ tùng Honda tiêu chuẩn,37.000 ₫,1
83520KVB900ZA,ốp sườn cạnh phải *NH1*,HONDA,Phụ tùng Honda tiêu chuẩn,59.000 ₫,1
83520KZLE00ZA,Ốp nhựa sàn bên phải *NH411M*,HONDA,Phụ tùng Honda tiêu chuẩn,292.000 ₫,1
83520KZLE00ZC,Ốp sàn bên phải *R350C*,HONDA,Phụ tùng Honda tiêu chuẩn,292.000 ₫,1
83520KZLE00ZF,Ốp sàn bên phải *PB390M*,HONDA,Phụ tùng Honda tiêu chuẩn,292.000 ₫,1
83520KZLE00ZG,Ốp sàn bên phải *NHB35P*,HONDA,Phụ tùng Honda tiêu chuẩn,292.000 ₫,1
83521GGE900,Nắp ốp trung tâm phải,HONDA,Phụ tùng Honda tiêu chuẩn,10.000 ₫,1
83525K56V50,Nắp đèn hậu trái,HONDA,Phụ tùng Honda tiêu chuẩn,37.000 ₫,1
83530K0RV00ZA,Ốp đuôi sau trên *R368C*,HONDA,Phụ tùng Honda tiêu chuẩn,167.000 ₫,1
83530K0RV00ZD,Ốp đuôi sau trên *NHB35P*,HONDA,Phụ tùng Honda tiêu chuẩn,176.000 ₫,1
83530K0RV00ZE,Ốp đuôi sau trên *NHB25M*,HONDA,Phụ tùng Honda tiêu chuẩn,176.000 ₫,1
83550K12V20ZD,Bộ ốp sườn phải *R350C*,HONDA,Phụ tùng Honda tiêu chuẩn,262.000 ₫,1
83550K12V40ZA,Bộ ốp sườn phải *NHA76M*,HONDA,Phụ tùng Honda tiêu chuẩn,390.000 ₫,1
83550K1FV00ZD,Bộ ốp thân bên phải *R368*,HONDA,Phụ tùng Honda tiêu chuẩn,406.000 ₫,1
83550K1GV00ZC,Bộ ốp thân bên phải *R340*,HONDA,Phụ tùng Honda tiêu chuẩn,444.000 ₫,1
83550K1GV10ZA,Bộ ốp thân bên phải *NHA76M*,HONDA,Phụ tùng Honda tiêu chuẩn,444.000 ₫,2
83550K1GV30ZA,Bộ ốp thân bên phải *NHB35*,HONDA,Phụ tùng Honda tiêu chuẩn,392.000 ₫,1
83550K27V00ZG,BỘ ỐP SƯỜN PHẢI *NHB35*,HONDA,Phụ tùng Honda tiêu chuẩn,427.000 ₫,1
83550K27V10ZB,Bộ ốp sườn phải *Y208*,HONDA,Phụ tùng Honda tiêu chuẩn,567.000 ₫,1
83550K27V10ZC,Bộ ốp sườn phải *R340X*,HONDA,Phụ tùng Honda tiêu chuẩn,567.000 ₫,1
83550K27V60ZA,Bộ ốp sườn phải*NHA62B*,HONDA,Phụ tùng Honda tiêu chuẩn,435.000 ₫,1
83550K27V60ZC,Bộ ốp sườn phải*NHA62X*,HONDA,Phụ tùng Honda tiêu chuẩn,426.000 ₫,1
83550K2SV00ZA,BỘ ỐP SƯỜN TRÁI *NHC60P*,HONDA,Phụ tùng Honda tiêu chuẩn,630.000 ₫,1
83550K2TV20ZA,Bộ ốp sườn phải *NHB18*,HONDA,Phụ tùng Honda tiêu chuẩn,324.000 ₫,1
83550K2VN50ZB,Bộ ốp sườn trái *PB406M*,HONDA,Phụ tùng Honda tiêu chuẩn,723.000 ₫,1
83550K2ZV10ZA,Bộ ốp sườn phải *NHC34*,HONDA,Phụ tùng Honda tiêu chuẩn,393.000 ₫,1
83550K66V00ZA,BỘ ỐP SƯỜN PHẢI *YR322C*,HONDA,Phụ tùng Honda tiêu chuẩn,459.000 ₫,1
83550K66V00ZB,Bộ ốp sườn phải *NHB35P*,HONDA,Phụ tùng Honda tiêu chuẩn,450.000 ₫,1
83550K66V00ZD,Bộ ốp sườn phải *R340C*,HONDA,Phụ tùng Honda tiêu chuẩn,459.000 ₫,1
83550K66V10ZB,Bộ ốp sườn phải *NHB35P*,HONDA,Phụ tùng Honda tiêu chuẩn,459.000 ₫,5
83550K66V10ZC,Bộ ốp sườn phải *PB390M*,HONDA,Phụ tùng Honda tiêu chuẩn,459.000 ₫,1
83550K66V20ZE,Bộ ốp sườn phải *NHB74M*,HONDA,Phụ tùng Honda tiêu chuẩn,412.000 ₫,1
83550K66VE0ZC,Bộ ốp sườn phải *NHA62*,HONDA,Phụ tùng Honda tiêu chuẩn,378.000 ₫,1
83550K66VF0ZG,Bộ ốp sườn phải *R340C*,HONDA,Phụ tùng Honda tiêu chuẩn,413.000 ₫,1
83550K66VH0ZA,BỘ ỐP SƯỜN PHẢI *Y219M*,HONDA,Phụ tùng Honda tiêu chuẩn,413.000 ₫,1
83550K66VP0ZB,Bộ ốp sườn phải *NHB25M*,HONDA,Phụ tùng Honda tiêu chuẩn,410.000 ₫,1
83550K66VP0ZD,Bộ ốp sườn phải *R340C*,HONDA,Phụ tùng Honda tiêu chuẩn,401.000 ₫,1
83550KFL890ZA,ốp cốp phải *NH146M*,HONDA,Phụ tùng Honda tiêu chuẩn,53.000 ₫,1
83550KVG950ZA,Bộ ốp sườn phải *NHA69P*,HONDA,Phụ tùng Honda tiêu chuẩn,382.000 ₫,1
83550KVG950ZB,Bộ ốp sườn phải *NHA96P*,HONDA,Phụ tùng Honda tiêu chuẩn,382.000 ₫,1
83550KVGV00ZA,Bộ ốp sườn bên phải *PB383M*,HONDA,Phụ tùng Honda tiêu chuẩn,404.000 ₫,1
83550KVGV20ZA,Bộ ốp sườn bên phải *NHA69P*,HONDA,Phụ tùng Honda tiêu chuẩn,452.000 ₫,1
83550KVGV20ZC,Bộ ốp sườn bên phải *R313C*,HONDA,Phụ tùng Honda tiêu chuẩn,461.000 ₫,1
83550KVGV40ZC,Bộ ốp sườn phải *NHB25M*,HONDA,Phụ tùng Honda tiêu chuẩn,416.000 ₫,1
83550KVGV80ZB,Bộ ốp sườn phải *NHB35K*,HONDA,Phụ tùng Honda tiêu chuẩn,572.000 ₫,1
83600K0RV00ZC,Bộ ốp sườn trái *R368*,HONDA,Phụ tùng Honda tiêu chuẩn,740.000 ₫,1
83600K0RV00ZD,Bộ ốp sườn trái *NHB35*,HONDA,Phụ tùng Honda tiêu chuẩn,740.000 ₫,1
83600K0RV20ZE,Bộ ốp sườn trái *R368C*,HONDA,Phụ tùng Honda tiêu chuẩn,875.000 ₫,1
83600K0SV00ZC,Bộ ốp sườn trái *R368*,HONDA,Phụ tùng Honda tiêu chuẩn,789.000 ₫,1
83600K0SV00ZD,Bộ ốp sườn trái *NHB35*,HONDA,Phụ tùng Honda tiêu chuẩn,789.000 ₫,1
83600K0SV00ZE,Bộ ốp sườn trái *NHB25*,HONDA,Phụ tùng Honda tiêu chuẩn,789.000 ₫,1
83600K12900ZC,Ốp sườn trái *YR-299P*,HONDA,Phụ tùng Honda tiêu chuẩn,264.000 ₫,1
83600K12900ZD,Ốp sườn trái *R-350C*,HONDA,Phụ tùng Honda tiêu chuẩn,264.000 ₫,1
83600K12900ZH,Ốp sườn trái *NH-B25M*,HONDA,Phụ tùng Honda tiêu chuẩn,258.000 ₫,1
83600K12900ZM,Ốp sườn trái *Y183M*,HONDA,Phụ tùng Honda tiêu chuẩn,239.000 ₫,1
83600K12900ZP,Ốp sườn trái *NHB18M*,HONDA,Phụ tùng Honda tiêu chuẩn,258.000 ₫,1
83600K27V00ZB,Ốp sườn trái *NHB25M*,HONDA,Phụ tùng Honda tiêu chuẩn,272.000 ₫,1
83600KRS860ZG,Bộ ốp đuôi sau *B142P*,HONDA,Phụ tùng Honda tiêu chuẩn,111.000 ₫,1
83600KRS900ZC,BỘ ỐP ĐUÔI SAU *PB305P*,HONDA,Phụ tùng Honda tiêu chuẩn,111.000 ₫,1
83600KRS900ZD,Bộ ốp đuôi sau *R203M*,HONDA,Phụ tùng Honda tiêu chuẩn,111.000 ₫,1
83600KRSV50ZA,Bộ ốp đuôi sau *B142P*,HONDA,Phụ tùng Honda tiêu chuẩn,111.000 ₫,1
83600KTL790ZB,Bộ ốp đuôi sau *Y106*,HONDA,Phụ tùng Honda tiêu chuẩn,111.000 ₫,1
83600KVG950ZA,ốp sườn trái *NHA69P*,HONDA,Phụ tùng Honda tiêu chuẩn,307.000 ₫,1
83600KVL900ZF,Bộ ốp đuôi sau s/s,HONDA,Phụ tùng Honda tiêu chuẩn,90.000 ₫,1
83600KVL900ZJ,Bộ ốp đuôi sau *NHA62M*,HONDA,Phụ tùng Honda tiêu chuẩn,90.000 ₫,1
83600KVLV00ZB,Bộ ốp đuôi sau *NHA69P*,HONDA,Phụ tùng Honda tiêu chuẩn,91.000 ₫,1
83600KZL930YM,Ốp sườn trái *R350C*,HONDA,Phụ tùng Honda tiêu chuẩn,358.000 ₫,1
83603K12900ZG,Bộ ốp giữa đuôi sau *R350*,HONDA,Phụ tùng Honda tiêu chuẩn,244.000 ₫,1
83603K12900ZK,Bộ ốp giữa đuôi sau *NHB25M*,HONDA,Phụ tùng Honda tiêu chuẩn,244.000 ₫,1
83603K12960ZC,Bộ ốp giữa đuôi sau *NHB18M*,HONDA,Phụ tùng Honda tiêu chuẩn,191.000 ₫,1
83603K12960ZD,Bộ ốp giữa đuôi sau *YR299P*,HONDA,Phụ tùng Honda tiêu chuẩn,191.000 ₫,1
83603K12V20ZC,Bộ ốp giữa đuôi sau *R350C*,HONDA,Phụ tùng Honda tiêu chuẩn,111.000 ₫,1
83605K2CV00ZB,Bộ ốp sườn trái *NHB35*,HONDA,Phụ tùng Honda tiêu chuẩn,336.000 ₫,2
83605K2CV00ZC,Bộ ốp sườn trái *PB426*,HONDA,Phụ tùng Honda tiêu chuẩn,336.000 ₫,2
83605K2CV00ZD,Bộ ốp sườn trái *PB425*,HONDA,Phụ tùng Honda tiêu chuẩn,336.000 ₫,1
83605K2CV00ZE,Bộ ốp sườn trái *NHA76*,HONDA,Phụ tùng Honda tiêu chuẩn,336.000 ₫,1
83605K2CV00ZF,Bộ ốp sườn trái *R350*,HONDA,Phụ tùng Honda tiêu chuẩn,336.000 ₫,1
83605K2CV30ZA,Bộ ốp sườn trái *NHC34M*,HONDA,Phụ tùng Honda tiêu chuẩn,344.000 ₫,1
83605K2CV30ZB,Bộ ốp sườn trái *NHA76M*,HONDA,Phụ tùng Honda tiêu chuẩn,344.000 ₫,1
83605K2CVA0ZC,Bộ ốp sườn trái *NHB25M*,HONDA,Phụ tùng Honda tiêu chuẩn,336.000 ₫,1
83605K2CVF0ZB,Bộ ốp sườn trái *NHA76M*,HONDA,Phụ tùng Honda tiêu chuẩn,344.000 ₫,1
83605K2CVF0ZC,Bộ ốp sườn trái *NHC60P*,HONDA,Phụ tùng Honda tiêu chuẩn,344.000 ₫,2
83605K2CVK0ZC,BỘ ỐP SƯỜN TRÁI *NHD01P*,HONDA,Phụ tùng Honda tiêu chuẩn,336.000 ₫,1
83605K2CVM0ZA,BỘ ỐP SƯỜN TRÁI *NHC60P*,HONDA,Phụ tùng Honda tiêu chuẩn,344.000 ₫,2
83605K44V00ZE,Ốp sườn trái *R350*,HONDA,Phụ tùng Honda tiêu chuẩn,345.000 ₫,1
83605K44V00ZG,Ốp sườn trái *R340*,HONDA,Phụ tùng Honda tiêu chuẩn,345.000 ₫,1
83605K44V00ZL,Ốp sườn trái *NH411*,HONDA,Phụ tùng Honda tiêu chuẩn,359.000 ₫,1
83605K44V00ZM,Ốp sườn trái *YR320*,HONDA,Phụ tùng Honda tiêu chuẩn,359.000 ₫,1
83605K44V30ZA,Bộ ốp sườn trái *NHA76M*,HONDA,Phụ tùng Honda tiêu chuẩn,333.000 ₫,1
83605K44V60ZB,Bộ ốp sườn trái *R340C*,HONDA,Phụ tùng Honda tiêu chuẩn,345.000 ₫,1
83605K44V60ZE,Bộ ốp sườn trái *NHB35P*,HONDA,Phụ tùng Honda tiêu chuẩn,345.000 ₫,1
83605K44V80ZA,Bộ ốp sườn trái *NHB55P*,HONDA,Phụ tùng Honda tiêu chuẩn,333.000 ₫,1
83605K44V80ZE,Bộ ốp sườn trái *PB420P*,HONDA,Phụ tùng Honda tiêu chuẩn,333.000 ₫,1
83605K44V80ZJ,Bộ ốp sườn trái *NHB35P*,HONDA,Phụ tùng Honda tiêu chuẩn,333.000 ₫,1
83605K44V80ZK,Bộ ốp sườn trái *G209P*,HONDA,Phụ tùng Honda tiêu chuẩn,333.000 ₫,1
83605K44V80ZN,Bộ ốp sườn trái *R350C*,HONDA,Phụ tùng Honda tiêu chuẩn,333.000 ₫,1
83605K44V80ZP,Bộ ốp sườn trái *NHB55P*,HONDA,Phụ tùng Honda tiêu chuẩn,333.000 ₫,1
83605K44VE0ZC,Ốp sườn trái *Y229*,HONDA,Phụ tùng Honda tiêu chuẩn,325.000 ₫,1
83605K44VE0ZJ,Ốp sườn trái *NHB25*,HONDA,Phụ tùng Honda tiêu chuẩn,333.000 ₫,1
83605KZLE00ZD,Bộ ốp sườn trái *YR303*,HONDA,Phụ tùng Honda tiêu chuẩn,573.000 ₫,1
83605KZLE00ZE,Bộ ốp sườn trái *NHB35*,HONDA,Phụ tùng Honda tiêu chuẩn,573.000 ₫,1
83605KZLE00ZF,Bộ ốp sườn trái *NHA69*,HONDA,Phụ tùng Honda tiêu chuẩn,573.000 ₫,1
83605KZLE80ZB,Bộ ốp sườn trái *R350B*,HONDA,Phụ tùng Honda tiêu chuẩn,479.000 ₫,1
83605KZLE80ZC,Bộ ốp sườn trái *NHB25B*,HONDA,Phụ tùng Honda tiêu chuẩn,490.000 ₫,1
83605KZLE80ZE,Bộ ốp sườn trái *NHB35*,HONDA,Phụ tùng Honda tiêu chuẩn,479.000 ₫,1
83610GGE900ZC,ốp sàn bên trái *R313C*,HONDA,Phụ tùng Honda tiêu chuẩn,144.000 ₫,1
83610K12900ZC,Ốp sàn bên trái *YR-299P*,HONDA,Phụ tùng Honda tiêu chuẩn,173.000 ₫,1
83610K12900ZD,Ốp sàn bên trái *R-350C*,HONDA,Phụ tùng Honda tiêu chuẩn,173.000 ₫,1
83610K12900ZG,Ốp sàn bên trái *NH-B35P*,HONDA,Phụ tùng Honda tiêu chuẩn,173.000 ₫,1
83610K12900ZH,Ốp sàn bên trái *NH-B25M*,HONDA,Phụ tùng Honda tiêu chuẩn,173.000 ₫,1
83610K12900ZM,Ốp sàn bên trái *Y183M*,HONDA,Phụ tùng Honda tiêu chuẩn,173.000 ₫,1
83610K12900ZP,Ốp sàn bên trái *NHB18M*,HONDA,Phụ tùng Honda tiêu chuẩn,168.000 ₫,1
83610K12V00ZC,Ốp sàn bên trái *PB403P*,HONDA,Phụ tùng Honda tiêu chuẩn,173.000 ₫,1
83610K12V00ZD,Ốp sàn bên trái *NH411M*,HONDA,Phụ tùng Honda tiêu chuẩn,150.000 ₫,1
83610K12V00ZH,Ốp sàn bên trái *NHA96P*,HONDA,Phụ tùng Honda tiêu chuẩn,173.000 ₫,1
83610K12V00ZJ,Ốp sàn bên trái *G209P*,HONDA,Phụ tùng Honda tiêu chuẩn,196.000 ₫,1
83610K12V00ZK,Ốp sàn trái,HONDA,Phụ tùng Honda tiêu chuẩn,173.000 ₫,1
83610K12V00ZL,Bộ ốp sườn trái *R350C*,HONDA,Phụ tùng Honda tiêu chuẩn,173.000 ₫,1
83610K1NV00ZD,Bộ ốp sườn trái *NHB35*,HONDA,Phụ tùng Honda tiêu chuẩn,766.000 ₫,1
83610K1NV00ZE,Bộ ốp sườn trái *NHB18*,HONDA,Phụ tùng Honda tiêu chuẩn,766.000 ₫,1
83610K1NV00ZG,Bộ ốp sườn trái *PB410*,HONDA,Phụ tùng Honda tiêu chuẩn,766.000 ₫,1
83610K1NVA0ZC,Bộ ốp sườn trái *NHB18M*,HONDA,Phụ tùng Honda tiêu chuẩn,780.000 ₫,1
83610K2TV00ZG,Ốp sàn bên trái *NHA76M*,HONDA,Phụ tùng Honda tiêu chuẩn,204.000 ₫,1
83611K12V00ZA,Ốp để chân trái *NH1*,HONDA,Phụ tùng Honda tiêu chuẩn,39.000 ₫,1
83620K12900ZA,Ốp trung tâm bên trái *YR321R*,HONDA,Phụ tùng Honda tiêu chuẩn,85.000 ₫,1
83620K12900ZB,Ốp trung tâm bên trái *YR286R*,HONDA,Phụ tùng Honda tiêu chuẩn,85.000 ₫,1
83620K12900ZC,Ốp trung tâm bên trái *NH1*,HONDA,Phụ tùng Honda tiêu chuẩn,85.000 ₫,1
83620K29900ZA,Ốp dưới sườn trái*YR286R*,HONDA,Phụ tùng Honda tiêu chuẩn,61.000 ₫,1
83620K29900ZC,Ốp dưới sườn trái*NH1*,HONDA,Phụ tùng Honda tiêu chuẩn,61.000 ₫,1
83620K2CV00ZA,Ốp sàn trái *R350C*,HONDA,Phụ tùng Honda tiêu chuẩn,182.000 ₫,2
83620K2CV00ZE,Bộ ốp sàn trái,HONDA,Phụ tùng Honda tiêu chuẩn,148.000 ₫,2
83620K2CV00ZF,Ốp sàn trái *NHA76M*,HONDA,Phụ tùng Honda tiêu chuẩn,182.000 ₫,2
83620K2CV00ZH,Ốp sàn trái *NHC34M*,HONDA,Phụ tùng Honda tiêu chuẩn,182.000 ₫,1
83620K2CV00ZJ,Ốp sàn trái *PB425M*,HONDA,Phụ tùng Honda tiêu chuẩn,182.000 ₫,1
83620K2CV00ZK,Ốp sàn trái *PB426M*,HONDA,Phụ tùng Honda tiêu chuẩn,182.000 ₫,1
83620K2CV00ZL,Ốp sàn bên trái *R368C*,HONDA,Phụ tùng Honda tiêu chuẩn,182.000 ₫,1
83620K2CV00ZM,Ốp sàn bên trái *PB434M*,HONDA,Phụ tùng Honda tiêu chuẩn,182.000 ₫,1
83620K44V00ZA,Bộ ốp sàn bên trái *YR320M*,HONDA,Phụ tùng Honda tiêu chuẩn,248.000 ₫,1
83620K44V00ZB,Bộ ốp sàn bên trái *YR317M*,HONDA,Phụ tùng Honda tiêu chuẩn,248.000 ₫,1
83620K44V00ZD,Bộ ốp sàn bên trái *PB390M*,HONDA,Phụ tùng Honda tiêu chuẩn,248.000 ₫,1
83620K44V00ZE,Bộ ốp sàn bên trái *NHB35P*,HONDA,Phụ tùng Honda tiêu chuẩn,248.000 ₫,1
83620K44V00ZF,Bộ ốp sàn bên trái *NHB25M*,HONDA,Phụ tùng Honda tiêu chuẩn,248.000 ₫,1
83620K44V00ZG,Bộ ốp sàn bên trái *R340C*,HONDA,Phụ tùng Honda tiêu chuẩn,248.000 ₫,3
83620K44V00ZH,Bộ ốp sàn bên trái *NH411M*,HONDA,Phụ tùng Honda tiêu chuẩn,248.000 ₫,1
83620K44V00ZJ,Bộ ốp sàn trái *NHA76M*,HONDA,Phụ tùng Honda tiêu chuẩn,181.000 ₫,1
83620K44V00ZT,Bộ ốp sàn bên trái *Y229P*,HONDA,Phụ tùng Honda tiêu chuẩn,181.000 ₫,1
83620K44V00ZV,Bộ ốp sàn trái *NHB55P*,HONDA,Phụ tùng Honda tiêu chuẩn,181.000 ₫,1
83620K44V00ZW,Bộ ốp sàn trái *G209P*,HONDA,Phụ tùng Honda tiêu chuẩn,181.000 ₫,1
83620K44V00ZX,Bộ ốp sàn trái *PB420M*,HONDA,Phụ tùng Honda tiêu chuẩn,181.000 ₫,1
83620KVB900ZA,ốp sườn cạnh trái *NH1*,HONDA,Phụ tùng Honda tiêu chuẩn,68.000 ₫,1
83620KZLE00ZA,ốp nhựa sàn bên trái *NH411M*,HONDA,Phụ tùng Honda tiêu chuẩn,282.000 ₫,1
83620KZLE00ZB,Ốp sàn bên trái *YR303M*,HONDA,Phụ tùng Honda tiêu chuẩn,282.000 ₫,1
83620KZLE00ZC,Ốp sàn bên trái *R350C*,HONDA,Phụ tùng Honda tiêu chuẩn,282.000 ₫,1
83620KZLE00ZD,Ốp sàn bên trái *NHA69P*,HONDA,Phụ tùng Honda tiêu chuẩn,282.000 ₫,1
83620KZLE00ZF,Ốp sàn bên trái *PB390M*,HONDA,Phụ tùng Honda tiêu chuẩn,282.000 ₫,1
83620KZLE00ZG,Ốp sàn bên trái *NHB35P*,HONDA,Phụ tùng Honda tiêu chuẩn,282.000 ₫,1
83631K1NV00,Nắp ốp xi nhan sau trái,HONDA,Phụ tùng Honda tiêu chuẩn,330.000 ₫,1
83650K12V20ZB,Bộ ốp sườn trái *YR299P*,HONDA,Phụ tùng Honda tiêu chuẩn,313.000 ₫,1
83650K12V20ZD,Bộ ốp sườn trái *R350C*,HONDA,Phụ tùng Honda tiêu chuẩn,262.000 ₫,1
83650K1FV00ZE,Bộ ốp thân bên trái *PB421*,HONDA,Phụ tùng Honda tiêu chuẩn,406.000 ₫,1
83650K1GV00ZC,Bộ ốp thân bên trái *R340*,HONDA,Phụ tùng Honda tiêu chuẩn,444.000 ₫,1
83650K1GV30ZA,Bộ ốp thân bên trái *NHB35*,HONDA,Phụ tùng Honda tiêu chuẩn,392.000 ₫,1
83650K27V00ZG,BỘ ỐP SƯỜN TRÁI *NHB35*,HONDA,Phụ tùng Honda tiêu chuẩn,418.000 ₫,1
83650K27V10ZB,Bộ ốp sườn trái *Y208*,HONDA,Phụ tùng Honda tiêu chuẩn,567.000 ₫,1
83650K27V10ZC,Bộ ốp sườn trái *R340X*,HONDA,Phụ tùng Honda tiêu chuẩn,567.000 ₫,1
83650K27V20ZB,Bộ ốp sườn trái *Y219*,HONDA,Phụ tùng Honda tiêu chuẩn,700.000 ₫,1
83650K27V60ZC,Bộ ốp sườn trái*NHA62X*,HONDA,Phụ tùng Honda tiêu chuẩn,426.000 ₫,1
83650K66V00ZA,BỘ ỐP SƯỜN TRÁI *YR322C*,HONDA,Phụ tùng Honda tiêu chuẩn,459.000 ₫,1
83650K66V00ZB,Bộ ốp sườn trái *NHB35P*,HONDA,Phụ tùng Honda tiêu chuẩn,450.000 ₫,1
83650K66V00ZD,Bộ ốp sườn trái *R340C*,HONDA,Phụ tùng Honda tiêu chuẩn,459.000 ₫,1
83650K66V10ZA,Bộ ốp sườn trái *NHB25M*,HONDA,Phụ tùng Honda tiêu chuẩn,459.000 ₫,1
83650K66V10ZB,Bộ ốp sườn trái *NHB35P*,HONDA,Phụ tùng Honda tiêu chuẩn,459.000 ₫,1
83650K66V10ZC,Bộ ốp sườn trái *PB390M*,HONDA,Phụ tùng Honda tiêu chuẩn,459.000 ₫,1
83650K66V20ZE,Bộ ốp sườn trái *NHB74M*,HONDA,Phụ tùng Honda tiêu chuẩn,412.000 ₫,1
83650K66V20ZF,Bộ ốp sườn trái *NHB51M*,HONDA,Phụ tùng Honda tiêu chuẩn,412.000 ₫,1
83650K66VE0ZC,Bộ ốp sườn trái *NHA62*,HONDA,Phụ tùng Honda tiêu chuẩn,378.000 ₫,1
83650K66VE0ZE,Bộ ốp sườn trái *R340*,HONDA,Phụ tùng Honda tiêu chuẩn,378.000 ₫,1
83650K66VF0ZG,Bộ ốp sườn trái *R340C*,HONDA,Phụ tùng Honda tiêu chuẩn,413.000 ₫,1
83650K66VH0ZA,BỘ ỐP SƯỜN TRÁI *Y219M*,HONDA,Phụ tùng Honda tiêu chuẩn,413.000 ₫,1
83650K66VN0ZD,Bộ ốp sườn trái *R340C*,HONDA,Phụ tùng Honda tiêu chuẩn,404.000 ₫,1
83650K66VP0ZB,Bộ ốp sườn trái *NHB25M*,HONDA,Phụ tùng Honda tiêu chuẩn,401.000 ₫,1
83650K66VP0ZD,Bộ ốp sườn trái *R340C*,HONDA,Phụ tùng Honda tiêu chuẩn,410.000 ₫,1
83650K97V00ZG,Bộ ốp sườn trái *PB410P*,HONDA,Phụ tùng Honda tiêu chuẩn,610.000 ₫,1
83650KFL890ZA,ốp cốp trái *NH146M*,HONDA,Phụ tùng Honda tiêu chuẩn,53.000 ₫,1
83650KVG950ZA,Bộ ốp sườn trái *NHA69P*,HONDA,Phụ tùng Honda tiêu chuẩn,382.000 ₫,1
83650KVG950ZB,Bộ ốp sườn trái *NHA96P*,HONDA,Phụ tùng Honda tiêu chuẩn,382.000 ₫,1
83650KVG950ZC,Bộ ốp sườn trái *R313C*,HONDA,Phụ tùng Honda tiêu chuẩn,382.000 ₫,1
83650KVGV20ZA,Bộ ốp sườn bên trái *NHA69P*,HONDA,Phụ tùng Honda tiêu chuẩn,452.000 ₫,1
83650KVGV20ZC,Bộ ốp sườn bên trái *R313C*,HONDA,Phụ tùng Honda tiêu chuẩn,461.000 ₫,1
83650KVGV40ZC,Bộ ốp sườn trái *NHB25M*,HONDA,Phụ tùng Honda tiêu chuẩn,416.000 ₫,1
83650KVGV60ZB,Bộ ốp sườn trái *Y209*,HONDA,Phụ tùng Honda tiêu chuẩn,797.000 ₫,1
83650KVGV80ZC,Bộ ốp sườn trái *NHB25K*,HONDA,Phụ tùng Honda tiêu chuẩn,572.000 ₫,1
83700K29900ZG,Bộ ốp trung tâm sau*YR299*,HONDA,Phụ tùng Honda tiêu chuẩn,101.000 ₫,1
83700K2CV00ZA,Ốp giữa đuôi sau *R350C*,HONDA,Phụ tùng Honda tiêu chuẩn,102.000 ₫,1
83700K2CV00ZD,ỐP GIỮA ĐUÔI SAU *NHB35P*,HONDA,Phụ tùng Honda tiêu chuẩn,102.000 ₫,1
83700K2CV00ZE,Ốp đuôi sau trên *NHB25M*,HONDA,Phụ tùng Honda tiêu chuẩn,105.000 ₫,1
83700K2CV00ZF,Ốp giữa đuôi sau *NHA76M*,HONDA,Phụ tùng Honda tiêu chuẩn,102.000 ₫,1
83700K2CV00ZJ,Ốp giữa đuôi sau *PB425M*,HONDA,Phụ tùng Honda tiêu chuẩn,102.000 ₫,1
83700K2CV00ZK,ỐP GIỮA ĐUÔI SAU *PB426P*,HONDA,Phụ tùng Honda tiêu chuẩn,102.000 ₫,1
83700K2CV00ZN,Ốp đuôi sau trên *NHC60P*,HONDA,Phụ tùng Honda tiêu chuẩn,102.000 ₫,1
83700K44V00ZA,Bộ ốp trung tâm sau*YR320M*,HONDA,Phụ tùng Honda tiêu chuẩn,101.000 ₫,1
83700K44V00ZE,Bộ ốp trung tâm sau*NHB35P*,HONDA,Phụ tùng Honda tiêu chuẩn,104.000 ₫,1
83700K44V00ZF,Bộ ốp trung tâm sau*NHB25M*,HONDA,Phụ tùng Honda tiêu chuẩn,104.000 ₫,1
83700K44V00ZG,Bộ ốp trung tâm sau*R340C*,HONDA,Phụ tùng Honda tiêu chuẩn,104.000 ₫,1
83700K44V00ZJ,Bộ ốp trung tâm sau *NHA76M*,HONDA,Phụ tùng Honda tiêu chuẩn,104.000 ₫,1
83700K44V00ZV,BỘ ỐP TRUNG TÂM SAU *NHB55P*,HONDA,Phụ tùng Honda tiêu chuẩn,104.000 ₫,1
83700K44V00ZW,Bộ ốp trung tâm sau *G209P*,HONDA,Phụ tùng Honda tiêu chuẩn,104.000 ₫,1
83700K44V00ZX,Bộ ốp trung tâm sau *PB420M*,HONDA,Phụ tùng Honda tiêu chuẩn,101.000 ₫,1
83700KFL830ZB,Bộ ốp đuôi sau *PB171MU*,HONDA,Phụ tùng Honda tiêu chuẩn,118.000 ₫,1
83700KVG900,Trang trí sườn phải,HONDA,Phụ tùng Honda tiêu chuẩn,19.000 ₫,2
83700KVGB20,Trang trí sườn bên phải (CR),HONDA,Phụ tùng Honda tiêu chuẩn,308.000 ₫,1
83700KVGV20ZA,Trang trí sườn phải *NH411M*,HONDA,Phụ tùng Honda tiêu chuẩn,88.000 ₫,1
83700KVGV40ZB,ốp sườn phải trên *NHB24M*,HONDA,Phụ tùng Honda tiêu chuẩn,133.000 ₫,1
83700KVGV40ZE,Ốp sườn phải trên *NHA62M*,HONDA,Phụ tùng Honda tiêu chuẩn,130.000 ₫,1
83710KVGV20ZA,Bộ trang trí sườn bên phải *NH,HONDA,Phụ tùng Honda tiêu chuẩn,91.000 ₫,1
83750K29900ZC,Ốp A trung tâm sau*R340C*,HONDA,Phụ tùng Honda tiêu chuẩn,98.000 ₫,1
83750K29900ZF,Ốp A trung tâm sau*NHB35P*,HONDA,Phụ tùng Honda tiêu chuẩn,101.000 ₫,1
83750K29900ZG,Ốp A trung tâm sau*NHB25M*,HONDA,Phụ tùng Honda tiêu chuẩn,101.000 ₫,1
83750K29900ZM,Ốp A trung tâm sau*GY150P*,HONDA,Phụ tùng Honda tiêu chuẩn,98.000 ₫,1
83750K29900ZN,Ốp A trung tâm sau *NHB18M*,HONDA,Phụ tùng Honda tiêu chuẩn,98.000 ₫,1
83750K29900ZP,Ốp A trung tâm sau *R368C*,HONDA,Phụ tùng Honda tiêu chuẩn,98.000 ₫,1
83750KVG950ZD,ốp đuôi sau *PB383M*,HONDA,Phụ tùng Honda tiêu chuẩn,94.000 ₫,1
83750KVG950ZN,ốp đuôi sau *NHA69P*,HONDA,Phụ tùng Honda tiêu chuẩn,94.000 ₫,1
83750KVG950ZS,ốp đuôi sau *NHA96P*,HONDA,Phụ tùng Honda tiêu chuẩn,94.000 ₫,1
83750KVG950ZT,ốp đuôi sau *R313C*,HONDA,Phụ tùng Honda tiêu chuẩn,94.000 ₫,1
83751K1FV00ZK,Ốp đuôi đèn phía trên *NHB35P*,HONDA,Phụ tùng Honda tiêu chuẩn,85.000 ₫,1
83751K1NV00ZB,Ốp A trung tâm sau *PB410P*,HONDA,Phụ tùng Honda tiêu chuẩn,94.000 ₫,1
83751K27V00ZC,Bộ nắp trên đèn hậu *NHB35P*,HONDA,Phụ tùng Honda tiêu chuẩn,176.000 ₫,1
83751K2CV00ZA,Ốp dưới đuôi sau*NH1*,HONDA,Phụ tùng Honda tiêu chuẩn,22.000 ₫,3
83751K66V00ZB,Bộ nắp trên đèn hậu *R340C*,HONDA,Phụ tùng Honda tiêu chuẩn,99.000 ₫,1
83751K66V00ZC,Bộ nắp trên đèn hậu *PB390M*,HONDA,Phụ tùng Honda tiêu chuẩn,101.000 ₫,1
83751K66V00ZF,Bộ nắp trên đèn hậu *NHB35P*,HONDA,Phụ tùng Honda tiêu chuẩn,96.000 ₫,1
83751K66V00ZG,Bộ nắp trên đèn hậu *NHB25M*,HONDA,Phụ tùng Honda tiêu chuẩn,99.000 ₫,1
83751K66V00ZH,Bộ nắp trên đèn hậu *Y221M*,HONDA,Phụ tùng Honda tiêu chuẩn,98.000 ₫,1
83751K66V00ZJ,Bộ nắp trên đèn hậu *NHB83M*,HONDA,Phụ tùng Honda tiêu chuẩn,99.000 ₫,1
83751K66V00ZK,Bộ nắp trên đèn hậu *NHB56M*,HONDA,Phụ tùng Honda tiêu chuẩn,98.000 ₫,1
83751K66V00ZL,Nắp đèn hậu *NHA76M*,HONDA,Phụ tùng Honda tiêu chuẩn,99.000 ₫,1
83751K66V00ZM,Ốp đuôi đèn *NHB86M*,HONDA,Phụ tùng Honda tiêu chuẩn,96.000 ₫,1
83751K66V00ZN,Bộ nắp trên đèn hậu *NHA62M*,HONDA,Phụ tùng Honda tiêu chuẩn,96.000 ₫,1
83751K66V00ZP,Bộ nắp trên đèn hậu *B189C*,HONDA,Phụ tùng Honda tiêu chuẩn,96.000 ₫,1
83751K66V00ZQ,Bộ nắp trên đèn hậu *PB421M*,HONDA,Phụ tùng Honda tiêu chuẩn,96.000 ₫,1
83751KVGV40ZD,Ốp đuôi sau *NHB25M*,HONDA,Phụ tùng Honda tiêu chuẩn,76.000 ₫,1
83751KVGV40ZE,Ốp đuôi sau *NHA62M*,HONDA,Phụ tùng Honda tiêu chuẩn,76.000 ₫,1
83760K29900ZC,Ốp B trung tâm sau*R340C*,HONDA,Phụ tùng Honda tiêu chuẩn,98.000 ₫,1
83760K29900ZF,Ốp B trung tâm sau*NHB35P*,HONDA,Phụ tùng Honda tiêu chuẩn,98.000 ₫,1
83760K29900ZG,Ốp B trung tâm sau*NHB25M*,HONDA,Phụ tùng Honda tiêu chuẩn,101.000 ₫,1
83760K29900ZL,Ốp B trung tâm sau*GY150P*,HONDA,Phụ tùng Honda tiêu chuẩn,96.000 ₫,1
83760K29900ZM,Ốp B trung tâm sau *NHB18M*,HONDA,Phụ tùng Honda tiêu chuẩn,98.000 ₫,2
83760K29900ZN,Ốp B trung tâm sau *R368C*,HONDA,Phụ tùng Honda tiêu chuẩn,98.000 ₫,1
83760K66V00ZC,Bộ nắp đèn hậu *PB390M*,HONDA,Phụ tùng Honda tiêu chuẩn,161.000 ₫,1
83760K66V00ZE,Bộ nắp đèn hậu *NHB25M*,HONDA,Phụ tùng Honda tiêu chuẩn,154.000 ₫,1
83760K66V00ZG,Bộ nắp đèn hậu *NHA76M*,HONDA,Phụ tùng Honda tiêu chuẩn,154.000 ₫,1
83761K1NV00ZB,Ốp B trung tâm sau *PB410P*,HONDA,Phụ tùng Honda tiêu chuẩn,104.000 ₫,1
83800KVG900,Trang trí sườn trái,HONDA,Phụ tùng Honda tiêu chuẩn,19.000 ₫,1
83800KVGB20,Trang trí sườn bên trái (CR),HONDA,Phụ tùng Honda tiêu chuẩn,308.000 ₫,1
83800KVGV20ZA,Trang trí sườn trái *NH411M*,HONDA,Phụ tùng Honda tiêu chuẩn,61.000 ₫,1
83800KVGV40ZA,ốp sườn trái trên *R340C*,HONDA,Phụ tùng Honda tiêu chuẩn,133.000 ₫,1
83800KVGV40ZB,ốp sườn trái trên *NHB24M*,HONDA,Phụ tùng Honda tiêu chuẩn,133.000 ₫,1
83800KVGV40ZE,Ốp sườn trái trên *NHA62M*,HONDA,Phụ tùng Honda tiêu chuẩn,130.000 ₫,1
83800KZVV30ZB,Bộ ốp đuôi sau *R150*,HONDA,Phụ tùng Honda tiêu chuẩn,77.000 ₫,1
83810KVGV20ZA,Bộ trang trí sườn bên trái *NH,HONDA,Phụ tùng Honda tiêu chuẩn,71.000 ₫,1
84100K27V00ZE,Tay dắt sau *NH1*,HONDA,Phụ tùng Honda tiêu chuẩn,470.000 ₫,1
84100K66V00ZB,Tay dắt sau *NH1*,HONDA,Phụ tùng Honda tiêu chuẩn,318.000 ₫,1
84100KYZ900ZS,Tay dắt sau *NHA62M*,HONDA,Phụ tùng Honda tiêu chuẩn,580.000 ₫,1
84120K1FV00ZA,Tấm ốp tay dắt sau *NH1*,HONDA,Phụ tùng Honda tiêu chuẩn,11.000 ₫,1
84151K35V00ZF,Ốp tay dắt sau*NHA76M*,HONDA,Phụ tùng Honda tiêu chuẩn,378.000 ₫,1
84152K35V00ZF,Nắp nhựa ốp tay dắt sau*NHA76M*,HONDA,Phụ tùng Honda tiêu chuẩn,107.000 ₫,1
84310KYL900ZA,BỘ MẶT NẠ TRƯỚC *NHA69P*,HONDA,Phụ tùng Honda tiêu chuẩn,164.000 ₫,1
84702KZZ930,Cao su giảm chấn,HONDA,Phụ tùng Honda tiêu chuẩn,10.000 ₫,1
86101K44V30ZA,Tem Honda 70mm *R340*,HONDA,Phụ tùng Honda tiêu chuẩn,10.000 ₫,1
86101K89VB0ZB,Mác chữ Honda 110mm *NHB35P*,HONDA,Phụ tùng Honda tiêu chuẩn,14.000 ₫,1
86102K12V00ZC,Tem Honda 80mm *NH411*,HONDA,Phụ tùng Honda tiêu chuẩn,10.000 ₫,1
86102K44V00ZA,Tem honda 60MM *NH411*,HONDA,Phụ tùng Honda tiêu chuẩn,11.000 ₫,1
86102K73V40ZA,Mác Honda 65mm *NH105*,HONDA,Phụ tùng Honda tiêu chuẩn,10.000 ₫,1
86103K44V00ZE,Tem honda 85MM*TYPE2*,HONDA,Phụ tùng Honda tiêu chuẩn,13.000 ₫,1
86103K44V00ZF,Tem honda 85MM *NH411*,HONDA,Phụ tùng Honda tiêu chuẩn,13.000 ₫,1
86150KPG901,Logo cánh chim,HONDA,Phụ tùng Honda tiêu chuẩn,105.000 ₫,1
86170KZR600,Tem động cơ,HONDA,Phụ tùng Honda tiêu chuẩn,25.000 ₫,1
86201K73V40ZC,Mark cánh chim phải 80mm *R350C*,HONDA,Phụ tùng Honda tiêu chuẩn,30.000 ₫,1
86201K73V80ZG,MARK CÁNH CHIM PHẢI 80MM *NHA76*,HONDA,Phụ tùng Honda tiêu chuẩn,27.000 ₫,1
86201KYZV60ZB,MARK CÁNH CHIM PHẢI 80MM *R340,HONDA,Phụ tùng Honda tiêu chuẩn,30.000 ₫,1
86202K56V20ZA,Mác cánh chim Honda trái 70mm *NHA76*,HONDA,Phụ tùng Honda tiêu chuẩn,47.000 ₫,2
86202K73V40ZC,Mark cánh chim trái 80mm *R350C*,HONDA,Phụ tùng Honda tiêu chuẩn,30.000 ₫,1
86202K73V80ZF,Mark cánh chim trái 80mm *R350*,HONDA,Phụ tùng Honda tiêu chuẩn,27.000 ₫,1
86202K73V80ZG,MARK CÁNH CHIM TRÁI 80MM *NHA76*,HONDA,Phụ tùng Honda tiêu chuẩn,27.000 ₫,1
86202KYZV60ZB,Mark cánh chim trái 80MM *R340,HONDA,Phụ tùng Honda tiêu chuẩn,30.000 ₫,1
86202KYZV60ZD,Mark cánh chim trái 80MM *NHB2,HONDA,Phụ tùng Honda tiêu chuẩn,30.000 ₫,1
86531KYZ710ZA,Tem chữ FI,HONDA,Phụ tùng Honda tiêu chuẩn,19.000 ₫,1
86532K01930ZA,Tem chữ FI công tắc cầm chừng,HONDA,Phụ tùng Honda tiêu chuẩn,14.000 ₫,1
86611K01D10ZA,Tem phanh ABS *NH411*,HONDA,Phụ tùng Honda tiêu chuẩn,10.000 ₫,1
86611K29960ZD,Tem hệ thống phanh *NHA76M*,HONDA,Phụ tùng Honda tiêu chuẩn,10.000 ₫,1
86612K27630ZA,Tem dán chắn bùn trước bên phải,HONDA,Phụ tùng Honda tiêu chuẩn,31.000 ₫,1
86613K27630ZA,Tem dán chắn bùn trước bên trái,HONDA,Phụ tùng Honda tiêu chuẩn,30.000 ₫,1
86614K27630ZA,Tem dán chắn bùn trước,HONDA,Phụ tùng Honda tiêu chuẩn,21.000 ₫,1
86640K0SV50ZA,Tem ốp đồng hồ tốc độ *NHA76*,HONDA,Phụ tùng Honda tiêu chuẩn,13.000 ₫,1
86640K0SV50ZB,Tem ốp đồng hồ tốc độ *NHC60*,HONDA,Phụ tùng Honda tiêu chuẩn,13.000 ₫,1
86640K1FV00ZB,Tem ốp trước phải *TYPE4*,HONDA,Phụ tùng Honda tiêu chuẩn,28.000 ₫,1
86640K2PV70ZB,Biểu tượng Winner X *TYPE1*,HONDA,Phụ tùng Honda tiêu chuẩn,56.000 ₫,1
86641K1FV10ZA,Tem ốp trước trái *TYPE1*,HONDA,Phụ tùng Honda tiêu chuẩn,28.000 ₫,1
86641K1GV40ZA,Tem ốp trước A bên phải *NHA76*,HONDA,Phụ tùng Honda tiêu chuẩn,77.000 ₫,1
86641K2CVF0ZA,"Tem ốp yếm phải trước""NHC60P""",HONDA,Phụ tùng Honda tiêu chuẩn,28.000 ₫,1
86641K2PV40ZA,Tem ốp sườn phải A *R340*,HONDA,Phụ tùng Honda tiêu chuẩn,127.000 ₫,1
86641K56V40ZB,Tem ốp phải *NHA76M*,HONDA,Phụ tùng Honda tiêu chuẩn,77.000 ₫,1
86641K56V50ZB,Tem ốp sườn phải *NHA40*,HONDA,Phụ tùng Honda tiêu chuẩn,101.000 ₫,1
86641K56V50ZC,Tem ốp sườn phải *PB421*,HONDA,Phụ tùng Honda tiêu chuẩn,101.000 ₫,1
86641K56V50ZD,Tem ốp sườn phải *R389*,HONDA,Phụ tùng Honda tiêu chuẩn,101.000 ₫,1
86641K56V70ZA,Tem A ốp sườn phải *R389*,HONDA,Phụ tùng Honda tiêu chuẩn,90.000 ₫,1
86641K66V10ZB,Tem ốp trước phải *NHB35P*,HONDA,Phụ tùng Honda tiêu chuẩn,70.000 ₫,1
86641K66V10ZC,Tem ốp trước phải *PB390M*,HONDA,Phụ tùng Honda tiêu chuẩn,70.000 ₫,1
86641K66V90ZA,Tem ốp trước phải *TYPE1*,HONDA,Phụ tùng Honda tiêu chuẩn,91.000 ₫,1
86641K66VE0ZD,Tem ốp trước phải *TYPE1*,HONDA,Phụ tùng Honda tiêu chuẩn,124.000 ₫,1
86641K66VF0ZC,TEM ỐP TRƯỚC PHẢI *NHB25M*,HONDA,Phụ tùng Honda tiêu chuẩn,90.000 ₫,1
86641K66VF0ZD,Tem ốp trước phải *PB390M*,HONDA,Phụ tùng Honda tiêu chuẩn,90.000 ₫,2
86641K66VF0ZE,Tem ốp trước phải *R340C*,HONDA,Phụ tùng Honda tiêu chuẩn,90.000 ₫,1
86641K73V60ZB,Tem ốp ống yếm phải *NHB25M*,HONDA,Phụ tùng Honda tiêu chuẩn,70.000 ₫,1
86641KYZG00ZA,Tem dán A cánh yếm phải *NHA62M*,HONDA,Phụ tùng Honda tiêu chuẩn,47.000 ₫,1
86642K0SV50ZB,Tem ốp mặt nạ trước *NHC60*,HONDA,Phụ tùng Honda tiêu chuẩn,16.000 ₫,1
86642K1GV40ZA,Tem ốp trước A bên trái *NHA76*,HONDA,Phụ tùng Honda tiêu chuẩn,77.000 ₫,1
86642K29910ZA,TEM ỐP TRƯỚC*TYPE2*,HONDA,Phụ tùng Honda tiêu chuẩn,21.000 ₫,1
86642K2CVF0ZA,Tem ốp yếm trái trước *NHC60P*,HONDA,Phụ tùng Honda tiêu chuẩn,28.000 ₫,1
86642K44V70ZA,Tem mặt nạ trước trái *NHA76M*,HONDA,Phụ tùng Honda tiêu chuẩn,57.000 ₫,2
86642K56V00ZE,Tem A ốp sườn trái *B189*,HONDA,Phụ tùng Honda tiêu chuẩn,77.000 ₫,1
86642K56V40ZB,Tem ốp trái *NHA76M*,HONDA,Phụ tùng Honda tiêu chuẩn,77.000 ₫,1
86642K56V70ZA,Tem A ốp sườn trái *R389*,HONDA,Phụ tùng Honda tiêu chuẩn,90.000 ₫,1
86642K57AB0ZB,Tem A cánh yếm trái *TYPE2* *R340*,HONDA,Phụ tùng Honda tiêu chuẩn,50.000 ₫,1
86642K66V90ZA,Tem ốp trước trái *TYPE1*,HONDA,Phụ tùng Honda tiêu chuẩn,91.000 ₫,1
86642K73V60ZB,Tem ốp ống yếm trái *NHB25M*,HONDA,Phụ tùng Honda tiêu chuẩn,70.000 ₫,1
86643K27630ZA,Tem ốp trước phải,HONDA,Phụ tùng Honda tiêu chuẩn,39.000 ₫,1
86643K27V60ZA,Tem ốp trước phải*NHA62B*,HONDA,Phụ tùng Honda tiêu chuẩn,175.000 ₫,1
86643K57A70ZB,Tem dán B cánh yếm phải *R340C*,HONDA,Phụ tùng Honda tiêu chuẩn,136.000 ₫,1
86643K57AB0ZB,Tem B cánh yếm phải *TYPE2* *R340*,HONDA,Phụ tùng Honda tiêu chuẩn,96.000 ₫,2
86643K66V00ZD,Tem B ốp trước phải *R340C*,HONDA,Phụ tùng Honda tiêu chuẩn,45.000 ₫,1
86643K73V60ZB,Tem ốp sườn phải *NHB25M*,HONDA,Phụ tùng Honda tiêu chuẩn,141.000 ₫,1
86643K89V30ZB,Tem cánh yếm trái *GY150P*,HONDA,Phụ tùng Honda tiêu chuẩn,51.000 ₫,2
86643K89V30ZE,TEM CÁNH YẾM TRÁI *NHB25M*,HONDA,Phụ tùng Honda tiêu chuẩn,51.000 ₫,1
86643K89V50ZD,Tem cánh yếm trái *NHB25*,HONDA,Phụ tùng Honda tiêu chuẩn,41.000 ₫,1
86643K89V70ZC,Tem cánh yếm trái *NHB55*,HONDA,Phụ tùng Honda tiêu chuẩn,45.000 ₫,1
86643KWYA30ZC,Tem cánh yếm trái*NHB55*,HONDA,Phụ tùng Honda tiêu chuẩn,48.000 ₫,1
86643KYZG00ZD,Tem ốp sườn phải *YR303M*,HONDA,Phụ tùng Honda tiêu chuẩn,118.000 ₫,1
86643KYZV90ZD,Tem ốp sườn phải *TYPE2*,HONDA,Phụ tùng Honda tiêu chuẩn,118.000 ₫,1
86644K1FV10ZA,Biểu tượng chữ Air Blade *TYPE2*,HONDA,Phụ tùng Honda tiêu chuẩn,48.000 ₫,1
86644K1FV10ZB,Biểu tượng chữ Air Blade *TYPE1*,HONDA,Phụ tùng Honda tiêu chuẩn,48.000 ₫,1
86644K27630ZA,Tem ốp trước trái,HONDA,Phụ tùng Honda tiêu chuẩn,39.000 ₫,1
86644K27V60ZD,Tem ốp trước trái*Y208*,HONDA,Phụ tùng Honda tiêu chuẩn,179.000 ₫,1
86644K57A70ZB,Tem dán B cánh yếm trái *R340C*,HONDA,Phụ tùng Honda tiêu chuẩn,136.000 ₫,1
86644K57V80ZD,Tem dán B cánh yếm trái *R340C*,HONDA,Phụ tùng Honda tiêu chuẩn,138.000 ₫,1
86644K66V10ZA,Biểu tượng chữ Air Blade *TYPE1*,HONDA,Phụ tùng Honda tiêu chuẩn,53.000 ₫,2
86644K66V90ZA,Biểu tượng Air Blade *TYPE1*,HONDA,Phụ tùng Honda tiêu chuẩn,53.000 ₫,1
86644K73V00ZB,Tem ốp sườn trái *NHA62M*,HONDA,Phụ kiện hãng,153.000 ₫,1
86644K73V00ZE,Tem ốp sườn trái *YR303M*,HONDA,Phụ kiện hãng,153.000 ₫,1
86644K73V60ZB,Tem ốp sườn trái *NHB25M*,HONDA,Phụ tùng Honda tiêu chuẩn,141.000 ₫,1
86644K89V20ZD,Tem ốp sườn phải *NHB25M*,HONDA,Phụ tùng Honda tiêu chuẩn,147.000 ₫,1
86644K89V30ZA,Tem ốp sườn phải *PB421M*,HONDA,Phụ tùng Honda tiêu chuẩn,141.000 ₫,1
86644K89V30ZE,Tem ốp sườn phải *NHB25M*,HONDA,Phụ tùng Honda tiêu chuẩn,141.000 ₫,1
86644K89V50ZB,Tem ốp sườn phải *B203*,HONDA,Phụ tùng Honda tiêu chuẩn,114.000 ₫,1
86644K89V70ZA,Tem ốp sườn phải *PB421*,HONDA,Phụ tùng Honda tiêu chuẩn,125.000 ₫,1
86644K89V70ZB,Tem ốp sườn phải *NHB55*,HONDA,Phụ tùng Honda tiêu chuẩn,125.000 ₫,1
86644K89V90ZB,Tem ốp sườn phải*TYPE3*,HONDA,Phụ tùng Honda tiêu chuẩn,116.000 ₫,1
86644KWYA30ZC,Tem ốp sườn phải*NHB55*,HONDA,Phụ tùng Honda tiêu chuẩn,113.000 ₫,1
86644KYZG00ZA,Tem ốp sườn trái *NHA62M*,HONDA,Phụ tùng Honda tiêu chuẩn,119.000 ₫,1
86645K2CVF0ZA,Tem ốp sườn trước *NHC60P*,HONDA,Phụ tùng Honda tiêu chuẩn,16.000 ₫,1
86645K56V00ZA,Tem ốp sườn sau phải *TYPE1*,HONDA,Phụ tùng Honda tiêu chuẩn,21.000 ₫,1
86645K66V00ZC,Tem C mặt nạ trước phải *R340 NHB35*,HONDA,Phụ tùng Honda tiêu chuẩn,30.000 ₫,1
86645K73VA0ZB,"Tem ốp sườn *NHA76, NHC34*",HONDA,Phụ tùng Honda tiêu chuẩn,101.000 ₫,1
86645K89V30ZA,Tem ốp sườn trái *PB421M*,HONDA,Phụ tùng Honda tiêu chuẩn,141.000 ₫,1
86645K89V30ZE,Tem ốp sườn trái *NHB25M*,HONDA,Phụ tùng Honda tiêu chuẩn,141.000 ₫,1
86645K89V50ZB,Tem ốp sườn trái *B203*,HONDA,Phụ tùng Honda tiêu chuẩn,114.000 ₫,2
86645K89V50ZD,Tem ốp sườn trái *NHB25*,HONDA,Phụ tùng Honda tiêu chuẩn,114.000 ₫,1
86645K89V70ZA,Tem ốp sườn trái *PB421*,HONDA,Phụ tùng Honda tiêu chuẩn,125.000 ₫,1
86645K89V70ZB,Tem ốp sườn trái *NHB55*,HONDA,Phụ tùng Honda tiêu chuẩn,125.000 ₫,1
86645KWYA30ZC,Tem ốp sườn trái*NHB55*,HONDA,Phụ tùng Honda tiêu chuẩn,113.000 ₫,1
86645KYZG00ZA,Tem ốp sườn *TYPE1*,HONDA,Phụ tùng Honda tiêu chuẩn,116.000 ₫,1
86646K27630ZA,Tem chữ ốp trước,HONDA,Phụ tùng Honda tiêu chuẩn,24.000 ₫,1
86646K56V00ZA,Tem ốp sườn sau trái *TYPE1*,HONDA,Phụ tùng Honda tiêu chuẩn,21.000 ₫,1
86646K73V50ZC,MÁC PGM FI *R350C*,HONDA,Phụ tùng Honda tiêu chuẩn,21.000 ₫,1
86646K73V80ZG,MÁC PGM FI *NHA76*,HONDA,Phụ tùng Honda tiêu chuẩn,19.000 ₫,1
86646K73VE0ZA,TEM PGM FI *NHB55P*,HONDA,Phụ tùng Honda tiêu chuẩn,19.000 ₫,2
86647K27630ZA,Tem ốp nắp trưới trên phải,HONDA,Phụ tùng Honda tiêu chuẩn,39.000 ₫,1
86647K66VE0ZD,Tem ốp nắp trước trên phải *TYPE1*,HONDA,Phụ tùng Honda tiêu chuẩn,91.000 ₫,1
86647K66VQ0ZA,Tem ốp ống yếm chính *NHA76M*,HONDA,Phụ tùng Honda tiêu chuẩn,34.000 ₫,1
86647K73V50ZC,MÁC 125 *R350C*,HONDA,Phụ tùng Honda tiêu chuẩn,11.000 ₫,1
86647K90V00ZB,Tem A ốp sườn phải *NHB55P*,HONDA,Phụ tùng Honda tiêu chuẩn,104.000 ₫,1
86647K90VC0ZA,Tem ốp sườn phải *NHB83*,HONDA,Phụ tùng Honda tiêu chuẩn,139.000 ₫,1
86648K0RV60ZB,Tem ốp yếm trái trước *NHC60P*,HONDA,Phụ tùng Honda tiêu chuẩn,19.000 ₫,1
86648K27630ZA,Tem ốp nắp trước trên trái,HONDA,Phụ tùng Honda tiêu chuẩn,37.000 ₫,1
86648K66V90ZA,Tem ốp mặt nạ trước phải *TYPE1*,HONDA,Phụ tùng Honda tiêu chuẩn,71.000 ₫,1
86649K1GV30ZD,Tem ốp trước B bên trái *PB421*,HONDA,Phụ tùng Honda tiêu chuẩn,17.000 ₫,1
86649K66V90ZA,Tem ốp mặt nạ trước trái *TYPE1*,HONDA,Phụ tùng Honda tiêu chuẩn,71.000 ₫,1
86649K90V20ZA,Tem ốp sườn *TYPE1*,HONDA,Phụ tùng Honda tiêu chuẩn,153.000 ₫,1
86651K2PV60ZD,Tem ốp sườn sau phải *R389*,HONDA,Phụ tùng Honda tiêu chuẩn,90.000 ₫,1
86651K2PVD0ZA,Tem ốp sườn sau phải *R389*,HONDA,Phụ tùng Honda tiêu chuẩn,99.000 ₫,1
86654K66VG0ZA,Tem ốp ống yếm phải *NHA76M*,HONDA,Phụ tùng Honda tiêu chuẩn,73.000 ₫,1
86801K01900,Tem chữ honda 65MM,HONDA,Phụ tùng Honda tiêu chuẩn,10.000 ₫,1
86801KVV930ZA,Tem đuôI sau phải,HONDA,Phụ tùng Honda tiêu chuẩn,44.000 ₫,1
86802KVV930ZA,Tem đuôI sau trái,HONDA,Phụ tùng Honda tiêu chuẩn,39.000 ₫,1
86831K0RV00ZA,Biểu tượng SH *TYPE1*,HONDA,Phụ tùng Honda tiêu chuẩn,138.000 ₫,1
86831K0SV50ZA,"Mác SH *NHA76, NHC60*",HONDA,Phụ tùng Honda tiêu chuẩn,139.000 ₫,1
86831K12V40ZA,Biểu tượng LEAD *NHA76M*,HONDA,Phụ tùng Honda tiêu chuẩn,114.000 ₫,1
86831K27630ZA,Tem ốp sườn phải,HONDA,Phụ tùng Honda tiêu chuẩn,111.000 ₫,1
86831K29610ZA,"Tem ốp sườn *NHB18M, NHB35P*",HONDA,Phụ tùng Honda tiêu chuẩn,221.000 ₫,1
86831K2CV00ZB,Tem ốp sườn *TYPE1*,HONDA,Phụ tùng Honda tiêu chuẩn,122.000 ₫,1
86831K2CVF0ZB,Mác ốp sườn *NHC60P*,HONDA,Phụ tùng Honda tiêu chuẩn,122.000 ₫,1
86831K44V00ZA,Tem ốp sườn *TYPE1*,HONDA,Phụ tùng Honda tiêu chuẩn,173.000 ₫,1
86831K56V40ZA,Logo chữ Winner *NHA76M*,HONDA,Phụ tùng Honda tiêu chuẩn,121.000 ₫,1
86831K66VF0ZB,Tem ốp sườn phải *NHB86M*,HONDA,Phụ tùng Honda tiêu chuẩn,133.000 ₫,1
86831KVV930ZA,Tem cốp phải,HONDA,Phụ tùng Honda tiêu chuẩn,70.000 ₫,1
86831KZLE00ZA,Logo ốp sườn *SS*,HONDA,Phụ tùng Honda tiêu chuẩn,98.000 ₫,2
86832K27630ZA,Tem ốp sườn trái,HONDA,Phụ tùng Honda tiêu chuẩn,111.000 ₫,1
86832K66VE0ZA,Tem A ốp sườn trái *TYPE4*,HONDA,Phụ tùng Honda tiêu chuẩn,51.000 ₫,1
86832K66VF0ZB,Tem ốp sườn trái *NHB86M*,HONDA,Phụ tùng Honda tiêu chuẩn,133.000 ₫,1
86832K66VG0ZA,Tem ốp sườn trái *NHA76M*,HONDA,Phụ tùng Honda tiêu chuẩn,153.000 ₫,1
86832KVV930ZA,Tem cốp trái,HONDA,Phụ tùng Honda tiêu chuẩn,70.000 ₫,1
86833K02900ZA,Mark chữ (150 FI ),HONDA,Phụ tùng Honda tiêu chuẩn,11.000 ₫,1
86833K0SV90ZA,Mark chữ 160 *NHC26M*,HONDA,Phụ tùng Honda tiêu chuẩn,30.000 ₫,1
86833K0SV90ZD,Mark chữ 160 *NH411M*,HONDA,Phụ tùng Honda tiêu chuẩn,30.000 ₫,1
86833K27630,Logo ốp sườn,HONDA,Phụ tùng Honda tiêu chuẩn,104.000 ₫,1
86833K27V00,Logo ốp sườn,HONDA,Phụ tùng Honda tiêu chuẩn,127.000 ₫,1
86833K2CV30ZB,Tem ốp sườn phải *R340*,HONDA,Phụ tùng Honda tiêu chuẩn,44.000 ₫,1
86833K2CVF0ZA,Tem ốp sườn phải *NHC60P*,HONDA,Phụ tùng Honda tiêu chuẩn,25.000 ₫,1
86833K77V00ZB,Mark chữ 125l *NH1*,HONDA,Phụ tùng Honda tiêu chuẩn,30.000 ₫,2
86833K78V00ZA,Mark chữ 150l *NH411*,HONDA,Phụ tùng Honda tiêu chuẩn,30.000 ₫,1
86833KVV930ZA,Tem cốp (chữ super dream),HONDA,Phụ tùng Honda tiêu chuẩn,33.000 ₫,1
86834K2CV30ZB,Tem ốp sườn trái *R340*,HONDA,Phụ tùng Honda tiêu chuẩn,42.000 ₫,1
86834K2CVF0ZA,Tem ốp sườn trái *NHC60P*,HONDA,Phụ tùng Honda tiêu chuẩn,25.000 ₫,1
86861K56V20ZA,Biểu tượng Winner *TYPE1*,HONDA,Phụ tùng Honda tiêu chuẩn,111.000 ₫,1
86871KVV930ZA,Tem ốp sườn phải,HONDA,Phụ tùng Honda tiêu chuẩn,45.000 ₫,1
86872KVV930ZA,Tem ốp sườn trái,HONDA,Phụ tùng Honda tiêu chuẩn,45.000 ₫,1
86873KVV930ZA,Tem ốp sườn (chữ family),HONDA,Phụ tùng Honda tiêu chuẩn,16.000 ₫,1
87101KZVV30,Tem mặt nạ trước,HONDA,Phụ tùng Honda tiêu chuẩn,190.000 ₫,1
87103KFV830ZA,Tem cốp xe phải R150F,HONDA,Phụ tùng Honda tiêu chuẩn,70.000 ₫,1
87103KTM970ZD,Tem A ốp ống yếm phải *NH411M*,HONDA,Phụ tùng Honda tiêu chuẩn,70.000 ₫,1
87104KFV830ZA,Tem cốp trái R150F,HONDA,Phụ tùng Honda tiêu chuẩn,70.000 ₫,1
87105KFV830ZA,Bộ ốp nhựa sườn phải R150F,HONDA,Phụ tùng Honda tiêu chuẩn,57.000 ₫,1
87105KVGV20ZA,Tem ốp sườn bên phải *NHA69P*,HONDA,Phụ tùng Honda tiêu chuẩn,250.000 ₫,1
87105KVV930ZA,Bộ ốp nhựa sườn phải,HONDA,Phụ tùng Honda tiêu chuẩn,47.000 ₫,1
87105KWWV00ZD,Tem A ốp sườn phải *NHA96P*,HONDA,Phụ tùng Honda tiêu chuẩn,128.000 ₫,1
87106KTL780ZC,Tem cốp phải *RP138M*,HONDA,Phụ tùng Honda tiêu chuẩn,114.000 ₫,1
87106KTM900ZB,Tem A ốp sườn phải*R161P*,HONDA,Phụ tùng Honda tiêu chuẩn,167.000 ₫,1
87106KTM900ZC,Tem A ốp sườn phải*BG107M*,HONDA,Phụ tùng Honda tiêu chuẩn,167.000 ₫,1
87106KVGV20ZA,Tem ốp sườn bên trái *NHA69P*,HONDA,Phụ tùng Honda tiêu chuẩn,250.000 ₫,1
87106KVR920ZF,Tem ốp sườn phải *BG132M*,HONDA,Phụ tùng Honda tiêu chuẩn,170.000 ₫,1
87106KWWV00ZD,Tem A ốp sườn trái *NHA96P*,HONDA,Phụ tùng Honda tiêu chuẩn,130.000 ₫,1
87107KFV790ZA,Tem đuôi sau phải *R150CU*,HONDA,Phụ tùng Honda tiêu chuẩn,57.000 ₫,1
87107KTM900ZB,Tem B ốp sườn phải *R161P*,HONDA,Phụ tùng Honda tiêu chuẩn,82.000 ₫,1
87107KTM900ZC,Tem B ốp sườn phải *BG107M*,HONDA,Phụ tùng Honda tiêu chuẩn,82.000 ₫,1
87108KFV790ZA,Tem đuôi sau trái *R150CU*,HONDA,Phụ tùng Honda tiêu chuẩn,57.000 ₫,1
87109KFV670ZA,Tem ốp sườn phải *R150CU*,HONDA,Phụ tùng Honda tiêu chuẩn,53.000 ₫,1
87110KFL830ZA,Tem ốp đuôi sau,HONDA,Phụ tùng Honda tiêu chuẩn,10.000 ₫,1
87111KWB600,Mark chữ (FI),HONDA,Phụ tùng Honda tiêu chuẩn,33.000 ₫,1
87111KWWV00ZA,Tem ốp ống yếm phải *NHA69P*,HONDA,Phụ tùng Honda tiêu chuẩn,53.000 ₫,1
87111KWWV00ZD,Tem ốp ống yếm phải *NHA96P*,HONDA,Phụ tùng Honda tiêu chuẩn,51.000 ₫,1
87112KWWV00ZD,Tem ốp ống yếm trái *NHA96P*,HONDA,Phụ tùng Honda tiêu chuẩn,51.000 ₫,1
87113KWWV00ZA,Tem B ốp sườn phải *NHA69P*,HONDA,Phụ tùng Honda tiêu chuẩn,67.000 ₫,1
87113KWWV00ZD,Tem B ốp sườn phải *NHA96P*,HONDA,Phụ tùng Honda tiêu chuẩn,67.000 ₫,1
87114KWWV00ZA,Tem B ốp sườn trái *NHA69P*,HONDA,Phụ tùng Honda tiêu chuẩn,67.000 ₫,1
87114KWWV00ZD,Tem B ốp sườn trái *NHA96P*,HONDA,Phụ tùng Honda tiêu chuẩn,67.000 ₫,1
87115KFV830ZA,Bộ ốp nhựa sườn trái *R150CU*,HONDA,Phụ tùng Honda tiêu chuẩn,59.000 ₫,1
87115KVV930ZA,Bộ ốp nhựa sườn trái,HONDA,Phụ tùng Honda tiêu chuẩn,47.000 ₫,1
87120K1FV00,Tem Honda,HONDA,Phụ tùng Honda tiêu chuẩn,85.000 ₫,1
87120KTL680ZF,Tem chữ honda 85mm *NH411M*,HONDA,Phụ tùng Honda tiêu chuẩn,13.000 ₫,1
87120KTM970,Logo honda,HONDA,Phụ tùng Honda tiêu chuẩn,84.000 ₫,2
87121065J11ZA,(G2) Tem bình xăng phải,HONDA,Phụ tùng Honda tiêu chuẩn,863.000 ₫,1
87125GGE910,TEM CHỮ HONDA ĐUÔI SAU,HONDA,Phụ tùng Honda tiêu chuẩn,102.000 ₫,1
87125KVL940,Tem chữ neo FI (245mm),HONDA,Phụ tùng Honda tiêu chuẩn,94.000 ₫,1
87129KYL900ZA,TEM CHỮ PGM FI ỐP ỐNG YẾM S/S,HONDA,Phụ tùng Honda tiêu chuẩn,14.000 ₫,1
87130KRS860ZC,Tem chữ honda (120mm) P*B142P*,HONDA,Phụ tùng Honda tiêu chuẩn,14.000 ₫,1
87130KTL680,Tem chữ honda (110mm),HONDA,Phụ tùng Honda tiêu chuẩn,14.000 ₫,1
87130KVR850,TEM CHỮ HONDA 110MM,HONDA,Phụ tùng Honda tiêu chuẩn,13.000 ₫,2
87130KVV900ZA,"Mark, honda 110MM",HONDA,Phụ tùng Honda tiêu chuẩn,13.000 ₫,1
87131KVR880,Tem ốp ống yếm chính,HONDA,Phụ tùng Honda tiêu chuẩn,34.000 ₫,1
87140KVL900ZA,TEM CHỮ HONDA (50MM),HONDA,Phụ tùng Honda tiêu chuẩn,10.000 ₫,1
87505GBGB20,Tem hướng dẫn sử dụng lốp,HONDA,Phụ tùng Honda tiêu chuẩn,13.000 ₫,6
87505K01900,Tem thông số lốp,HONDA,Phụ tùng Honda tiêu chuẩn,24.000 ₫,1
87505K0RV41,TEM HƯỚNG DẪN SỬ DỤNG LỐP,HONDA,Phụ tùng Honda tiêu chuẩn,44.000 ₫,1
87505K29900,Tem thông số lốp,HONDA,Phụ tùng Honda tiêu chuẩn,21.000 ₫,1
87505K29V80,"TEM THÔNG SỐ LỐP, XÍCH TẢI, TẢI TRỌNG",HONDA,Phụ tùng Honda tiêu chuẩn,21.000 ₫,1
87505KFV790,Tem thông số lốp & xích tải,HONDA,Phụ tùng Honda tiêu chuẩn,16.000 ₫,1
87505KRS900,TEM THÔNG SỐ LỐP,HONDA,Phụ tùng Honda tiêu chuẩn,11.000 ₫,5
87507GBGB20,Tem hướng dẫn xích tải,HONDA,Phụ tùng Honda tiêu chuẩn,13.000 ₫,6
87507KRS900,TEM HƯỚNG DẪN XÍCH TẢI,HONDA,Phụ tùng Honda tiêu chuẩn,11.000 ₫,5
87513GBGB20,Tem hướng dẫn khởi động máy,HONDA,Phụ tùng Honda tiêu chuẩn,13.000 ₫,2
87515GGE910,Tem ốp sườn (lead vàng),HONDA,Phụ tùng Honda tiêu chuẩn,184.000 ₫,1
87560KTM900,Tem hướng dẫn lái xe an toàn,HONDA,Phụ tùng Honda tiêu chuẩn,10.000 ₫,5
87560KVB950,Tem hướng dẫn lái xe,HONDA,Phụ tùng Honda tiêu chuẩn,8.000 ₫,1
87561K12950,Biểu tượng chữ Honda,HONDA,Phụ tùng Honda tiêu chuẩn,76.000 ₫,1
88110GGE900,Cụm gương phải,HONDA,Phụ tùng Honda tiêu chuẩn,84.000 ₫,1
88110K01901,Bộ gương phải,HONDA,Phụ tùng Honda tiêu chuẩn,119.000 ₫,1
88110K03M60,Bộ gương phải,HONDA,Phụ tùng Honda tiêu chuẩn,62.000 ₫,7
88110K12900,Cụm gương phải,HONDA,Phụ tùng Honda tiêu chuẩn,94.000 ₫,1
88110K29901,Cụm gương phải,HONDA,Phụ tùng Honda tiêu chuẩn,110.000 ₫,1
88110K44V01,Cụm gương phải,HONDA,Phụ tùng Honda tiêu chuẩn,130.000 ₫,2
88110K56V00,Bộ gương phải K56,HONDA,Phụ tùng Honda tiêu chuẩn,71.000 ₫,1
88110K77V01,Cụm gương phải,HONDA,Phụ tùng Honda tiêu chuẩn,134.000 ₫,1
88110KFV660,Bộ guơng phải,HONDA,Phụ tùng Honda tiêu chuẩn,77.000 ₫,1
88110KTL640,Cụm gương phải,HONDA,Phụ tùng Honda tiêu chuẩn,67.000 ₫,2
88110KVG950,Bộ gương phải,HONDA,Phụ tùng Honda tiêu chuẩn,64.000 ₫,1
88110KVGV40,Bộ gương phải,HONDA,Phụ tùng Honda tiêu chuẩn,105.000 ₫,1
88110KZLE00,Bộ gương phải,HONDA,Phụ tùng Honda tiêu chuẩn,131.000 ₫,1
88113KTL740,Chụp cao su ốc khoá gương,HONDA,Phụ tùng Honda tiêu chuẩn,10.000 ₫,2
88113KTM970,Chụp cao su ốc khoá gương,HONDA,Phụ tùng Honda tiêu chuẩn,8.000 ₫,3
88113KZLE00,Chụp cao su ốc khoá gương,HONDA,Phụ tùng Honda tiêu chuẩn,8.000 ₫,6
88114K29900,Cao su chụp chân gương,HONDA,Phụ tùng Honda tiêu chuẩn,8.000 ₫,4
88114K77V00,Cao su chụp chân gương,HONDA,Phụ tùng Honda tiêu chuẩn,10.000 ₫,1
88115GGE900,Bu lông chân gương 8mm,HONDA,Phụ tùng Honda tiêu chuẩn,22.000 ₫,1
88115K29900,Bu lông nối chân gương 10MM,HONDA,Phụ tùng Honda tiêu chuẩn,16.000 ₫,6
88115KVGV40,Chụp cao su tay gương trên,HONDA,Phụ tùng Honda tiêu chuẩn,13.000 ₫,1
88119GCCJ80,Cao su chụp chân gương,HONDA,Phụ tùng Honda tiêu chuẩn,13.000 ₫,1
88119K12900,Cao su chụp chân gương,HONDA,Phụ tùng Honda tiêu chuẩn,13.000 ₫,1
88119K12V00,Cao su chụp chân gương,HONDA,Phụ tùng Honda tiêu chuẩn,10.000 ₫,4
88119K44V80,Chụp cao su ốc khóa gương,HONDA,Phụ tùng Honda tiêu chuẩn,10.000 ₫,3
88120GGE900,Cụm gương trái,HONDA,Phụ tùng Honda tiêu chuẩn,84.000 ₫,1
88120K01901,Bộ gương trái,HONDA,Phụ tùng Honda tiêu chuẩn,119.000 ₫,1
88120K03M60,Bộ gương trái,HONDA,Phụ tùng Honda tiêu chuẩn,62.000 ₫,9
88120K12900,Cụm gương trái,HONDA,Phụ tùng Honda tiêu chuẩn,94.000 ₫,1
88120K29901,Cụm gương trái,HONDA,Phụ tùng Honda tiêu chuẩn,110.000 ₫,1
88120K44V01,Cụm gương trái,HONDA,Phụ tùng Honda tiêu chuẩn,130.000 ₫,3
88120K66V01,Cụm gương trái,HONDA,Phụ tùng Honda tiêu chuẩn,150.000 ₫,2
88120K77V01,Cụm gương trái,HONDA,Phụ tùng Honda tiêu chuẩn,134.000 ₫,1
88120KFV660,Bộ guơng trái,HONDA,Phụ tùng Honda tiêu chuẩn,77.000 ₫,1
88120KTL640,Cụm gương trái,HONDA,Phụ tùng Honda tiêu chuẩn,67.000 ₫,2
88120KVG950,Bộ gương trái,HONDA,Phụ tùng Honda tiêu chuẩn,65.000 ₫,1
88120KVGV40,Bộ guơng trái,HONDA,Phụ tùng Honda tiêu chuẩn,105.000 ₫,1
88120KZLE00,Bộ gương trái,HONDA,Phụ tùng Honda tiêu chuẩn,131.000 ₫,1
88210K0RV01,Bộ gương phải,HONDA,Phụ tùng Honda tiêu chuẩn,96.000 ₫,1
88210K12910,Gương phải,HONDA,Phụ tùng Honda tiêu chuẩn,70.000 ₫,1
88210K29920,Gương phải,HONDA,Phụ tùng Honda tiêu chuẩn,191.000 ₫,1
88210K2CV01,Gương phải,HONDA,Phụ tùng Honda tiêu chuẩn,105.000 ₫,1
88210K56V00,Bộ gương phải,HONDA,Phụ tùng Honda tiêu chuẩn,54.000 ₫,1
88210K77V00,Bộ gương phải,HONDA,Phụ tùng Honda tiêu chuẩn,110.000 ₫,1
88210KVB950,Cụm cương phải,HONDA,Phụ tùng Honda tiêu chuẩn,76.000 ₫,1
88210KVGV40,Gương phải,HONDA,Phụ tùng Honda tiêu chuẩn,85.000 ₫,1
88220K0RV01,Gương trái,HONDA,Phụ tùng Honda tiêu chuẩn,96.000 ₫,1
88220K2CV01,Gương trái,HONDA,Phụ tùng Honda tiêu chuẩn,105.000 ₫,3
88220K56V00,Bộ gương trái,HONDA,Phụ tùng Honda tiêu chuẩn,54.000 ₫,1
88220K66V01,Gương trái,HONDA,Phụ tùng Honda tiêu chuẩn,131.000 ₫,1
88220K77V00,Bộ gương trái,HONDA,Phụ tùng Honda tiêu chuẩn,110.000 ₫,1
88220KWN980,Gương trái,HONDA,Phụ tùng Honda tiêu chuẩn,90.000 ₫,1
90001KWR000,Bu lông chìm 6x18,HONDA,Phụ tùng Honda tiêu chuẩn,8.000 ₫,1
90003KFL710,Bu lông nối chân gương 10MM,HONDA,Phụ tùng Honda tiêu chuẩn,16.000 ₫,2
90003KTW900,Bu lông nối chân gương,HONDA,Phụ tùng Honda tiêu chuẩn,37.000 ₫,16
90003KWN900,Bu lông bơm dầu 6x23.5,HONDA,Phụ tùng Honda tiêu chuẩn,8.000 ₫,1
90003MY5720,Bu lông nối chân gương 10MM,HONDA,Phụ tùng Honda tiêu chuẩn,16.000 ₫,3
90004GHB610,Bu lông 6x12,HONDA,Phụ tùng Honda tiêu chuẩn,7.000 ₫,22
90004GHB670,Bu lông 6x25,HONDA,Phụ tùng Honda tiêu chuẩn,5.000 ₫,4
90004K0RV00,Bu lông 6x28,HONDA,Phụ tùng Honda tiêu chuẩn,7.000 ₫,1
90004KGF910,Bu lông cấy 7x17,HONDA,Phụ tùng Honda tiêu chuẩn,27.000 ₫,1
90005GHB610,Bu lông 6x12,HONDA,Phụ tùng Honda tiêu chuẩn,5.000 ₫,1
90005K0RV00,Bu lông 6x40,HONDA,Phụ tùng Honda tiêu chuẩn,7.000 ₫,1
90006K0RV00,Bu lông 6x65,HONDA,Phụ tùng Honda tiêu chuẩn,14.000 ₫,1
90012333000,Vít chỉnh xu páp,HONDA,Phụ tùng Honda tiêu chuẩn,65.000 ₫,1
90012KWB600,Vít chỉnh xu páp,HONDA,Phụ tùng Honda tiêu chuẩn,13.000 ₫,9
90013K66V00,BU LÔNG NẮP MÁY,HONDA,Phụ tùng Honda tiêu chuẩn,25.000 ₫,4
90082KFL850,Bu lông nối xylanh 6x30,HONDA,Phụ tùng Honda tiêu chuẩn,7.000 ₫,3
90084471000,Nắp thăm điện,HONDA,Phụ tùng Honda tiêu chuẩn,17.000 ₫,1
90084GN5640,Nắp thăm điện,HONDA,Phụ tùng Honda tiêu chuẩn,7.000 ₫,1
90087GN5640,Nắp thăm vô lăng điện,HONDA,Phụ tùng Honda tiêu chuẩn,10.000 ₫,1
90087KGH900,Nắp thăm vô lăng điện,HONDA,Phụ tùng Honda tiêu chuẩn,42.000 ₫,1
90087KPK900,Nắp thăm vô lăng điện,HONDA,Phụ tùng Honda tiêu chuẩn,25.000 ₫,1
90101087720,Vít bắt mặt nạ,HONDA,Phụ tùng Honda tiêu chuẩn,13.000 ₫,2
90101GJ6000,ốc điều chỉnh đèn pha,HONDA,Phụ tùng Honda tiêu chuẩn,5.000 ₫,1
90101K29900,Bu lông chìm 6x18,HONDA,Phụ tùng Honda tiêu chuẩn,10.000 ₫,1
90101KWWB80,Bu lông đặc biệt 8x40,HONDA,Phụ tùng Honda tiêu chuẩn,13.000 ₫,1
90101KZL930,Bu lông điều chỉnh đèn pha,HONDA,Phụ tùng Honda tiêu chuẩn,8.000 ₫,1
90103GET003,Bu lông xả nước két tản nhiệt,HONDA,Phụ tùng Honda tiêu chuẩn,27.000 ₫,4
90103K0RV00,Bu lông nối chân gương 10MM,HONDA,Phụ tùng Honda tiêu chuẩn,30.000 ₫,1
90104KZVT00,Vít 5mm,HONDA,Phụ tùng Honda tiêu chuẩn,8.000 ₫,2
90105KGH900,Bu lông bắt đĩa phanh 8x24,HONDA,Phụ tùng Honda tiêu chuẩn,11.000 ₫,1
90105KPH901,Bu lông bắt bản lề yên,HONDA,Phụ tùng Honda tiêu chuẩn,13.000 ₫,2
90105KVB900,Bu lông 10x250,HONDA,Phụ tùng Honda tiêu chuẩn,50.000 ₫,1
90105KVY900,Bu lông 10X270,HONDA,Phụ tùng Honda tiêu chuẩn,36.000 ₫,1
90105KZVT00,Vít 6mm,HONDA,Phụ tùng Honda tiêu chuẩn,8.000 ₫,2
90106GCC000,Bu lông 10X238,HONDA,Phụ tùng Honda tiêu chuẩn,36.000 ₫,1
90106GCCC50,Bu lông 10x238,HONDA,Phụ tùng Honda tiêu chuẩn,48.000 ₫,1
90106MM9000,BU LÔNG CHẮN BÙN TRƯỚC,HONDA,Phụ tùng Honda tiêu chuẩn,48.000 ₫,1
90107K26900,Bu lông đặc biệt 6X16,HONDA,Phụ tùng Honda tiêu chuẩn,17.000 ₫,1
90107KAN900,Vít bắt yếm,HONDA,Phụ tùng Honda tiêu chuẩn,7.000 ₫,2
90107KBP900,Bu lông bắt ốp nhựa sườn xe,HONDA,Phụ tùng Honda tiêu chuẩn,10.000 ₫,1
90107KTL740,Vít bắt yếm A,HONDA,Phụ tùng Honda tiêu chuẩn,13.000 ₫,1
90107KVV900,Bu lông,HONDA,Phụ tùng Honda tiêu chuẩn,13.000 ₫,1
90107KW7900,Vít bậc bắt cốp,HONDA,Phụ tùng Honda tiêu chuẩn,10.000 ₫,2
90108223000,Bu lông bắt chân chống bên,HONDA,Phụ tùng Honda tiêu chuẩn,10.000 ₫,1
90109K01900,Vít 5x6,HONDA,Phụ tùng Honda tiêu chuẩn,7.000 ₫,1
90111162000,Bu lông 6MM,HONDA,Phụ tùng Honda tiêu chuẩn,7.000 ₫,1
90111KW3003,ĐAI ỐC M5X0.8,HONDA,Phụ tùng Honda tiêu chuẩn,44.000 ₫,1
90112KVG900,Bu lông 6mm,HONDA,Phụ tùng Honda tiêu chuẩn,8.000 ₫,1
90114KFLD20,Vít bắt giỏ xe 6x32,HONDA,Phụ tùng Honda tiêu chuẩn,11.000 ₫,2
90114KGH900,Bu lông bắt tay phanh,HONDA,Phụ tùng Honda tiêu chuẩn,14.000 ₫,1
90114KPHC00,Vít 6x12,HONDA,Phụ tùng Honda tiêu chuẩn,7.000 ₫,1
90114MA5671,Bu lông tay phanh,HONDA,Phụ tùng Honda tiêu chuẩn,28.000 ₫,1
90115KW7900,Vít bắt ốp sườn xe,HONDA,Phụ tùng Honda tiêu chuẩn,11.000 ₫,1
90115MV9000,Bu lông bắt đệm cao su để chân,HONDA,Phụ tùng Honda tiêu chuẩn,19.000 ₫,3
90116KEV900,Bạc đệm giá để chân sau,HONDA,Phụ tùng Honda tiêu chuẩn,14.000 ₫,1
90116KVB900,Bu lông 6mm,HONDA,Phụ tùng Honda tiêu chuẩn,7.000 ₫,1
90116SP0003,Chốt cài,HONDA,Phụ tùng Honda tiêu chuẩn,10.000 ₫,12
90117KEV900,Cao su đệm giá để chân sau,HONDA,Phụ tùng Honda tiêu chuẩn,10.000 ₫,1
90118383000,Bu lông có đệm 6x6mm,HONDA,Phụ tùng Honda tiêu chuẩn,5.000 ₫,1
90118KEV900,Bạc đệm giữ ống xả,HONDA,Phụ tùng Honda tiêu chuẩn,13.000 ₫,1
90119K56V50,Bu lông 5x16,HONDA,Phụ tùng Honda tiêu chuẩn,11.000 ₫,2
90120GN5830,Bu lông xuyên trục càng sau,HONDA,Phụ tùng Honda tiêu chuẩn,53.000 ₫,1
90122KWB600,Bu lông bắt trục càng,HONDA,Phụ tùng Honda tiêu chuẩn,5.000 ₫,1
90128KET900,Bu lông 8x22,HONDA,Phụ tùng Honda tiêu chuẩn,8.000 ₫,1
90131883000,Bu lông 12X15,HONDA,Phụ tùng Honda tiêu chuẩn,11.000 ₫,1
90131KGH900,Bu lông 8x25,HONDA,Phụ tùng Honda tiêu chuẩn,11.000 ₫,1
90131KWN900,Bu lông 8x28,HONDA,Phụ tùng Honda tiêu chuẩn,13.000 ₫,1
90132MY6670,Bu lông 8x45,HONDA,Phụ tùng Honda tiêu chuẩn,33.000 ₫,1
90135KWB600,Bu lông chìm 8x16,HONDA,Phụ tùng Honda tiêu chuẩn,7.000 ₫,1
90136428870,VÒNG ĐỆM,HONDA,Phụ tùng Honda tiêu chuẩn,14.000 ₫,4
90136KWB600,Bu lông chìm 8x32,HONDA,Phụ tùng Honda tiêu chuẩn,8.000 ₫,1
90141K2CV00,Bu lông có vòng đệm 6X43,HONDA,Phụ tùng Honda tiêu chuẩn,13.000 ₫,1
90150GN5911,Vít có bậc 5x15mm,HONDA,Phụ tùng Honda tiêu chuẩn,13.000 ₫,4
90164K66V00,Vít 6mm,HONDA,Phụ tùng Honda tiêu chuẩn,16.000 ₫,1
90191K47N41,Vít 6x45,HONDA,Phụ tùng Honda tiêu chuẩn,11.000 ₫,1
90191KPH970,Vít bắt cục đỡ tay lái,HONDA,Phụ tùng Honda tiêu chuẩn,30.000 ₫,1
90191KPP900,Vít bắt đầu tay lái,HONDA,Phụ tùng Honda tiêu chuẩn,13.000 ₫,1
90191KWB600,Vít bắt đầu tay lái 6x45,HONDA,Phụ tùng Honda tiêu chuẩn,14.000 ₫,3
90201GF6010,ốc mũ đầu xylanh 7mm,HONDA,Phụ tùng Honda tiêu chuẩn,21.000 ₫,1
90201MW3620,Đai ốc gương 10mm,HONDA,Phụ tùng Honda tiêu chuẩn,5.000 ₫,4
90202ZV0000,Đai ốc 6MM,HONDA,Phụ tùng Honda tiêu chuẩn,30.000 ₫,1
90206001000,Đai ốc chỉnh xu páp,HONDA,Phụ tùng Honda tiêu chuẩn,44.000 ₫,1
90300GB0900,Vít bắt chắn bùn sau,HONDA,Phụ tùng Honda tiêu chuẩn,16.000 ₫,2
90301GFCB50,Đai ốc chân gương (ren ngược),HONDA,Phụ tùng Honda tiêu chuẩn,5.000 ₫,4
90301KGH901,Đai ốc U 6mm,HONDA,Phụ tùng Honda tiêu chuẩn,13.000 ₫,1
90301KPH900,Ðai ốc mũ 10mm,HONDA,Phụ tùng Honda tiêu chuẩn,10.000 ₫,6
90301KTLV00,Đai ốc mũ 10mm,HONDA,Phụ tùng Honda tiêu chuẩn,8.000 ₫,1
90301KZR600,Đai ốc 10mm,HONDA,Phụ tùng Honda tiêu chuẩn,7.000 ₫,2
90304K45NL0,Đai ốc hãm cổ lái,HONDA,Phụ tùng Honda tiêu chuẩn,53.000 ₫,1
90304K66V01,Đai ốc 10mm,HONDA,Phụ tùng Honda tiêu chuẩn,11.000 ₫,1
90304KGH901,Đai ốc U 10mm,HONDA,Phụ tùng Honda tiêu chuẩn,24.000 ₫,2
90305KVB901,Đai ốc U 16MM,HONDA,Phụ tùng Honda tiêu chuẩn,73.000 ₫,1
90306K66V01,Đai ốc 12mm,HONDA,Phụ tùng Honda tiêu chuẩn,16.000 ₫,3
90306KGH901,Đai ốc U 12mm,HONDA,Phụ tùng Honda tiêu chuẩn,47.000 ₫,1
90307001000,Đai ốc ống chỉ,HONDA,Phụ tùng Honda tiêu chuẩn,13.000 ₫,1
90309357000,Đai ốc bắt nhông tải sau 8mm,HONDA,Phụ tùng Honda tiêu chuẩn,14.000 ₫,2
90407259000,"Đệm nhôm ốc xả dầu 12,5x20mm",HONDA,Ốc xả nhớt,5.000 ₫,1
90411706000,Đệm 10mm,HONDA,Phụ tùng Honda tiêu chuẩn,10.000 ₫,2
90441GY6940,Vòng đệm 12.2X29X2.5,HONDA,Phụ tùng Honda tiêu chuẩn,19.000 ₫,1
90442GF6010,Ðệm 7mm,HONDA,Phụ tùng Honda tiêu chuẩn,7.000 ₫,1
90443GF6010,Vòng đệm A 7mm,HONDA,Phụ tùng Honda tiêu chuẩn,10.000 ₫,1
90443KPH900,ống mũ đầu xylanh 8mm,HONDA,Phụ tùng Honda tiêu chuẩn,11.000 ₫,5
90461035000,Đệm then hoa 17mm,HONDA,Phụ tùng Honda tiêu chuẩn,16.000 ₫,20
90461357000,"Đệmnhôm6,5x12mm",HONDA,Phụ tùng Honda tiêu chuẩn,7.000 ₫,7
90474333000,Vòng đệm kín 8MM,HONDA,Phụ tùng Honda tiêu chuẩn,5.000 ₫,3
90485040000,Vòng đệm 8mm,HONDA,Phụ tùng Honda tiêu chuẩn,5.000 ₫,11
90501K40F00,Bạc đệm,HONDA,Phụ tùng Honda tiêu chuẩn,19.000 ₫,1
90501KBN900,Đệm 16MM,HONDA,Phụ tùng Honda tiêu chuẩn,21.000 ₫,1
90501KST920,Vòng đệm 6mm,HONDA,Phụ tùng Honda tiêu chuẩn,5.000 ₫,1
90504964000,ĐỆM CHẶN 5MM,HONDA,Phụ tùng Honda tiêu chuẩn,8.000 ₫,1
90505425000,Vòng đệm 8mm,HONDA,Phụ tùng Honda tiêu chuẩn,5.000 ₫,3
90506KCW870,Vòng đệm khóa cổ lái,HONDA,Phụ tùng Honda tiêu chuẩn,22.000 ₫,1
90521028000,VÒNG ĐỆM 17X22,HONDA,Phụ tùng Honda tiêu chuẩn,5.000 ₫,1
90601KJ9000,Phanh cài 4x50,HONDA,Phụ tùng Honda tiêu chuẩn,22.000 ₫,1
90601SJA003,Kẹp nắp sau tay lái,HONDA,Phụ tùng Honda tiêu chuẩn,21.000 ₫,1
90605166720,Phanh cài 7mm,HONDA,Phụ tùng Honda tiêu chuẩn,5.000 ₫,10
90634KPG900,Kẹp nắp hộp ắc quy,HONDA,Phụ tùng Honda tiêu chuẩn,8.000 ₫,2
90651K14A31,Chốt trượt,HONDA,Phụ tùng Honda tiêu chuẩn,21.000 ₫,2
90666K59A11,Kẹp ốp yếm trước,HONDA,Phụ tùng Honda tiêu chuẩn,7.000 ₫,6
90666SDAA01,Kẹp tấm thông gió trước,HONDA,Phụ tùng Honda tiêu chuẩn,47.000 ₫,1
90677KANT00,Đai ốc kẹp 5mm,HONDA,Phụ tùng Honda tiêu chuẩn,10.000 ₫,5
90683GAZ003,Kẹp chốt,HONDA,Phụ tùng Honda tiêu chuẩn,39.000 ₫,4
90683GAZ980,Vít nhựa nở,HONDA,Phụ tùng Honda tiêu chuẩn,25.000 ₫,1
90702KFM900,Chốt định vị 8x12,HONDA,Phụ tùng Honda tiêu chuẩn,5.000 ₫,1
90702KWN900,Chốt định vị 6.3x10x30,HONDA,Phụ tùng Honda tiêu chuẩn,13.000 ₫,2
90754GC8003,Phớt chắn bụi 20x32x5,HONDA,Phụ tùng Honda tiêu chuẩn,30.000 ₫,1
90755229003,PHỚT MOAY Ơ TRƯỚC 21X37X7,HONDA,Phụ tùng Honda tiêu chuẩn,37.000 ₫,1
91001KCW003,Vòng bi đũa 20x29x18 (china),HONDA,Phụ tùng Honda tiêu chuẩn,99.000 ₫,6
91001KE6831,Vòng bi 6204 (china),HONDA,Phụ tùng Honda tiêu chuẩn,102.000 ₫,1
91001KPH901,Vòng bi trục khuỷu 63/22 (NACHI) (Thái),HONDA,Phụ tùng Honda tiêu chuẩn,141.000 ₫,1
91002K1NV01,Vòng bi 35x72x15,HONDA,Phụ tùng Honda tiêu chuẩn,173.000 ₫,1
91002KPH902,Vòng bi trục khuỷu 63/22 (NACHI) (Thái),HONDA,Phụ tùng Honda tiêu chuẩn,90.000 ₫,2
91002KVB901,Vòng bi 6207,HONDA,Phụ tùng Honda tiêu chuẩn,455.000 ₫,1
91002KVY901,Vòng bi 6007 (NACHI) (Thái),HONDA,Phụ tùng Honda tiêu chuẩn,133.000 ₫,1
91003KZR601,Vòng bi 6204 (china),HONDA,Phụ tùng Honda tiêu chuẩn,77.000 ₫,2
91003KZR602,Vòng bi 6204 (NACHI) (Thái),HONDA,Phụ tùng Honda tiêu chuẩn,110.000 ₫,1
91004GGCG01,Vòng bi 6902U (china),HONDA,Phụ tùng Honda tiêu chuẩn,47.000 ₫,1
91005K1ZJ10,Vòng bi,HONDA,Phụ tùng Honda tiêu chuẩn,198.000 ₫,1
91005KVB900,Vòng bi,HONDA,Phụ tùng Honda tiêu chuẩn,193.000 ₫,1
91005KVBS50,Vòng bi,HONDA,Phụ tùng Honda tiêu chuẩn,199.000 ₫,1
91006KAB004,Vòng bi 6205 (NACHI) (Thái),HONDA,Phụ tùng Honda tiêu chuẩn,164.000 ₫,1
91006KZR601,Vòng bi 6201 (china),HONDA,Phụ tùng Honda tiêu chuẩn,37.000 ₫,1
91009GW3980,Vòng bi 6004uu,HONDA,Phụ tùng Honda tiêu chuẩn,268.000 ₫,1
91009K44V01,Vòng bi 60/22UU (china),HONDA,Phụ tùng Honda tiêu chuẩn,190.000 ₫,1
91009KVB901,Vòng bi 60/22UU,HONDA,Phụ tùng Honda tiêu chuẩn,325.000 ₫,1
91051K35V01,Vòng bi 6203 (china),HONDA,Phụ tùng Honda tiêu chuẩn,57.000 ₫,1
91051KS4003,Vòng bi 6303 (china),HONDA,Phụ tùng Honda tiêu chuẩn,162.000 ₫,1
91051KZR601,Vòng bi 6203UU (china),HONDA,Phụ tùng Honda tiêu chuẩn,85.000 ₫,1
91052K24901,Vòng bi 6201U (china) (1 mặt chắn bụi),HONDA,Phụ tùng Honda tiêu chuẩn,28.000 ₫,7
91052KWB601,Vòng bi 6201U (china),HONDA,Phụ tùng Honda tiêu chuẩn,47.000 ₫,1
91109K1GV01,Vòng bi 20x29x15 (china),HONDA,Phụ tùng Honda tiêu chuẩn,93.000 ₫,1
91109KVY901,Vòng bi đũa 20x29x18 (china),HONDA,Phụ tùng Honda tiêu chuẩn,104.000 ₫,4
91201GB4691,Phớt dầu 30x42x4.5,HONDA,Phụ tùng Honda tiêu chuẩn,19.000 ₫,1
91201GCC771,Phớt dầu 16X26X7,HONDA,Phụ tùng Honda tiêu chuẩn,44.000 ₫,1
91201K2CV01,Phớt dầu 14X20X3.2,HONDA,Phụ tùng Honda tiêu chuẩn,16.000 ₫,1
91201K44V01,Phớt dầu 20.8X30.5X6,HONDA,Phụ tùng Honda tiêu chuẩn,17.000 ₫,3
91201K59A11,Phớt dầu 20.8x32x6,HONDA,Phụ tùng Honda tiêu chuẩn,44.000 ₫,1
91201KCW851,Phớt dầu 19.8x30x7 (arai),HONDA,Phụ tùng Honda tiêu chuẩn,74.000 ₫,1
91201KVB901,Phớt dầu 19.8x30x7,HONDA,Phụ tùng Honda tiêu chuẩn,28.000 ₫,1
91201KWN901,Phớt dầu 20.8x32x6,HONDA,Phụ tùng Honda tiêu chuẩn,25.000 ₫,4
91202GB4692,Phớt dầu 18.9x28x5,HONDA,Phụ tùng Honda tiêu chuẩn,34.000 ₫,1
91202GCC000,Phớt dầu 20.8x53x9,HONDA,Phụ tùng Honda tiêu chuẩn,98.000 ₫,1
91202K0JN01,Phớt dầu 19.5x31.5x6,HONDA,Phụ tùng Honda tiêu chuẩn,27.000 ₫,4
91202KFL841,Phớt dầu 13.8x24x5,HONDA,Phụ tùng Honda tiêu chuẩn,19.000 ₫,1
91202KJ9003,Phớt dầu 20X32X6,HONDA,Phụ tùng Honda tiêu chuẩn,21.000 ₫,11
91202KRS971,Phớt dầu 13.8x24x5,HONDA,Phụ tùng Honda tiêu chuẩn,14.000 ₫,1
91202KSP911,Phớt dầu 12x18x4,HONDA,Phụ tùng Honda tiêu chuẩn,14.000 ₫,1
91202KVB901,Phớt dầu 20.8X52X6X7.5,HONDA,Phụ tùng Honda tiêu chuẩn,25.000 ₫,4
91203436004,Phớt dầu 12x24x5,HONDA,Phụ tùng Honda tiêu chuẩn,25.000 ₫,1
91203GFM890,Phớt dầu 12x24x5,HONDA,Phụ tùng Honda tiêu chuẩn,33.000 ₫,1
91203K50T01,Phớt dầu 20x32x6,HONDA,Phụ tùng Honda tiêu chuẩn,19.000 ₫,1
91204GFM971,Phớt dầu 27x42x7,HONDA,Phụ tùng Honda tiêu chuẩn,14.000 ₫,1
91204K44V01,Phớt dầu 29x44x7,HONDA,Phụ tùng Honda tiêu chuẩn,17.000 ₫,6
91204K59A11,Phớt dầu 34x52x7,HONDA,Phụ tùng Honda tiêu chuẩn,19.000 ₫,1
91204KPH901,Phớt dầu 17x30x5,HONDA,Phụ tùng Honda tiêu chuẩn,14.000 ₫,1
91204KWN900,Phớt dầu 34x52x7,HONDA,Phụ tùng Honda tiêu chuẩn,37.000 ₫,1
91204MC7003,Phớt dầu 16x28x7,HONDA,Phụ tùng Honda tiêu chuẩn,16.000 ₫,1
91205KF0003,Phớt dầu 12x20x5,HONDA,Phụ tùng Honda tiêu chuẩn,19.000 ₫,3
91208KB4671,"Phớt dầu 11,6x24x10",HONDA,Phụ tùng Honda tiêu chuẩn,16.000 ₫,1
91208KWB601,"Phớt dầu 11,6x22x7",HONDA,Phụ tùng Honda tiêu chuẩn,13.000 ₫,1
91211KCW880,Phớt dầu 34x42x7 má puly,HONDA,Phụ tùng Honda tiêu chuẩn,27.000 ₫,1
91211KN7671,Phớt má động 34x41x4,HONDA,Phụ tùng Honda tiêu chuẩn,24.000 ₫,8
91216KGH901,Phớt dầu 20x34x7,HONDA,Phụ tùng Honda tiêu chuẩn,44.000 ₫,1
91251KPH901,Phớt moay ơ trước 21x37x7,HONDA,Phụ tùng Honda tiêu chuẩn,13.000 ₫,11
91251KWB601,Phớt chắn bụi 42x54x7,HONDA,Phụ tùng Honda tiêu chuẩn,17.000 ₫,1
91251KZR601,Phớt chắn bụi,HONDA,Phụ tùng Honda tiêu chuẩn,28.000 ₫,16
91252KZR601,Phớt chắn bụi 25X40X5,HONDA,Phụ tùng Honda tiêu chuẩn,25.000 ₫,1
91253KZR601,Phớt chắn bụi 25X35X6,HONDA,Phụ tùng Honda tiêu chuẩn,24.000 ₫,2
91255KVB901,Phớt dầu 29X44X7,HONDA,Phụ tùng Honda tiêu chuẩn,22.000 ₫,1
91257GFM900,Phớt chắn bụi vành trước,HONDA,Phụ tùng Honda tiêu chuẩn,30.000 ₫,2
91258HB3003,Phớt chắn bụi 37x25x6,HONDA,Phụ tùng Honda tiêu chuẩn,30.000 ₫,3
91258KM1004,Phớt hộp bánh răng công tơ mét,HONDA,Phụ tùng Honda tiêu chuẩn,133.000 ₫,1
91259KM1003,Phớt chắn bụi 25x47x5,HONDA,Phụ tùng Honda tiêu chuẩn,24.000 ₫,2
91301035003,Phớt O 107x2,HONDA,Phụ tùng Honda tiêu chuẩn,22.000 ₫,10
91301GGLJ01,Phớt O 6.3x2.2,HONDA,Phụ tùng Honda tiêu chuẩn,42.000 ₫,1
91301GK4871,Phớt O 27x2,HONDA,Phụ tùng Honda tiêu chuẩn,14.000 ₫,1
91301K73V81,Phớt O 74.5X2.5,HONDA,Phụ tùng Honda tiêu chuẩn,21.000 ₫,7
91301KPH701,Vòng đệm cao su chữ O 7.3x2.2,HONDA,Phụ tùng Honda tiêu chuẩn,44.000 ₫,3
91302KEV900,"Phớt O nắp xu páp 30,8x3",HONDA,Phụ tùng Honda tiêu chuẩn,11.000 ₫,1
91302KWN900,Phớt O 34x2,HONDA,Phụ tùng Honda tiêu chuẩn,11.000 ₫,1
91303001000,Phớt O 8mm,HONDA,Phụ tùng Honda tiêu chuẩn,7.000 ₫,2
91303001010,Phớt O 8MM,HONDA,Phụ tùng Honda tiêu chuẩn,7.000 ₫,1
91303377000,Phớt O 13.8x2.5,HONDA,Phụ tùng Honda tiêu chuẩn,10.000 ₫,1
91304GB1900,"Phớt O 25x2,4",HONDA,Phụ tùng Honda tiêu chuẩn,14.000 ₫,1
91307035000,"Phớt O 25x2,4",HONDA,Phụ tùng Honda tiêu chuẩn,5.000 ₫,1
91308GFM900,Phớt O 25.5X1.9,HONDA,Phụ tùng Honda tiêu chuẩn,13.000 ₫,1
91308KRS920,Phớt O máy đề A,HONDA,Phụ tùng Honda tiêu chuẩn,11.000 ₫,3
91320MB0000,Phớt O,HONDA,Phụ tùng Honda tiêu chuẩn,5.000 ₫,1
91322K56N00,Phớt O 12.8x1.8,HONDA,Phụ tùng Honda tiêu chuẩn,248.000 ₫,1
91384KRJ901,Phớt O 38.8x1.9,HONDA,Phụ tùng Honda tiêu chuẩn,19.000 ₫,1
92101060120A,Bu lông 6x12,HONDA,Phụ tùng Honda tiêu chuẩn,8.000 ₫,1
92101060200A,Bu lông 6x20,HONDA,Phụ tùng Honda tiêu chuẩn,5.000 ₫,1
92101060220A,Bu lông 6x22,HONDA,Phụ tùng Honda tiêu chuẩn,8.000 ₫,1
92101060250A,Bu lông 6x25,HONDA,Phụ tùng Honda tiêu chuẩn,5.000 ₫,3
92101080200A,Bu lông 8x20,HONDA,Phụ tùng Honda tiêu chuẩn,8.000 ₫,1
92101080280A,Bu lông 8x28,HONDA,Phụ tùng Honda tiêu chuẩn,8.000 ₫,1
92101080350A,Bu lông 8x35,HONDA,Phụ tùng Honda tiêu chuẩn,8.000 ₫,1
92201060750A,Bu lông đầu có gờ 6x75,HONDA,Phụ tùng Honda tiêu chuẩn,13.000 ₫,4
92501080080A,Bu lông 8X8,HONDA,Phụ tùng Honda tiêu chuẩn,11.000 ₫,1
9280012000,Bu lông xả dầu 12mm,HONDA,Phụ tùng Honda tiêu chuẩn,10.000 ₫,3
934010601000,Bu lông có đệm 6x10,HONDA,Phụ tùng Honda tiêu chuẩn,7.000 ₫,1
934010601608,Bu lông có đệm 6x16,HONDA,Phụ tùng Honda tiêu chuẩn,5.000 ₫,4
934040501208,Bu lông có vòng đệm 5x12,HONDA,Phụ tùng Honda tiêu chuẩn,7.000 ₫,1
934040602000,Bu lông có đệm 6X20,HONDA,Phụ tùng Honda tiêu chuẩn,13.000 ₫,1
934110502500,Bu lông 5x25,HONDA,Phụ tùng Honda tiêu chuẩn,16.000 ₫,1
93500050064J,Vít 5x6,HONDA,Phụ tùng Honda tiêu chuẩn,13.000 ₫,2
93500050084J,Vít 5x8,HONDA,Phụ tùng Honda tiêu chuẩn,10.000 ₫,9
93600040121G,Vít nón 4x12,HONDA,Phụ tùng Honda tiêu chuẩn,5.000 ₫,1
93600060160A,Vít 6x16,HONDA,Phụ tùng Honda tiêu chuẩn,5.000 ₫,1
938910501007,Vít có đệm 5X10,HONDA,Phụ tùng Honda tiêu chuẩn,7.000 ₫,1
938910501607,Vít có đệm 5x16,HONDA,Phụ tùng Honda tiêu chuẩn,8.000 ₫,1
938940601608,VÍT ĐỆM 6X15,HONDA,Phụ tùng Honda tiêu chuẩn,7.000 ₫,4
9390124480,Vít tự ren 4X16,HONDA,Phụ tùng Honda tiêu chuẩn,5.000 ₫,1
9390124680,Vít tự ren 4x25,HONDA,Phụ tùng Honda tiêu chuẩn,8.000 ₫,1
9390125610,Vít tự ren 5x30,HONDA,Phụ tùng Honda tiêu chuẩn,10.000 ₫,2
9390322280,Vít tự ren 3x11,HONDA,Phụ tùng Honda tiêu chuẩn,10.000 ₫,1
9390324210,VÍT TỰ REN 4X10,HONDA,Phụ tùng Honda tiêu chuẩn,5.000 ₫,4
9390324310,Vít tự ren 4x12,HONDA,Phụ tùng Honda tiêu chuẩn,5.000 ₫,1
9390325380,Vít tự ren 5X16,HONDA,Phụ tùng Honda tiêu chuẩn,7.000 ₫,1
9390325410,Vít tự ren 5x20,HONDA,Phụ tùng Honda tiêu chuẩn,8.000 ₫,1
9390325480,Vít tự ren 5X20,HONDA,Phụ tùng Honda tiêu chuẩn,7.000 ₫,3
9390325510,Vít tự ren 5x25,HONDA,Phụ tùng Honda tiêu chuẩn,5.000 ₫,1
9390334310,Vít tự ren 4x12,HONDA,Phụ tùng Honda tiêu chuẩn,5.000 ₫,1
9390334480,Vít tự ren 4X16,HONDA,Phụ tùng Honda tiêu chuẩn,8.000 ₫,1
9390335310,Vít tự ren 5x16,HONDA,Phụ tùng Honda tiêu chuẩn,5.000 ₫,11
9390335380,Vít tự ren 5x16,HONDA,Phụ tùng Honda tiêu chuẩn,16.000 ₫,1
94001060000S,Ðai ốc 6mm,HONDA,Phụ tùng Honda tiêu chuẩn,4.000 ₫,3
94001060700S,Đai ốc 6mm,HONDA,Phụ tùng Honda tiêu chuẩn,5.000 ₫,1
94001080000S,Đai ốc 8mm,HONDA,Phụ tùng Honda tiêu chuẩn,4.000 ₫,1
94002100000S,Đai ốc 10mm,HONDA,Phụ tùng Honda tiêu chuẩn,5.000 ₫,1
9403008000,Đai ốc 8mm,HONDA,Phụ tùng Honda tiêu chuẩn,5.000 ₫,1
9403012200,Đai ốc 12MM,HONDA,Phụ tùng Honda tiêu chuẩn,11.000 ₫,1
9405004080,Đai ốc 4mm,HONDA,Phụ tùng Honda tiêu chuẩn,17.000 ₫,2
9405006000,Đai ốc 6mm,HONDA,Phụ tùng Honda tiêu chuẩn,7.000 ₫,1
9405008000,Đai ốc 8mm,HONDA,Phụ tùng Honda tiêu chuẩn,5.000 ₫,1
9405010000,Đai ốc 10mm,HONDA,Phụ tùng Honda tiêu chuẩn,7.000 ₫,1
9405012000,Đai ốc 12mm,HONDA,Phụ tùng Honda tiêu chuẩn,17.000 ₫,3
9410105000,Đệm phẳng 5mm,HONDA,Phụ tùng Honda tiêu chuẩn,5.000 ₫,7
9410106000,Đệm phẳng 6mm,HONDA,Phụ tùng Honda tiêu chuẩn,5.000 ₫,3
9410106700,Đệm phẳng 6mm,HONDA,Phụ tùng Honda tiêu chuẩn,5.000 ₫,2
9410108000,Đệm phẳng 8mm,HONDA,Phụ tùng Honda tiêu chuẩn,5.000 ₫,1
9410110000,Đệm phẳng 10mm,HONDA,Phụ tùng Honda tiêu chuẩn,5.000 ₫,2
9410208000,Đệm 8mm,HONDA,Phụ tùng Honda tiêu chuẩn,11.000 ₫,1
9410306000,Đệm phẳng 6mm,HONDA,Phụ tùng Honda tiêu chuẩn,5.000 ₫,1
9410308000,Đệm phẳng 8mm,HONDA,Phụ tùng Honda tiêu chuẩn,5.000 ₫,1
9410308200,Đệm phẳng 8mm,HONDA,Phụ tùng Honda tiêu chuẩn,7.000 ₫,3
9410912000,Đệm bu lông xả nhớt 12MM,HONDA,Ốc xả nhớt,7.000 ₫,5
9411105000,Đệm vênh 5mm,HONDA,Phụ tùng Honda tiêu chuẩn,8.000 ₫,9
9411108000,Đệm vênh 8mm,HONDA,Phụ tùng Honda tiêu chuẩn,14.000 ₫,4
9420116120,Chốt chẻ 1.6x12,HONDA,Phụ tùng Honda tiêu chuẩn,8.000 ₫,2
9420116150,Chốt chẻ 1.6x15,HONDA,Phụ tùng Honda tiêu chuẩn,5.000 ₫,2
9420120150,Chốt chẻ 2.0x15,HONDA,Phụ tùng Honda tiêu chuẩn,7.000 ₫,1
9420130250,Chốt chẻ 3x25,HONDA,Phụ tùng Honda tiêu chuẩn,13.000 ₫,1
9420130300,Chốt chẻ 3.0x30,HONDA,Phụ tùng Honda tiêu chuẩn,8.000 ₫,4
9451115000,Phanh cài ngoài 15MM,HONDA,Phụ tùng Honda tiêu chuẩn,11.000 ₫,1
9454004018,Phanh cài 4mm,HONDA,Phụ tùng Honda tiêu chuẩn,13.000 ₫,1
9500202100,Kẹp ống dẫn xăng B10,HONDA,Phụ tùng Honda tiêu chuẩn,5.000 ₫,1
9500202130,Kẹp ống B12.5,HONDA,Phụ tùng Honda tiêu chuẩn,8.000 ₫,1
9500280000,Kẹp ống C12,HONDA,Phụ tùng Honda tiêu chuẩn,10.000 ₫,1
950032303031,Ống nhựa vinyl 8x12x300,HONDA,Phụ tùng Honda tiêu chuẩn,77.000 ₫,1
950055537020,Ống 5.5x370,HONDA,Phụ tùng Honda tiêu chuẩn,30.000 ₫,1
9501471102,Lò xo chân chống đứng,HONDA,Phụ tùng Honda tiêu chuẩn,17.000 ₫,1
9501471402,Lò xo chân chống đứng,HONDA,Phụ tùng Honda tiêu chuẩn,22.000 ₫,1
9501472102,Lò xo a chân chống bên,HONDA,Phụ tùng Honda tiêu chuẩn,13.000 ₫,1
9501473100,Lò xo cần phanh sau,HONDA,Phụ tùng Honda tiêu chuẩn,5.000 ₫,1
9501531001,Khớp nối A cần phanh,HONDA,Phụ tùng Honda tiêu chuẩn,10.000 ₫,2
9501581000,Chốt A thanh để chân,HONDA,Phụ tùng Honda tiêu chuẩn,10.000 ₫,1
9501583000,Chốt thanh để chân sau,HONDA,Phụ tùng Honda tiêu chuẩn,7.000 ₫,2
957010601602,Bu lông 6x16,HONDA,Phụ tùng Honda tiêu chuẩn,11.000 ₫,1
957010601608,Bu lông 6X16,HONDA,Phụ tùng Honda tiêu chuẩn,5.000 ₫,1
957010601800,Bu lông 6x18,HONDA,Phụ tùng Honda tiêu chuẩn,5.000 ₫,2
957010602500,Bu lông 6x25,HONDA,Phụ tùng Honda tiêu chuẩn,5.000 ₫,1
957010602800,Bu lông 6x28,HONDA,Phụ tùng Honda tiêu chuẩn,7.000 ₫,6
957010603000,Bu lông 6X30,HONDA,Phụ tùng Honda tiêu chuẩn,7.000 ₫,1
957010603500,Bu lông 6x35,HONDA,Phụ tùng Honda tiêu chuẩn,8.000 ₫,1
957010603800,Bu lông 6X38,HONDA,Phụ tùng Honda tiêu chuẩn,8.000 ₫,1
957010604000,Bu lông 6X40,HONDA,Phụ tùng Honda tiêu chuẩn,8.000 ₫,8
957010606500,Bu lông 6x65,HONDA,Phụ tùng Honda tiêu chuẩn,10.000 ₫,1
957010608000,Bu lông 6X80,HONDA,Phụ tùng Honda tiêu chuẩn,7.000 ₫,2
957010611000,Bu lông 6x110,HONDA,Phụ tùng Honda tiêu chuẩn,11.000 ₫,1
957010611500,Bu lông 6X115,HONDA,Phụ tùng Honda tiêu chuẩn,10.000 ₫,1
957010613000,Bu lông 6x130,HONDA,Phụ tùng Honda tiêu chuẩn,19.000 ₫,1
957010802000,Bu lông 8x20,HONDA,Phụ tùng Honda tiêu chuẩn,5.000 ₫,1
957010802500,Bu lông 8x25,HONDA,Phụ tùng Honda tiêu chuẩn,7.000 ₫,1
957010802800,BU LÔNG 8X28,HONDA,Phụ tùng Honda tiêu chuẩn,13.000 ₫,2
957010803200,BU LÔNG 8X32,HONDA,Phụ tùng Honda tiêu chuẩn,8.000 ₫,4
957010803500,Bu lông 8x35,HONDA,Phụ tùng Honda tiêu chuẩn,10.000 ₫,4
957010804000,Bu lông 8x40,HONDA,Phụ tùng Honda tiêu chuẩn,10.000 ₫,1
957010804500,Bu lông 8x45,HONDA,Phụ tùng Honda tiêu chuẩn,10.000 ₫,1
957010805500,Bu lông 8x55,HONDA,Phụ tùng Honda tiêu chuẩn,14.000 ₫,1
957010806000,Bu lông 8x60,HONDA,Phụ tùng Honda tiêu chuẩn,10.000 ₫,1
957010806500,Bu lông 8x65,HONDA,Phụ tùng Honda tiêu chuẩn,10.000 ₫,5
957011004000,Bu lông 10x40,HONDA,Phụ tùng Honda tiêu chuẩn,13.000 ₫,1
957011006507,Bu lông 10x65,HONDA,Phụ tùng Honda tiêu chuẩn,24.000 ₫,1
958010805002,Bu lông 8x50,HONDA,Phụ tùng Honda tiêu chuẩn,13.000 ₫,1
958010810002,Bu lông 8x100,HONDA,Phụ tùng Honda tiêu chuẩn,24.000 ₫,2
958011003500,Bu lông 10x35,HONDA,Phụ tùng Honda tiêu chuẩn,10.000 ₫,1
958011004500,Bu lông 10x45,HONDA,Phụ tùng Honda tiêu chuẩn,11.000 ₫,2
958011005500,Bu lông 10x55,HONDA,Phụ tùng Honda tiêu chuẩn,24.000 ₫,1
960010601200,Bu lông 6x12,HONDA,Phụ tùng Honda tiêu chuẩn,7.000 ₫,1
960010601600,Bu lông 6x16,HONDA,Phụ tùng Honda tiêu chuẩn,5.000 ₫,1
960010602000,Bu lông 6x20,HONDA,Phụ tùng Honda tiêu chuẩn,5.000 ₫,4
960010602200,Bu lông 6x22,HONDA,Phụ tùng Honda tiêu chuẩn,5.000 ₫,1
960010602500,Bu lông 6x25,HONDA,Phụ tùng Honda tiêu chuẩn,5.000 ₫,1
960010602507,Bu lông 6X25,HONDA,Phụ tùng Honda tiêu chuẩn,8.000 ₫,1
960010602800,Bu lông 6x28,HONDA,Phụ tùng Honda tiêu chuẩn,7.000 ₫,1
960010603500,Bu lông 6x35,HONDA,Phụ tùng Honda tiêu chuẩn,5.000 ₫,4
960010604000,Bu lông 6x40,HONDA,Phụ tùng Honda tiêu chuẩn,5.000 ₫,10
960010604500,Bu lông 6x45,HONDA,Phụ tùng Honda tiêu chuẩn,7.000 ₫,1
960010606500,Bu lông 6x65,HONDA,Phụ tùng Honda tiêu chuẩn,7.000 ₫,1
960010608000,Bu lông 6x80,HONDA,Phụ tùng Honda tiêu chuẩn,7.000 ₫,1
960010608500,Bu lông 6X85,HONDA,Phụ tùng Honda tiêu chuẩn,8.000 ₫,1
961006000000,Vòng bi 6000,HONDA,Phụ tùng Honda tiêu chuẩn,145.000 ₫,1
961006001000,Vòng bi 6001 (china),HONDA,Phụ tùng Honda tiêu chuẩn,34.000 ₫,2
961006200000,Vòng bi 6200 (china),HONDA,Phụ tùng Honda tiêu chuẩn,31.000 ₫,1
961006201000,Vòng bi 6201 (china),HONDA,Phụ tùng Honda tiêu chuẩn,31.000 ₫,1
961006202000,Vòng bi 6202 (china),HONDA,Phụ tùng Honda tiêu chuẩn,87.000 ₫,1
961006203000,Vòng bi 6203 (NACHI) (Thái),HONDA,Phụ tùng Honda tiêu chuẩn,39.000 ₫,1
961006301000,Vòng bi 6301 (NACHI) (Thái),HONDA,Phụ tùng Honda tiêu chuẩn,85.000 ₫,2
961006302000,Vòng bi 6302 (NACHI) (Thái),HONDA,Phụ tùng Honda tiêu chuẩn,104.000 ₫,2
961406201010,Vòng bi 6201 (NACHI) (Thái),HONDA,Phụ tùng Honda tiêu chuẩn,50.000 ₫,10
961406301000,Vòng bi 6301 (china),HONDA,Phụ tùng Honda tiêu chuẩn,62.000 ₫,1
961406301010,Vòng bi 6301 (china) (1 mặt chắn bụi),HONDA,Phụ tùng Honda tiêu chuẩn,64.000 ₫,11
961506201010,Vòng bi 6201 (NACHI) (Thái),HONDA,Phụ tùng Honda tiêu chuẩn,67.000 ₫,16
961506301010,Vòng bi 6301 (NACHI) (Thái),HONDA,Phụ tùng Honda tiêu chuẩn,102.000 ₫,1
9621108000,Bi thép 8mm,HONDA,Phụ tùng Honda tiêu chuẩn,7.000 ₫,2
9717221157F0,"Nan hoa 12x158,5(trong)",HONDA,Phụ tùng Honda tiêu chuẩn,8.000 ₫,1
9722431156K0,Nan hoa trong A11x158,HONDA,Phụ tùng Honda tiêu chuẩn,7.000 ₫,18
9728031207F0,"Nan hoa trước,trong A11x183,5",HONDA,Phụ tùng Honda tiêu chuẩn,10.000 ₫,21
9728241154P0,Nan hoa A10x157(trong),HONDA,Phụ tùng Honda tiêu chuẩn,8.000 ₫,18
9755031206F0,"Nan hoa trước,ngoài A11x182",HONDA,Phụ tùng Honda tiêu chuẩn,8.000 ₫,38
9755031209K0,"Nan hoa trước,ngoài A11x184.5",HONDA,Phụ tùng Honda tiêu chuẩn,7.000 ₫,33
9757431155K0,Nan hoa ngoài A11x157.5,HONDA,Phụ tùng Honda tiêu chuẩn,7.000 ₫,18
9760421157F0,"Nan hoa A10x158,5(ngoài)",HONDA,Phụ tùng Honda tiêu chuẩn,8.000 ₫,1
9805656713,BUGI (C6HSA)(NGK),HONDA,BUZI,57.000 ₫,3
9805656723,BUGI (U20FSU)(DENSO),HONDA,BUZI,48.000 ₫,1
9805657713,BUGI (C7HSA)(NGK),HONDA,BUZI,57.000 ₫,1
9805957916,Bugi (CR7EH9)(NGK),HONDA,BUZI,85.000 ₫,1
9805957926,Bugi (U22FER9)(DENSO),HONDA,BUZI,113.000 ₫,1
9805958926,Bugi DENSO (U24FER9)(DENSO),HONDA,BUZI,113.000 ₫,1
9820011000,Cầu chì 10A,HONDA,Phụ tùng Honda tiêu chuẩn,11.000 ₫,1
9820041000,Cầu chì 10A,HONDA,Phụ tùng Honda tiêu chuẩn,10.000 ₫,5
APK3618318TB,Ốp bảo vệ ống xả (đỏ),HONDA,Phụ kiện hãng,466.000 ₫,1
APK3667100ZA,Kính chắn gió,HONDA,Phụ kiện hãng,1.527.000 ₫,1
APMKGAH19010TA,Ốp két tản nhiệt (Bạc),HONDA,Phụ kiện hãng,2.436.000 ₫,1
CP003K44V00,Bộ Bugi - Nắp chụp Bugi - Lọc gió (K44),HONDA,Phụ Tùng Bộ,247.000 ₫,2
CP010K66900,Bộ má phanh trước - sau (K66),HONDA,Phụ Tùng Bộ,304.000 ₫,1
CP013K77V00,Bộ Lọc gió - Bugi (K77 K78),HONDA,Phụ Tùng Bộ,213.000 ₫,1
CP014K66900,Bộ Lọc gió - Bugi (K66),HONDA,Phụ Tùng Bộ,170.000 ₫,1
CP015K44V00,Bộ Lọc gió - Bugi (K44),HONDA,Phụ Tùng Bộ,185.000 ₫,3
CP016K89B20,Bộ Lọc gió - Bugi (K89),HONDA,Phụ Tùng Bộ,121.000 ₫,1
CP017K44V01,Bộ Dây đai - Bi văng - Kẹp trượt (K44),HONDA,Phụ Tùng Bộ,698.000 ₫,1
CP018K66V01,Bộ Dây đai - Bi văng - Kẹp trượt (K66),HONDA,Phụ Tùng Bộ,586.000 ₫,1
CP019K12V01,Bộ Dây đai - Bi văng - Kẹp trượt (K12),HONDA,Phụ Tùng Bộ,626.000 ₫,1
E11341K66A2,Ốp vỏ máy (màu đỏ),HONDA,Phụ kiện hãng,332.000 ₫,1
E17231KWNA02,Ốp bầu lọc gió loại A (đỏ),HONDA,Phụ kiện hãng,483.000 ₫,2
E19150K66A02,Ốp két tản nhiệt (màu đỏ),HONDA,Phụ kiện hãng,483.000 ₫,1
E35111K56A2,Ốp ổ khóa (đỏ),HONDA,Phụ kiện hãng,73.000 ₫,1
E35111K56A3,Ốp ổ khóa (vàng ánh kim),HONDA,Phụ kiện hãng,73.000 ₫,1
E35111K66A2,Ốp ổ khóa (màu đỏ),HONDA,Phụ kiện hãng,318.000 ₫,1
E50642K56A3,Tấm chắn bảo vệ gót chân (vàng ánh kim),HONDA,Phụ kiện hãng,179.000 ₫,2
E80102K66T1,Ốp két nước (màu bạc),HONDA,Phụ kiện hãng,127.000 ₫,1
EC45513HA2A14,Chụp dầu phanh loại A (bạc),HONDA,Phụ kiện hãng,241.000 ₫,1
EC46505KZZA2,Điều chỉnh phanh (đỏ),HONDA,Phụ kiện hãng,356.000 ₫,1
EC46505KZZA3,Điều chỉnh phanh (vàng ánh kim),HONDA,Phụ kiện hãng,107.000 ₫,1
EC90080KZVA2,Ốc trang trí lốc máy (đỏ),HONDA,Phụ kiện hãng,163.000 ₫,1
EC90080KZVA3,Ốc trang trí lốc máy (vàng ánh kim),HONDA,Phụ kiện hãng,543.000 ₫,1
ED53104K04A3,Đối trọng tay lái (vàng ánh kim),HONDA,Phụ kiện hãng,300.000 ₫,1
EE183K35S30,Ống pô xe (màu rainbow),HONDA,Phụ kiện hãng,3.807.000 ₫,2
EE643K35C2,Lót để chân C (đỏ),HONDA,Phụ kiện hãng,466.000 ₫,1
EF113K56A3,Bảo vệ nhông trước (vàng ánh kim),HONDA,Phụ kiện hãng,595.000 ₫,2
EF156K56A2,Que thăm dầu (đỏ),HONDA,Phụ kiện hãng,300.000 ₫,1
EF156K56A3,Que thăm dầu (vàng ánh kim),HONDA,Phụ kiện hãng,300.000 ₫,1
EF405K56A2,Nắp chụp đuôi gắp sau (đỏ),HONDA,Phụ kiện hãng,161.000 ₫,1
EF405K56A3,Nắp chụp đuôi gắp sau (vàng ánh kim),HONDA,Phụ kiện hãng,161.000 ₫,1
EF451K56A3,Kẹp bảo vệ dây phanh trước (vàng ánh kim,HONDA,Phụ kiện hãng,649.000 ₫,2
EF451K66A20,Kẹp bảo vệ dây phanh trước (màu đỏ),HONDA,Phụ kiện hãng,610.000 ₫,1
EF455K56A3,Nắp chụp dầu phanh (vàng ánh kim),HONDA,Phụ kiện hãng,216.000 ₫,1
EF507K56A3,Gác để chân sau (vàng ánh kim),HONDA,Phụ kiện hãng,941.000 ₫,1
EF507K66A20,Gác để chân sau (màu đỏ),HONDA,Phụ kiện hãng,496.000 ₫,1
EF531K66A20,Đối trọng tay lái (màu đỏ),HONDA,Phụ kiện hãng,172.000 ₫,1
EF537K56A3,Tay phanh (vàng ánh kim),HONDA,Phụ kiện hãng,777.000 ₫,1
EF537K66A20,Tay phanh (màu đỏ),HONDA,Phụ kiện hãng,699.000 ₫,1
EF611K56A2,Bộ bảo vệ chắn bùn trước (đỏ),HONDA,Phụ kiện hãng,472.000 ₫,1
EF611K56A3,Bộ bảo vệ chắn bùn trước (vàng ánh kim),HONDA,Phụ kiện hãng,472.000 ₫,1
EF643K66A20,Lót để chân (màu đỏ),HONDA,Phụ kiện hãng,891.000 ₫,1
EF903K56A2,Chống đổ sau (đỏ),HONDA,Phụ kiện hãng,300.000 ₫,1
EF903K56A3,Chống đổ sau (vàng ánh kim),HONDA,Phụ kiện hãng,300.000 ₫,1
EF950K66A20,Điều chỉnh phanh (màu đỏ),HONDA,Phụ kiện hãng,266.000 ₫,2
H0640KFL890,Bộ nhông xích future 1,HONDA,Nhông tải,244.000 ₫,1
H0640KTL640,Bộ nhông xích wave rssxvalpha,HONDA,Nhông tải,222.000 ₫,5
H0640KWWY10,Bộ nhông xích WAEVE 110,HONDA,Nhông tải,228.000 ₫,3
H9920K35V00,Gioăng vòng đệm (đỏ),HONDA,Phụ kiện hãng,725.000 ₫,1
HLSACK0RAESP02,Ốp bầu lọc gió (chrome),HONDA,Phụ kiện hãng,236.000 ₫,1
HLSACK0RAESP04,Ốp bầu lọc gió (carbon),HONDA,Phụ kiện hãng,236.000 ₫,1
HLSACK0RAFFC02,Ốp chắn bùn trước (chrome),HONDA,Phụ kiện hãng,71.000 ₫,1
HLSACK0RAFFC04,Ốp chắn bùn trước (carbon),HONDA,Phụ kiện hãng,71.000 ₫,1
HLSACK0RAFLP02,Thảm lót chân (chrome),HONDA,Phụ kiện hãng,383.000 ₫,1
HLSACK0RAFLP04,Thảm lót chân (carbon),HONDA,Phụ kiện hãng,383.000 ₫,1
HLSACK0RAFRC02,Ốp mặt nạ trước (chrome),HONDA,Phụ kiện hãng,286.000 ₫,1
HLSACK0RAFRC04,Ốp mặt nạ trước (carbon),HONDA,Phụ kiện hãng,286.000 ₫,1
HLSACK0RAGBC02,Ốp tay dắt sau (chrome),HONDA,Phụ kiện hãng,297.000 ₫,1
HLSACK0RAGBC04,Ốp tay dắt sau (carbon),HONDA,Phụ kiện hãng,297.000 ₫,1
HLSACK0RALLC02,Ốp đèn soi biển số (chrome),HONDA,Phụ kiện hãng,139.000 ₫,1
HLSACK0RALLC04,Ốp đèn soi biển số (carbon),HONDA,Phụ kiện hãng,139.000 ₫,1
HLSACK0RAMFC02,Ốp pô (chrome),HONDA,Phụ kiện hãng,258.000 ₫,1
HLSACK0RAMFC04,Ốp pô (carbon),HONDA,Phụ kiện hãng,258.000 ₫,1
HLSACK0RAMTV02,Chắn gió mặt đồng hồ (chrome),HONDA,Phụ kiện hãng,157.000 ₫,1
HLSACK0RAMTV04,Chắn gió mặt đồng hồ (carbon),HONDA,Phụ kiện hãng,157.000 ₫,1
HLSACK0RAPSC02,Ốp gác chân sau (chrome),HONDA,Phụ kiện hãng,146.000 ₫,1
HLSACK0RAPSC04,Ốp gác chân sau (carbon),HONDA,Phụ kiện hãng,146.000 ₫,1
HLSACK0RARDC02,Ốp két tản nhiệt (chrome),HONDA,Phụ kiện hãng,204.000 ₫,1
HLSACK0RARDC04,Ốp két tản nhiệt (carbon),HONDA,Phụ kiện hãng,204.000 ₫,1
HLSACK0RARFC02,Ốp chắn bùn sau (chrome),HONDA,Phụ kiện hãng,71.000 ₫,1
HLSACK0RARFC04,Ốp chắn bùn sau (carbon),HONDA,Phụ kiện hãng,71.000 ₫,1
HLSACK1NAESP04,Ốp bầu lọc gió (carbon),HONDA,Phụ kiện hãng,189.000 ₫,1
HLSACK1NAMFC02,Ốp pô (chrome),HONDA,Phụ kiện hãng,226.000 ₫,1
HLSACK1NARDC04,Ốp két tản nhiệt (carbon),HONDA,Phụ kiện hãng,184.000 ₫,1
JDHAN88210B01,Gương chiếu hậu (đỏ/đen),HONDA,Phụ kiện hãng,2.201.000 ₫,1
JDHAN88210B03,Gương chiếuu hậu (mekki/đen),HONDA,Phụ kiện hãng,2.137.000 ₫,1
JDKWN52400A01,Giảm xóc (đen/trắng),HONDA,Phụ kiện hãng,638.000 ₫,1
JF531K20S02,Tay phanh (đỏ),HONDA,Phụ kiện hãng,1.654.000 ₫,1
NCISTRK0RAOP1T3,Bộ tem trang trí SH125/150 (cam) OP1T3,HONDA,Phụ kiện hãng,307.000 ₫,1
NCISTRK12OP1T2,Bộ tem trang trí Lead OP1T2,HONDA,Phụ kiện hãng,220.000 ₫,1
NCISTRK12OP2T1,Bộ tem trang trí Lead OP2T1,HONDA,Phụ kiện hãng,261.000 ₫,1
NCISTRK12OP2T2,Bộ tem trang trí Lead OP2T2,HONDA,Phụ kiện hãng,261.000 ₫,1
NCISTRK12OP2T3,Bộ tem trang trí Lead OP2T3,HONDA,Phụ kiện hãng,261.000 ₫,1
NCISTRK29OP2T3,Bộ tem trang trí SH mode OP2T3,HONDA,Phụ kiện hãng,260.000 ₫,3
NCISTRK44OP1T2,Bộ tem trang trí Vision OP1T2,HONDA,Phụ kiện hãng,255.000 ₫,2
NCISTRK44OP3T1,Bộ tem trang trí Vision OP3T1,HONDA,Phụ kiện hãng,228.000 ₫,1
NCISTRK44OP4T1,Bộ Tem Trang Trí Vision OP4T1,HONDA,Phụ kiện hãng,228.000 ₫,2
NCISTRK77OP1T1,Bộ tem trang trí SH OP1T1,HONDA,Phụ kiện hãng,300.000 ₫,2
NCISTRK77OP1T2,Bộ tem trang trí SH OP1T2,HONDA,Phụ kiện hãng,300.000 ₫,3
NCISTRK77OP1T3,Bộ tem trang trí SH OP1T3,HONDA,Phụ kiện hãng,300.000 ₫,1
NCISTRK77OP1T4,Bộ tem trang trí SH OP1T4,HONDA,Phụ kiện hãng,300.000 ₫,2
NEXACK44ESP02,Ốp bầu lọc gió (Chrome),HONDA,Phụ kiện hãng,255.000 ₫,1
NEXACK44FLP02,Thảm lót chân (Chrome),HONDA,Phụ kiện hãng,605.000 ₫,1
NEXACK44FRC02,Ốp thân trước (Chrome),HONDA,Phụ kiện hãng,478.000 ₫,1
NEXACK44HLC02,Ốp đèn pha (Chrome),HONDA,Phụ kiện hãng,153.000 ₫,2
NEXACK44MFC02,Ốp ống xả (Chrome),HONDA,Phụ kiện hãng,255.000 ₫,1
NEXACK44WKC02,Ốp xi nhan trước (Chrome),HONDA,Phụ kiện hãng,172.000 ₫,2
QANACCK56SBR04,Ốp hông xe phải (Carbon),HONDA,Phụ kiện hãng,107.000 ₫,1
TENACCK56SBL04,Ốp hông xe trái (Carbon),HONDA,Phụ kiện hãng,102.000 ₫,1
UNIACK1FAESP02,Ốp bầu lọc gió (chome),HONDA,Phụ kiện hãng,194.000 ₫,3
UNIACK1FAESP04,Ốp bầu lọc gió (carbon),HONDA,Phụ kiện hãng,194.000 ₫,3
UNIACK1FAFFC02,Ốp chắn bùn trước (chrome),HONDA,Phụ kiện hãng,49.000 ₫,3
UNIACK1FAFFC04,Ốp chắn bùn trước (carbon),HONDA,Phụ kiện hãng,49.000 ₫,3
UNIACK1FAFLP02,Thảm lót chân (chome),HONDA,Phụ kiện hãng,280.000 ₫,3
UNIACK1FAFLP04,Thảm lót chân (carbon),HONDA,Phụ kiện hãng,280.000 ₫,1
UNIACK1FAFRC02,Ốp mặt nạ trước (chrome),HONDA,Phụ kiện hãng,184.000 ₫,3
UNIACK1FAFRC04,Ốp mặt nạ trước (carbon),HONDA,Phụ kiện hãng,184.000 ₫,3
UNIACK1FAGBC02,Ốp tay dắt sau (chrome),HONDA,Phụ kiện hãng,173.000 ₫,3
UNIACK1FAGBC04,Ốp tay dắt sau (carbon),HONDA,Phụ kiện hãng,173.000 ₫,3
UNIACK1FAMFC02,Ốp pô (chrome),HONDA,Phụ kiện hãng,227.000 ₫,1
UNIACK1FAMFC04,Ốp pô (carbon),HONDA,Phụ kiện hãng,227.000 ₫,2
UNIACK1FAMTV02,Chắn gió mặt đồng hồ (chrome),HONDA,Phụ kiện hãng,135.000 ₫,3
UNIACK1FAMTV04,Chắn gió mặt đồng hồ (carbon),HONDA,Phụ kiện hãng,135.000 ₫,3
UNIACK1FARDC02,Ốp két tản nhiệt (chrome),HONDA,Phụ kiện hãng,194.000 ₫,3
UNIACK1FARDC04,Ốp két tản nhiệt (carbon),HONDA,Phụ kiện hãng,194.000 ₫,3
UNIACK1FARFC02,Ốp chắn bùn sau (chrome),HONDA,Phụ kiện hãng,71.000 ₫,3
UNIACK1FARFC04,Ốp chắn bùn sau (carbon),HONDA,Phụ kiện hãng,71.000 ₫,3
UNIACK1FARTC02,Ốp két nước (chrome),HONDA,Phụ kiện hãng,97.000 ₫,3
UNIACK1FARTC04,Ốp két nước (carbon),HONDA,Phụ kiện hãng,97.000 ₫,3
UNIACK2CAFLP02,Thảm lót chân (chrome),HONDA,Phụ kiện hãng,333.000 ₫,1
UNIACK2CAFLP04,Thảm lót chân (carbon),HONDA,Phụ kiện hãng,333.000 ₫,1
UNIACK2CAGBC02,Ốp tay dắt sau (chrome),HONDA,Phụ kiện hãng,275.000 ₫,1
UNIACK2CALLC02,Ốp đèn soi biển số (chrome),HONDA,Phụ kiện hãng,140.000 ₫,1
UNIACK2CAMTV02,Chắn gió mặt đồng hồ (chrome),HONDA,Phụ kiện hãng,178.000 ₫,1
UNIACK56MCR03,Gác baga (bạc),HONDA,Phụ kiện hãng,233.000 ₫,1
UNIACK56MFC04,Ốp pô (carbon),HONDA,Phụ kiện hãng,193.000 ₫,1
UNIACK56RIF01,Chắn bùn trong (đen),HONDA,Phụ kiện hãng,111.000 ₫,4
UNIACK56SEC04,Ốp thân máy trái phải (carbon),HONDA,Phụ kiện hãng,380.000 ₫,2
UNIACK56SMC04,Ốp mặt đồng hồ (carbon),HONDA,Phụ kiện hãng,117.000 ₫,1